{"type":"FeatureCollection","meta":{"yearFrom":2000,"yearTo":2022,"source":"GLC-FCS30D at 30 m, district tables from pakistan-lulc-carbon","boundaries":"geoBoundaries gbOpen PAK ADM2 (public domain)","districtsWithData":116,"districtsTotal":126,"areaCoveredPct":85.2,"noDataNote":"Gilgit-Baltistan is carried as one territory in the source tables, so its districts are drawn without a value."},"features":[{"type":"Feature","properties":{"name":"Khuzdar","province":"Balochistan","areaHa":3098385.3,"builtupPct":0.5,"builtupGainHa":1398.7,"vegChangeHa":47729.2,"netMgC":2069942.7,"netMgCPerHa":0.6681},"geometry":{"type":"Polygon","coordinates":[[[67.243,27.438],[67.26,27.462],[67.289,27.484],[67.31,27.511],[67.322,27.552],[67.342,27.566],[67.358,27.588],[67.38,27.635],[67.402,27.643],[67.428,27.68],[67.428,27.724],[67.429,27.745],[67.452,27.75],[67.464,27.833],[67.469,27.835],[67.461,27.854],[67.456,27.877],[67.452,27.917],[67.445,28.043],[67.443,28.136],[67.45,28.167],[67.445,28.192],[67.426,28.229],[67.427,28.252],[67.416,28.268],[67.408,28.287],[67.38,28.308],[67.368,28.324],[67.351,28.328],[67.284,28.332],[67.247,28.338],[67.236,28.356],[67.241,28.401],[67.239,28.456],[67.244,28.494],[67.259,28.501],[67.268,28.569],[67.277,28.592],[67.292,28.605],[67.3,28.625],[67.303,28.641],[67.316,28.654],[67.314,28.684],[67.31,28.704],[67.3,28.716],[67.299,28.741],[67.294,28.78],[67.294,28.785],[67.293,28.785],[67.17,28.786],[66.976,28.786],[66.903,28.781],[66.874,28.77],[66.853,28.754],[66.828,28.731],[66.805,28.704],[66.79,28.67],[66.774,28.657],[66.764,28.632],[66.761,28.616],[66.754,28.61],[66.744,28.604],[66.726,28.57],[66.713,28.558],[66.699,28.541],[66.681,28.532],[66.634,28.527],[66.616,28.527],[66.593,28.525],[66.58,28.515],[66.567,28.484],[66.535,28.463],[66.515,28.438],[66.5,28.399],[66.5,28.376],[66.504,28.349],[66.52,28.33],[66.563,28.289],[66.592,28.265],[66.605,28.237],[66.598,28.194],[66.588,28.153],[66.581,28.14],[66.562,28.137],[66.553,28.124],[66.538,28.113],[66.518,28.109],[66.507,28.098],[66.497,28.091],[66.474,28.083],[66.459,28.069],[66.418,28.058],[66.402,28.043],[66.385,28.032],[66.362,28.017],[66.344,28.01],[66.298,27.975],[66.26,27.959],[66.238,27.946],[66.211,27.924],[66.167,27.918],[66.116,27.918],[66.079,27.922],[66.046,27.925],[66.044,27.921],[66.025,27.919],[65.998,27.904],[65.98,27.891],[65.972,27.859],[65.956,27.829],[65.938,27.815],[65.911,27.799],[65.883,27.789],[65.862,27.773],[65.841,27.753],[65.831,27.723],[65.828,27.696],[65.804,27.674],[65.777,27.659],[65.766,27.63],[65.746,27.616],[65.744,27.535],[65.75,27.504],[65.746,27.471],[65.72,27.45],[65.694,27.441],[65.675,27.424],[65.655,27.393],[65.673,27.386],[65.705,27.381],[65.776,27.38],[65.787,27.377],[65.804,27.361],[65.814,27.357],[65.821,27.351],[65.835,27.337],[65.854,27.328],[65.875,27.309],[65.892,27.283],[65.905,27.282],[65.912,27.276],[65.915,27.261],[65.94,27.233],[65.943,27.217],[65.942,27.197],[65.944,27.156],[65.95,27.14],[65.959,27.134],[65.97,27.118],[65.984,27.113],[66.037,27.113],[66.047,27.115],[66.057,27.13],[66.078,27.138],[66.083,27.145],[66.09,27.157],[66.102,27.158],[66.112,27.15],[66.118,27.128],[66.123,27.116],[66.125,27.092],[66.123,27.041],[66.117,27.024],[66.115,26.959],[66.111,26.935],[66.101,26.904],[66.087,26.892],[66.08,26.861],[66.078,26.834],[66.079,26.801],[66.071,26.774],[66.06,26.761],[66.05,26.746],[66.05,26.726],[66.046,26.711],[66.037,26.699],[66.03,26.685],[66.022,26.634],[66.017,26.615],[66.004,26.603],[66.001,26.553],[66.002,26.519],[66.006,26.504],[66.027,26.48],[66.031,26.459],[66.038,26.446],[66.055,26.424],[66.082,26.399],[66.086,26.39],[66.097,26.375],[66.121,26.354],[66.132,26.353],[66.146,26.355],[66.154,26.366],[66.159,26.375],[66.163,26.389],[66.166,26.417],[66.167,26.445],[66.167,26.474],[66.179,26.488],[66.19,26.495],[66.199,26.519],[66.215,26.53],[66.239,26.538],[66.251,26.536],[66.269,26.52],[66.279,26.515],[66.285,26.502],[66.29,26.469],[66.29,26.468],[66.337,26.462],[66.389,26.431],[66.394,26.42],[66.445,26.417],[66.456,26.419],[66.48,26.404],[66.493,26.399],[66.519,26.404],[66.527,26.408],[66.542,26.42],[66.561,26.425],[66.584,26.425],[66.604,26.414],[66.609,26.41],[66.625,26.401],[66.645,26.398],[66.73,26.399],[66.752,26.41],[66.756,26.425],[66.778,26.435],[66.793,26.426],[66.798,26.411],[66.799,26.383],[66.803,26.362],[66.806,26.298],[66.816,26.277],[66.826,26.273],[66.84,26.264],[66.845,26.248],[66.86,26.241],[66.87,26.232],[66.873,26.209],[66.873,26.193],[66.877,26.184],[66.895,26.162],[66.897,26.152],[66.897,26.108],[66.899,26.093],[66.912,26.076],[66.922,26.051],[66.926,26.039],[66.927,26.014],[66.934,25.993],[66.949,25.968],[66.954,25.943],[66.978,25.91],[66.983,25.892],[66.986,25.839],[67.011,25.804],[67.016,25.756],[67.018,25.715],[67.047,25.7],[67.111,25.7],[67.127,25.703],[67.143,25.709],[67.153,25.721],[67.153,25.747],[67.158,25.768],[67.169,25.783],[67.178,25.84],[67.18,25.875],[67.18,25.924],[67.178,25.954],[67.181,26.034],[67.183,26.046],[67.2,26.075],[67.21,26.101],[67.213,26.135],[67.201,26.196],[67.18,26.221],[67.159,26.238],[67.138,26.251],[67.127,26.276],[67.122,26.297],[67.124,26.319],[67.097,26.35],[67.079,26.401],[67.069,26.402],[67.06,26.422],[67.04,26.438],[67.037,26.459],[67.006,26.464],[67.003,26.485],[67.01,26.509],[67.062,26.529],[67.084,26.542],[67.092,26.551],[67.109,26.556],[67.119,26.565],[67.134,26.584],[67.153,26.595],[67.175,26.599],[67.175,26.621],[67.184,26.645],[67.198,26.665],[67.203,26.71],[67.201,26.75],[67.203,26.876],[67.203,26.876],[67.182,26.877],[67.171,26.886],[67.158,26.894],[67.139,26.903],[67.125,26.911],[67.117,26.928],[67.116,26.989],[67.107,27.026],[67.107,27.118],[67.105,27.195],[67.11,27.251],[67.103,27.319],[67.095,27.338],[67.093,27.37],[67.089,27.384],[67.06,27.409],[67.044,27.417],[67.026,27.42],[67.009,27.421],[66.993,27.427],[66.977,27.445],[66.957,27.453],[66.949,27.474],[66.948,27.503],[66.954,27.521],[66.97,27.538],[66.986,27.542],[67.003,27.543],[67.017,27.557],[67.03,27.566],[67.051,27.57],[67.06,27.579],[67.065,27.591],[67.08,27.595],[67.091,27.595],[67.107,27.588],[67.125,27.566],[67.161,27.531],[67.174,27.52],[67.212,27.473],[67.216,27.458],[67.224,27.445],[67.243,27.438]]]}},{"type":"Feature","properties":{"name":"Khairpur","province":"Sindh","areaHa":1587406.2,"builtupPct":1.57,"builtupGainHa":1220.5,"vegChangeHa":12721.1,"netMgC":819035.5,"netMgCPerHa":0.516},"geometry":{"type":"Polygon","coordinates":[[[68.691,27.678],[68.681,27.678],[68.665,27.682],[68.643,27.681],[68.637,27.673],[68.633,27.662],[68.627,27.654],[68.611,27.641],[68.598,27.64],[68.574,27.653],[68.552,27.661],[68.534,27.653],[68.523,27.637],[68.521,27.618],[68.528,27.611],[68.544,27.6],[68.544,27.584],[68.536,27.567],[68.518,27.559],[68.503,27.544],[68.462,27.539],[68.41,27.537],[68.388,27.534],[68.382,27.527],[68.382,27.498],[68.379,27.479],[68.365,27.465],[68.355,27.46],[68.354,27.45],[68.346,27.442],[68.33,27.436],[68.315,27.41],[68.314,27.392],[68.318,27.382],[68.332,27.362],[68.345,27.348],[68.356,27.343],[68.379,27.323],[68.38,27.312],[68.376,27.303],[68.367,27.296],[68.345,27.293],[68.317,27.294],[68.303,27.292],[68.295,27.287],[68.286,27.273],[68.273,27.267],[68.269,27.261],[68.266,27.247],[68.259,27.239],[68.248,27.231],[68.241,27.217],[68.225,27.193],[68.226,27.181],[68.231,27.172],[68.232,27.172],[68.245,27.171],[68.261,27.159],[68.269,27.15],[68.281,27.147],[68.297,27.146],[68.312,27.147],[68.368,27.14],[68.378,27.133],[68.382,27.122],[68.381,27.107],[68.392,27.101],[68.404,27.091],[68.408,27.079],[68.415,27.069],[68.426,27.065],[68.438,27.064],[68.449,27.06],[68.46,27.049],[68.469,27.035],[68.469,26.945],[68.459,26.929],[68.446,26.921],[68.432,26.919],[68.42,26.908],[68.412,26.897],[68.407,26.87],[68.389,26.854],[68.379,26.83],[68.355,26.81],[68.354,26.716],[68.357,26.661],[68.346,26.631],[68.333,26.625],[68.32,26.615],[68.317,26.599],[68.333,26.583],[68.338,26.584],[68.378,26.582],[68.413,26.582],[68.47,26.577],[68.511,26.559],[68.528,26.553],[68.7,26.554],[68.723,26.55],[68.76,26.53],[68.79,26.525],[68.811,26.506],[68.822,26.502],[68.833,26.501],[68.843,26.483],[68.857,26.473],[68.86,26.461],[68.86,26.451],[68.873,26.434],[68.887,26.431],[68.897,26.422],[68.897,26.403],[68.906,26.405],[68.931,26.405],[68.941,26.403],[68.949,26.389],[68.95,26.381],[68.953,26.375],[68.972,26.366],[68.977,26.357],[68.982,26.336],[68.996,26.329],[69.003,26.32],[69.003,26.309],[69.02,26.301],[69.029,26.291],[69.037,26.264],[69.056,26.254],[69.066,26.244],[69.07,26.232],[69.088,26.228],[69.097,26.201],[69.105,26.189],[69.115,26.182],[69.131,26.174],[69.146,26.17],[69.162,26.17],[69.188,26.184],[69.2,26.187],[69.213,26.188],[69.226,26.191],[69.252,26.195],[69.298,26.193],[69.316,26.191],[69.349,26.184],[69.364,26.183],[69.371,26.179],[69.377,26.17],[69.394,26.161],[69.421,26.159],[69.453,26.16],[69.474,26.165],[69.484,26.175],[69.496,26.18],[69.516,26.184],[69.539,26.183],[69.544,26.175],[69.558,26.162],[69.572,26.157],[69.586,26.159],[69.612,26.176],[69.626,26.181],[69.64,26.183],[69.651,26.189],[69.667,26.188],[69.68,26.183],[69.703,26.181],[69.714,26.174],[69.722,26.165],[69.737,26.161],[69.77,26.161],[69.787,26.163],[69.812,26.169],[69.824,26.177],[69.844,26.183],[69.867,26.184],[69.88,26.181],[69.895,26.162],[69.913,26.159],[69.964,26.159],[69.997,26.155],[70.009,26.148],[70.023,26.137],[70.037,26.133],[70.055,26.132],[70.07,26.133],[70.09,26.139],[70.104,26.156],[70.118,26.185],[70.125,26.216],[70.119,26.248],[70.119,26.274],[70.145,26.328],[70.137,26.523],[70.128,26.546],[70.106,26.567],[70.075,26.573],[70.038,26.598],[70.012,26.605],[69.969,26.596],[69.944,26.583],[69.92,26.573],[69.856,26.577],[69.823,26.577],[69.77,26.58],[69.734,26.6],[69.655,26.664],[69.634,26.672],[69.595,26.684],[69.564,26.706],[69.534,26.713],[69.486,26.734],[69.457,26.76],[69.455,26.919],[69.466,26.999],[69.483,27.024],[69.493,27.052],[69.476,27.059],[69.449,27.065],[69.425,27.067],[69.388,27.088],[69.358,27.092],[69.331,27.112],[69.321,27.115],[69.284,27.117],[69.264,27.12],[69.245,27.128],[69.232,27.137],[69.215,27.141],[69.195,27.142],[69.157,27.166],[69.14,27.166],[69.123,27.159],[69.113,27.146],[69.093,27.14],[69.061,27.14],[69.04,27.142],[69.019,27.147],[69.006,27.157],[68.991,27.166],[68.978,27.168],[68.963,27.172],[68.949,27.184],[68.928,27.209],[68.919,27.212],[68.902,27.215],[68.887,27.222],[68.882,27.235],[68.867,27.244],[68.857,27.253],[68.857,27.275],[68.861,27.286],[68.874,27.29],[68.881,27.29],[68.888,27.295],[68.888,27.31],[68.897,27.316],[68.91,27.321],[68.919,27.33],[68.922,27.346],[68.919,27.389],[68.91,27.407],[68.881,27.42],[68.867,27.429],[68.858,27.438],[68.846,27.448],[68.834,27.455],[68.826,27.471],[68.826,27.486],[68.83,27.493],[68.841,27.501],[68.857,27.508],[68.867,27.525],[68.863,27.543],[68.867,27.554],[68.878,27.561],[68.888,27.578],[68.893,27.597],[68.889,27.609],[68.864,27.619],[68.858,27.627],[68.848,27.633],[68.738,27.634],[68.721,27.637],[68.721,27.644],[68.71,27.66],[68.7,27.664],[68.691,27.678]]]}},{"type":"Feature","properties":{"name":"Shigar"},"geometry":{"type":"Polygon","coordinates":[[[77.019,35.651],[77.005,35.664],[76.985,35.674],[76.947,35.681],[76.912,35.692],[76.9,35.703],[76.829,35.749],[76.776,35.773],[76.738,35.789],[76.714,35.795],[76.684,35.805],[76.667,35.824],[76.666,35.837],[76.673,35.896],[76.664,35.919],[76.636,35.93],[76.611,35.924],[76.584,35.906],[76.539,35.889],[76.506,35.866],[76.474,35.86],[76.416,35.862],[76.306,35.858],[76.279,35.862],[76.255,35.871],[76.244,35.885],[76.238,35.902],[76.238,35.918],[76.227,35.929],[76.221,35.944],[76.171,35.985],[76.14,36.0],[76.081,35.999],[76.035,36.008],[76.01,36.023],[75.992,36.053],[75.991,36.058],[75.958,36.051],[75.945,36.039],[75.943,36.027],[75.927,36.024],[75.911,36.014],[75.896,36.002],[75.873,36.001],[75.83,36.005],[75.816,36.029],[75.795,36.032],[75.793,36.038],[75.792,36.05],[75.789,36.063],[75.784,36.071],[75.776,36.075],[75.769,36.075],[75.763,36.085],[75.762,36.094],[75.76,36.099],[75.739,36.103],[75.728,36.122],[75.709,36.125],[75.61,36.121],[75.539,36.125],[75.53,36.132],[75.528,36.143],[75.496,36.151],[75.495,36.165],[75.485,36.172],[75.472,36.172],[75.462,36.19],[75.449,36.191],[75.435,36.201],[75.428,36.214],[75.414,36.217],[75.363,36.218],[75.296,36.216],[75.294,36.219],[75.259,36.195],[75.232,36.19],[75.222,36.176],[75.187,36.17],[75.172,36.164],[75.166,36.151],[75.17,36.125],[75.168,36.093],[75.162,36.078],[75.144,36.07],[75.133,36.061],[75.118,36.053],[75.1,36.051],[75.083,36.055],[75.077,36.07],[75.057,36.078],[75.022,36.078],[75.003,36.076],[74.989,36.065],[74.983,36.054],[74.974,36.051],[74.962,36.05],[74.94,36.046],[74.927,36.028],[74.909,36.019],[74.899,36.004],[74.899,36.003],[74.919,35.985],[74.918,35.976],[74.93,35.96],[74.948,35.951],[74.951,35.942],[74.949,35.927],[74.957,35.91],[74.977,35.903],[74.98,35.895],[74.983,35.873],[74.979,35.859],[74.979,35.859],[74.987,35.842],[75.008,35.834],[75.008,35.823],[75.013,35.814],[75.025,35.811],[75.038,35.804],[75.048,35.787],[75.059,35.785],[75.081,35.785],[75.093,35.782],[75.099,35.762],[75.122,35.758],[75.127,35.746],[75.134,35.739],[75.152,35.733],[75.157,35.723],[75.163,35.716],[75.173,35.713],[75.181,35.703],[75.19,35.672],[75.206,35.666],[75.22,35.663],[75.233,35.659],[75.237,35.649],[75.25,35.64],[75.274,35.641],[75.291,35.637],[75.298,35.633],[75.306,35.623],[75.312,35.619],[75.341,35.62],[75.356,35.618],[75.358,35.611],[75.375,35.599],[75.408,35.59],[75.418,35.573],[75.43,35.569],[75.441,35.56],[75.455,35.499],[75.465,35.494],[75.47,35.489],[75.475,35.459],[75.481,35.451],[75.492,35.448],[75.506,35.441],[75.511,35.428],[75.541,35.427],[75.55,35.421],[75.554,35.408],[75.59,35.393],[75.597,35.368],[75.618,35.356],[75.625,35.345],[75.642,35.336],[75.723,35.327],[75.748,35.329],[75.767,35.335],[75.779,35.348],[75.807,35.352],[75.817,35.365],[75.831,35.374],[75.862,35.375],[75.881,35.37],[75.885,35.359],[75.887,35.344],[75.899,35.33],[75.911,35.326],[75.919,35.318],[75.922,35.304],[75.921,35.282],[75.93,35.284],[75.943,35.287],[75.953,35.298],[75.967,35.307],[75.98,35.311],[75.987,35.329],[75.985,35.366],[75.99,35.386],[75.991,35.395],[76.006,35.401],[76.015,35.415],[76.015,35.437],[76.042,35.455],[76.047,35.465],[76.053,35.471],[76.07,35.476],[76.076,35.486],[76.079,35.498],[76.13,35.501],[76.146,35.519],[76.18,35.528],[76.195,35.538],[76.197,35.548],[76.212,35.562],[76.225,35.566],[76.234,35.571],[76.254,35.577],[76.263,35.589],[76.293,35.601],[76.298,35.613],[76.307,35.621],[76.317,35.623],[76.328,35.643],[76.347,35.646],[76.356,35.654],[76.36,35.662],[76.367,35.667],[76.377,35.669],[76.426,35.667],[76.443,35.675],[76.45,35.69],[76.471,35.694],[76.527,35.691],[76.538,35.684],[76.541,35.675],[76.55,35.669],[76.56,35.666],[76.567,35.661],[76.569,35.652],[76.577,35.644],[76.59,35.641],[76.603,35.632],[76.605,35.619],[76.62,35.617],[76.634,35.609],[76.636,35.6],[76.653,35.593],[76.656,35.582],[76.668,35.571],[76.681,35.57],[76.689,35.565],[76.69,35.553],[76.707,35.551],[76.718,35.541],[76.724,35.516],[76.734,35.505],[76.745,35.499],[76.749,35.483],[76.762,35.476],[76.787,35.471],[76.805,35.471],[76.825,35.474],[76.835,35.478],[76.84,35.492],[76.851,35.498],[76.863,35.501],[76.874,35.512],[76.871,35.53],[76.872,35.552],[76.891,35.556],[76.903,35.568],[76.909,35.581],[76.912,35.592],[76.931,35.6],[76.94,35.619],[76.954,35.624],[76.986,35.642],[77.019,35.651]]]}},{"type":"Feature","properties":{"name":"Azad Kashmir","province":"Azad Kashmir","areaHa":1341900.8,"builtupPct":1.0,"builtupGainHa":5113.4,"vegChangeHa":-14941.8,"netMgC":11975.6,"netMgCPerHa":0.0089},"geometry":{"type":"Polygon","coordinates":[[[74.338,32.798],[74.337,32.803],[74.328,32.819],[74.327,32.947],[74.318,32.979],[74.309,32.996],[74.288,33.012],[74.263,33.022],[74.242,33.024],[74.2,33.023],[74.158,33.029],[74.102,33.074],[74.07,33.102],[74.038,33.122],[73.985,33.174],[73.979,33.195],[73.979,33.247],[73.988,33.26],[74.029,33.274],[74.085,33.313],[74.123,33.344],[74.133,33.372],[74.135,33.4],[74.141,33.41],[74.161,33.435],[74.158,33.513],[74.153,33.53],[74.144,33.54],[74.121,33.555],[74.112,33.566],[74.105,33.583],[74.082,33.588],[74.07,33.588],[74.055,33.6],[73.997,33.621],[73.976,33.641],[73.969,33.666],[73.972,33.709],[73.987,33.722],[73.987,33.746],[74.0,33.77],[74.018,33.794],[74.043,33.809],[74.074,33.823],[74.138,33.822],[74.192,33.828],[74.224,33.848],[74.247,33.873],[74.26,33.892],[74.272,33.902],[74.292,33.938],[74.291,33.967],[74.275,33.976],[74.266,33.987],[74.25,33.997],[74.173,33.995],[74.102,33.995],[73.991,33.999],[73.941,34.009],[73.928,34.015],[73.917,34.031],[73.884,34.059],[73.885,34.074],[73.897,34.095],[73.917,34.114],[73.973,34.134],[74.002,34.149],[74.002,34.176],[73.996,34.224],[73.984,34.234],[73.956,34.279],[73.943,34.286],[73.897,34.291],[73.866,34.291],[73.832,34.303],[73.816,34.315],[73.802,34.336],[73.796,34.358],[73.808,34.39],[73.825,34.418],[73.839,34.449],[73.858,34.472],[73.908,34.516],[73.917,34.553],[73.947,34.613],[73.981,34.637],[74.003,34.647],[74.055,34.664],[74.144,34.665],[74.17,34.675],[74.232,34.705],[74.259,34.723],[74.298,34.735],[74.313,34.752],[74.39,34.754],[74.43,34.745],[74.442,34.729],[74.469,34.729],[74.501,34.725],[74.519,34.71],[74.523,34.701],[74.545,34.701],[74.578,34.698],[74.591,34.694],[74.611,34.679],[74.644,34.673],[74.67,34.67],[74.712,34.649],[74.743,34.648],[74.774,34.65],[74.818,34.647],[74.853,34.629],[74.923,34.628],[74.989,34.624],[75.019,34.617],[75.03,34.602],[75.136,34.601],[75.163,34.596],[75.196,34.586],[75.237,34.587],[75.273,34.603],[75.316,34.608],[75.361,34.608],[75.495,34.612],[75.477,34.628],[75.446,34.641],[75.426,34.652],[75.4,34.66],[75.334,34.683],[75.313,34.695],[75.299,34.708],[75.272,34.724],[75.247,34.724],[75.201,34.725],[75.021,34.725],[74.955,34.726],[74.907,34.734],[74.864,34.751],[74.825,34.772],[74.778,34.818],[74.744,34.841],[74.691,34.856],[74.676,34.869],[74.635,34.876],[74.626,34.897],[74.623,34.922],[74.611,34.936],[74.603,34.95],[74.602,34.992],[74.599,35.013],[74.581,35.022],[74.574,35.034],[74.571,35.049],[74.547,35.073],[74.53,35.083],[74.508,35.087],[74.469,35.088],[74.449,35.084],[74.43,35.069],[74.408,35.065],[74.407,35.064],[74.378,35.064],[74.361,35.062],[74.345,35.049],[74.324,35.041],[74.212,35.042],[74.183,35.059],[74.164,35.067],[74.14,35.073],[74.118,35.081],[74.115,35.085],[74.086,35.061],[74.08,35.047],[74.078,35.029],[74.078,34.957],[74.073,34.92],[74.061,34.907],[74.028,34.885],[74.0,34.857],[73.993,34.842],[73.989,34.828],[73.974,34.818],[73.956,34.818],[73.945,34.815],[73.937,34.81],[73.928,34.8],[73.913,34.797],[73.849,34.796],[73.834,34.793],[73.827,34.786],[73.811,34.778],[73.779,34.773],[73.754,34.772],[73.743,34.767],[73.731,34.754],[73.725,34.74],[73.722,34.727],[73.714,34.715],[73.697,34.698],[73.693,34.686],[73.684,34.681],[73.671,34.677],[73.664,34.668],[73.661,34.648],[73.662,34.592],[73.665,34.575],[73.658,34.555],[73.633,34.552],[73.615,34.552],[73.593,34.557],[73.505,34.556],[73.484,34.55],[73.471,34.538],[73.462,34.533],[73.45,34.533],[73.433,34.53],[73.425,34.518],[73.424,34.469],[73.417,34.448],[73.407,34.438],[73.407,34.437],[73.397,34.421],[73.395,34.362],[73.391,34.322],[73.397,34.291],[73.411,34.269],[73.438,34.245],[73.45,34.216],[73.467,34.181],[73.476,34.152],[73.475,34.119],[73.472,34.088],[73.473,34.062],[73.474,34.052],[73.482,34.016],[73.485,33.99],[73.493,33.974],[73.499,33.946],[73.521,33.921],[73.531,33.905],[73.554,33.876],[73.551,33.812],[73.548,33.8],[73.542,33.787],[73.543,33.771],[73.552,33.761],[73.555,33.725],[73.55,33.62],[73.559,33.592],[73.584,33.567],[73.589,33.548],[73.585,33.521],[73.575,33.487],[73.576,33.441],[73.567,33.414],[73.553,33.404],[73.547,33.387],[73.552,33.322],[73.562,33.315],[73.573,33.309],[73.577,33.223],[73.583,33.203],[73.596,33.193],[73.601,33.187],[73.61,33.179],[73.615,33.157],[73.598,33.127],[73.588,33.113],[73.591,33.094],[73.6,33.08],[73.612,33.068],[73.634,33.058],[73.663,33.051],[73.695,33.052],[73.746,33.016],[73.771,33.008],[73.777,33.006],[73.791,33.008],[73.846,33.032],[73.872,33.031],[73.9,33.018],[73.917,32.995],[73.925,32.976],[73.944,32.954],[73.963,32.943],[74.054,32.913],[74.087,32.9],[74.144,32.874],[74.241,32.842],[74.261,32.827],[74.315,32.799],[74.338,32.798]]]}},{"type":"Feature","properties":{"name":"Mansehra","province":"Khyber Pakhtunkhwa","areaHa":414116.0,"builtupPct":1.11,"builtupGainHa":1686.6,"vegChangeHa":-2365.3,"netMgC":-329453.6,"netMgCPerHa":-0.7956},"geometry":{"type":"Polygon","coordinates":[[[74.115,35.085],[74.105,35.099],[74.082,35.11],[74.025,35.12],[74.02,35.13],[73.976,35.14],[73.953,35.139],[73.942,35.153],[73.934,35.16],[73.92,35.145],[73.915,35.134],[73.902,35.118],[73.834,35.109],[73.822,35.103],[73.812,35.069],[73.783,35.047],[73.781,35.032],[73.759,35.022],[73.699,35.021],[73.672,35.015],[73.659,35.002],[73.636,34.999],[73.623,34.999],[73.604,35.015],[73.583,35.017],[73.569,35.013],[73.545,34.958],[73.531,34.95],[73.52,34.926],[73.501,34.921],[73.475,34.901],[73.463,34.899],[73.464,34.885],[73.462,34.867],[73.452,34.849],[73.436,34.838],[73.429,34.823],[73.412,34.823],[73.401,34.802],[73.388,34.783],[73.365,34.773],[73.345,34.748],[73.347,34.73],[73.338,34.707],[73.323,34.705],[73.307,34.705],[73.289,34.711],[73.289,34.719],[73.28,34.728],[73.261,34.74],[73.259,34.751],[73.239,34.755],[73.196,34.75],[73.176,34.75],[73.165,34.693],[73.145,34.681],[73.127,34.677],[73.112,34.671],[73.105,34.661],[73.093,34.653],[73.084,34.639],[73.084,34.612],[73.076,34.594],[73.061,34.586],[73.036,34.587],[73.021,34.592],[73.006,34.602],[72.996,34.602],[72.987,34.599],[72.969,34.589],[72.949,34.588],[72.924,34.59],[72.9,34.594],[72.886,34.611],[72.886,34.619],[72.895,34.633],[72.909,34.637],[72.918,34.647],[72.918,34.663],[72.905,34.684],[72.891,34.689],[72.882,34.702],[72.887,34.723],[72.875,34.731],[72.858,34.736],[72.856,34.745],[72.844,34.761],[72.825,34.764],[72.824,34.764],[72.797,34.756],[72.777,34.747],[72.771,34.725],[72.768,34.704],[72.768,34.663],[72.747,34.625],[72.758,34.607],[72.771,34.592],[72.768,34.57],[72.762,34.545],[72.748,34.533],[72.734,34.533],[72.712,34.526],[72.715,34.513],[72.715,34.498],[72.705,34.475],[72.697,34.464],[72.692,34.449],[72.693,34.439],[72.703,34.432],[72.71,34.418],[72.716,34.414],[72.732,34.393],[72.732,34.38],[72.74,34.384],[72.763,34.388],[72.807,34.384],[72.817,34.371],[72.823,34.359],[72.826,34.34],[72.84,34.339],[72.85,34.335],[72.85,34.32],[72.863,34.317],[72.87,34.314],[72.876,34.299],[72.883,34.292],[72.892,34.292],[72.903,34.285],[72.905,34.271],[72.912,34.269],[72.944,34.265],[72.944,34.265],[72.955,34.267],[72.975,34.267],[72.984,34.272],[72.989,34.288],[73.005,34.291],[73.047,34.29],[73.066,34.267],[73.074,34.267],[73.098,34.273],[73.104,34.287],[73.126,34.29],[73.152,34.291],[73.159,34.294],[73.163,34.311],[73.174,34.315],[73.199,34.318],[73.211,34.321],[73.224,34.333],[73.269,34.345],[73.274,34.358],[73.286,34.364],[73.296,34.364],[73.305,34.377],[73.31,34.389],[73.307,34.41],[73.314,34.427],[73.336,34.433],[73.363,34.438],[73.407,34.437],[73.407,34.438],[73.417,34.448],[73.424,34.469],[73.425,34.518],[73.433,34.53],[73.45,34.533],[73.462,34.533],[73.471,34.538],[73.484,34.55],[73.505,34.556],[73.593,34.557],[73.615,34.552],[73.633,34.552],[73.658,34.555],[73.665,34.575],[73.662,34.592],[73.661,34.648],[73.664,34.668],[73.671,34.677],[73.684,34.681],[73.693,34.686],[73.697,34.698],[73.714,34.715],[73.722,34.727],[73.725,34.74],[73.731,34.754],[73.743,34.767],[73.754,34.772],[73.779,34.773],[73.811,34.778],[73.827,34.786],[73.834,34.793],[73.849,34.796],[73.913,34.797],[73.928,34.8],[73.937,34.81],[73.945,34.815],[73.956,34.818],[73.974,34.818],[73.989,34.828],[73.993,34.842],[74.0,34.857],[74.028,34.885],[74.061,34.907],[74.073,34.92],[74.078,34.957],[74.078,35.029],[74.08,35.047],[74.086,35.061],[74.115,35.085]]]}},{"type":"Feature","properties":{"name":"Sheikhpura","province":"Punjab","areaHa":302649.1,"builtupPct":6.98,"builtupGainHa":5251.8,"vegChangeHa":-5366.6,"netMgC":-136101.1,"netMgCPerHa":-0.4497},"geometry":{"type":"Polygon","coordinates":[[[73.235,31.706],[73.234,31.694],[73.235,31.684],[73.241,31.67],[73.261,31.661],[73.265,31.647],[73.277,31.642],[73.304,31.642],[73.328,31.618],[73.344,31.612],[73.351,31.603],[73.372,31.591],[73.386,31.588],[73.403,31.578],[73.408,31.561],[73.409,31.515],[73.413,31.5],[73.432,31.484],[73.435,31.46],[73.435,31.44],[73.439,31.427],[73.457,31.423],[73.461,31.419],[73.465,31.398],[73.482,31.391],[73.54,31.393],[73.556,31.401],[73.563,31.419],[73.571,31.426],[73.606,31.421],[73.614,31.408],[73.64,31.393],[73.642,31.383],[73.654,31.368],[73.665,31.347],[73.659,31.332],[73.643,31.319],[73.64,31.307],[73.634,31.297],[73.617,31.289],[73.61,31.27],[73.612,31.243],[73.596,31.228],[73.584,31.222],[73.581,31.211],[73.545,31.199],[73.533,31.189],[73.516,31.178],[73.501,31.173],[73.491,31.16],[73.486,31.149],[73.469,31.139],[73.451,31.137],[73.411,31.126],[73.392,31.107],[73.377,31.104],[73.37,31.08],[73.36,31.078],[73.351,31.071],[73.341,31.058],[73.322,31.054],[73.322,31.039],[73.301,31.028],[73.29,31.013],[73.291,30.994],[73.3,30.977],[73.315,30.98],[73.344,30.984],[73.359,30.988],[73.371,31.002],[73.373,31.013],[73.381,31.026],[73.397,31.029],[73.404,31.037],[73.411,31.051],[73.423,31.056],[73.44,31.057],[73.461,31.064],[73.471,31.075],[73.488,31.083],[73.523,31.082],[73.556,31.084],[73.571,31.087],[73.586,31.092],[73.594,31.104],[73.608,31.107],[73.624,31.107],[73.63,31.105],[73.636,31.119],[73.641,31.127],[73.678,31.134],[73.695,31.141],[73.7,31.156],[73.714,31.16],[73.737,31.184],[73.759,31.182],[73.781,31.185],[73.791,31.199],[73.815,31.206],[73.871,31.207],[73.895,31.214],[73.905,31.246],[73.911,31.255],[73.935,31.257],[73.955,31.261],[73.966,31.278],[73.992,31.281],[73.998,31.281],[73.994,31.306],[74.031,31.356],[74.046,31.356],[74.064,31.359],[74.071,31.379],[74.074,31.394],[74.086,31.405],[74.103,31.406],[74.115,31.422],[74.155,31.426],[74.165,31.436],[74.17,31.449],[74.184,31.452],[74.188,31.462],[74.19,31.483],[74.196,31.499],[74.207,31.503],[74.217,31.512],[74.224,31.533],[74.224,31.548],[74.231,31.569],[74.25,31.58],[74.254,31.603],[74.268,31.617],[74.334,31.629],[74.359,31.643],[74.387,31.651],[74.402,31.639],[74.427,31.632],[74.442,31.65],[74.459,31.65],[74.464,31.676],[74.492,31.688],[74.513,31.689],[74.504,31.697],[74.49,31.715],[74.492,31.78],[74.51,31.809],[74.54,31.841],[74.578,31.863],[74.599,31.879],[74.623,31.891],[74.658,31.922],[74.667,31.944],[74.686,31.95],[74.675,31.961],[74.67,31.977],[74.671,31.984],[74.664,31.992],[74.651,31.994],[74.645,31.998],[74.637,32.012],[74.626,32.015],[74.611,32.027],[74.611,32.055],[74.604,32.063],[74.581,32.069],[74.575,32.08],[74.573,32.088],[74.573,32.088],[74.558,32.071],[74.532,32.063],[74.524,32.046],[74.517,32.019],[74.507,32.013],[74.49,32.01],[74.478,32.006],[74.463,31.993],[74.459,31.981],[74.452,31.972],[74.436,31.964],[74.435,31.953],[74.43,31.946],[74.409,31.938],[74.403,31.928],[74.391,31.92],[74.376,31.916],[74.369,31.903],[74.36,31.894],[74.311,31.893],[74.294,31.89],[74.283,31.883],[74.278,31.873],[74.26,31.868],[74.192,31.864],[74.179,31.857],[74.152,31.82],[74.13,31.815],[74.112,31.818],[74.11,31.838],[74.081,31.845],[74.005,31.843],[73.946,31.838],[73.899,31.837],[73.864,31.84],[73.848,31.858],[73.847,31.873],[73.858,31.887],[73.873,31.892],[73.878,31.909],[73.873,31.925],[73.865,31.935],[73.838,31.938],[73.814,31.936],[73.8,31.933],[73.797,31.932],[73.79,31.922],[73.781,31.914],[73.763,31.904],[73.758,31.892],[73.734,31.883],[73.729,31.876],[73.726,31.865],[73.715,31.859],[73.702,31.855],[73.692,31.846],[73.671,31.84],[73.587,31.834],[73.564,31.83],[73.554,31.813],[73.521,31.81],[73.501,31.792],[73.483,31.769],[73.465,31.763],[73.389,31.763],[73.361,31.756],[73.338,31.739],[73.314,31.738],[73.292,31.732],[73.289,31.717],[73.267,31.712],[73.235,31.706]]]}},{"type":"Feature","properties":{"name":"Islamabad Capital Territory","province":"Islamabad Capital Territory","areaHa":89703.6,"builtupPct":21.33,"builtupGainHa":10354.5,"vegChangeHa":-10425.3,"netMgC":-211004.0,"netMgCPerHa":-2.3522},"geometry":{"type":"Polygon","coordinates":[[[72.876,33.727],[72.866,33.72],[72.841,33.71],[72.826,33.707],[72.806,33.7],[72.788,33.687],[72.783,33.677],[72.782,33.659],[72.787,33.642],[72.797,33.635],[72.803,33.627],[72.807,33.616],[72.822,33.602],[72.832,33.596],[72.837,33.587],[72.847,33.578],[72.864,33.581],[72.88,33.588],[72.894,33.606],[72.904,33.613],[72.935,33.62],[72.948,33.63],[72.956,33.633],[72.984,33.638],[72.995,33.643],[73.011,33.645],[73.026,33.636],[73.043,33.612],[73.058,33.601],[73.066,33.582],[73.078,33.571],[73.082,33.551],[73.08,33.538],[73.068,33.525],[73.064,33.515],[73.066,33.506],[73.077,33.5],[73.095,33.494],[73.11,33.491],[73.132,33.491],[73.146,33.494],[73.155,33.5],[73.17,33.516],[73.19,33.531],[73.2,33.54],[73.214,33.56],[73.225,33.568],[73.232,33.576],[73.236,33.632],[73.242,33.653],[73.275,33.662],[73.287,33.666],[73.294,33.675],[73.295,33.686],[73.29,33.703],[73.27,33.725],[73.242,33.735],[73.235,33.747],[73.227,33.755],[73.219,33.759],[73.211,33.765],[73.205,33.772],[73.196,33.777],[73.175,33.785],[73.162,33.792],[73.155,33.8],[73.149,33.811],[73.148,33.811],[73.119,33.811],[73.09,33.805],[73.064,33.789],[73.047,33.782],[73.006,33.782],[72.966,33.774],[72.947,33.767],[72.901,33.737],[72.885,33.732],[72.876,33.727]]]}},{"type":"Feature","properties":{"name":"Chagai","province":"Balochistan","areaHa":4430921.6,"builtupPct":0.29,"builtupGainHa":316.3,"vegChangeHa":-19606.9,"netMgC":-904256.3,"netMgCPerHa":-0.2041},"geometry":{"type":"Polygon","coordinates":[[[65.226,29.601],[65.134,29.573],[65.079,29.564],[64.942,29.595],[64.872,29.606],[64.777,29.614],[64.621,29.606],[64.435,29.581],[64.342,29.552],[64.255,29.515],[64.168,29.464],[64.116,29.437],[64.026,29.47],[63.936,29.488],[63.846,29.503],[63.78,29.507],[63.705,29.519],[63.641,29.521],[63.527,29.511],[63.353,29.509],[63.081,29.478],[62.996,29.476],[62.911,29.46],[62.649,29.431],[62.507,29.425],[62.464,29.439],[62.315,29.495],[61.912,29.599],[61.77,29.63],[61.635,29.669],[61.508,29.704],[61.397,29.737],[61.257,29.77],[61.122,29.809],[60.99,29.839],[60.877,29.861],[60.882,29.835],[60.936,29.764],[61.033,29.69],[61.115,29.601],[61.191,29.527],[61.241,29.482],[61.307,29.416],[61.328,29.365],[61.33,29.316],[61.337,29.272],[61.368,29.202],[61.415,29.157],[61.453,29.13],[61.493,29.109],[61.522,29.072],[61.548,28.998],[61.576,28.923],[61.609,28.876],[61.63,28.83],[61.668,28.791],[61.706,28.748],[61.789,28.671],[61.923,28.565],[61.985,28.538],[62.049,28.517],[62.101,28.513],[62.15,28.499],[62.219,28.47],[62.271,28.465],[62.315,28.451],[62.401,28.451],[62.448,28.432],[62.5,28.391],[62.514,28.368],[62.561,28.32],[62.587,28.285],[62.634,28.255],[62.665,28.255],[62.686,28.26],[62.75,28.276],[62.812,28.266],[62.814,28.118],[62.805,28.103],[62.786,28.06],[62.781,27.98],[62.793,27.949],[62.793,27.916],[62.799,27.894],[62.832,27.904],[62.919,27.947],[62.959,27.976],[63.028,28.035],[63.132,28.139],[63.182,28.17],[63.219,28.19],[63.246,28.198],[63.268,28.209],[63.277,28.27],[63.376,28.274],[63.485,28.276],[63.528,28.304],[63.562,28.313],[63.626,28.297],[63.699,28.294],[63.726,28.291],[63.762,28.284],[63.79,28.284],[63.828,28.294],[63.859,28.311],[63.874,28.323],[63.891,28.328],[63.939,28.336],[63.956,28.344],[63.989,28.374],[64.009,28.381],[64.066,28.384],[64.1,28.387],[64.125,28.399],[64.15,28.418],[64.176,28.443],[64.2,28.46],[64.235,28.468],[64.274,28.466],[64.311,28.466],[64.337,28.474],[64.349,28.492],[64.375,28.523],[64.391,28.538],[64.409,28.542],[64.469,28.541],[64.51,28.544],[64.541,28.553],[64.552,28.569],[64.595,28.604],[64.614,28.615],[64.632,28.617],[64.694,28.62],[64.719,28.633],[64.741,28.651],[64.758,28.658],[64.778,28.659],[64.802,28.659],[64.815,28.66],[64.838,28.669],[64.855,28.679],[64.997,28.685],[65.025,28.689],[65.046,28.703],[65.067,28.729],[65.104,28.757],[65.142,28.779],[65.178,28.786],[65.219,28.787],[65.253,28.794],[65.285,28.805],[65.301,28.82],[65.336,28.857],[65.418,28.921],[65.501,28.96],[65.529,28.976],[65.565,29.017],[65.569,29.027],[65.569,29.03],[65.568,29.045],[65.567,29.064],[65.552,29.078],[65.528,29.09],[65.512,29.104],[65.506,29.125],[65.502,29.153],[65.49,29.168],[65.476,29.218],[65.469,29.239],[65.451,29.26],[65.421,29.29],[65.396,29.309],[65.367,29.344],[65.364,29.394],[65.35,29.412],[65.321,29.433],[65.3,29.454],[65.253,29.508],[65.252,29.515],[65.234,29.526],[65.228,29.54],[65.229,29.57],[65.226,29.601]]]}},{"type":"Feature","properties":{"name":"Nushki","province":"Balochistan","areaHa":584906.9,"builtupPct":0.73,"builtupGainHa":-230.0,"vegChangeHa":-10663.5,"netMgC":-431462.5,"netMgCPerHa":-0.7377},"geometry":{"type":"Polygon","coordinates":[[[65.569,29.03],[65.597,29.03],[65.641,29.03],[65.684,29.035],[65.717,29.049],[65.756,29.072],[65.777,29.091],[65.806,29.108],[65.835,29.128],[65.876,29.142],[65.901,29.143],[65.934,29.128],[65.971,29.123],[65.998,29.125],[66.029,29.142],[66.06,29.17],[66.079,29.186],[66.108,29.202],[66.131,29.223],[66.143,29.25],[66.18,29.29],[66.22,29.311],[66.251,29.324],[66.267,29.332],[66.276,29.338],[66.282,29.352],[66.294,29.381],[66.309,29.427],[66.34,29.467],[66.362,29.531],[66.408,29.587],[66.412,29.619],[66.369,29.668],[66.371,29.691],[66.381,29.718],[66.385,29.785],[66.381,29.817],[66.378,29.821],[66.356,29.844],[66.304,29.88],[66.273,29.87],[66.23,29.852],[65.932,29.78],[65.698,29.721],[65.519,29.671],[65.325,29.63],[65.226,29.601],[65.229,29.57],[65.228,29.54],[65.234,29.526],[65.252,29.515],[65.253,29.508],[65.3,29.454],[65.321,29.433],[65.35,29.412],[65.364,29.394],[65.367,29.344],[65.396,29.309],[65.421,29.29],[65.451,29.26],[65.469,29.239],[65.476,29.218],[65.49,29.168],[65.502,29.153],[65.506,29.125],[65.512,29.104],[65.528,29.09],[65.552,29.078],[65.567,29.064],[65.568,29.045],[65.569,29.03]]]}},{"type":"Feature","properties":{"name":"Qilla Abdullah","province":"Balochistan","areaHa":576498.2,"builtupPct":0.29,"builtupGainHa":-1189.9,"vegChangeHa":2473.4,"netMgC":67489.6,"netMgCPerHa":0.1171},"geometry":{"type":"Polygon","coordinates":[[[67.351,31.233],[67.234,31.237],[67.173,31.237],[67.144,31.241],[67.14,31.251],[67.097,31.263],[67.071,31.268],[67.073,31.338],[66.991,31.334],[66.965,31.324],[66.889,31.288],[66.797,31.231],[66.752,31.199],[66.733,31.175],[66.731,31.112],[66.648,31.037],[66.606,30.995],[66.528,30.978],[66.487,30.972],[66.454,30.958],[66.436,30.938],[66.421,30.901],[66.405,30.885],[66.4,30.849],[66.391,30.808],[66.376,30.798],[66.367,30.757],[66.365,30.719],[66.355,30.707],[66.341,30.678],[66.334,30.637],[66.32,30.613],[66.31,30.578],[66.313,30.544],[66.329,30.522],[66.353,30.499],[66.365,30.467],[66.372,30.395],[66.36,30.275],[66.35,30.25],[66.334,30.222],[66.32,30.201],[66.301,30.181],[66.277,30.146],[66.261,30.081],[66.28,30.052],[66.298,30.04],[66.32,30.031],[66.338,30.059],[66.383,30.084],[66.406,30.104],[66.464,30.144],[66.489,30.151],[66.511,30.143],[66.528,30.128],[66.557,30.128],[66.575,30.129],[66.586,30.144],[66.6,30.166],[66.621,30.175],[66.664,30.175],[66.697,30.158],[66.737,30.151],[66.786,30.153],[66.803,30.163],[66.832,30.195],[66.84,30.225],[66.863,30.273],[66.88,30.292],[66.896,30.332],[66.911,30.352],[66.923,30.4],[66.942,30.439],[66.973,30.454],[66.98,30.471],[66.987,30.487],[66.948,30.547],[66.9,30.604],[66.875,30.637],[66.803,30.67],[66.815,30.707],[66.84,30.725],[66.88,30.735],[66.908,30.752],[66.937,30.784],[66.939,30.812],[66.929,30.847],[66.937,30.885],[66.968,30.902],[66.999,30.903],[67.02,30.898],[67.057,30.9],[67.082,30.916],[67.105,30.923],[67.15,30.923],[67.204,30.92],[67.225,30.93],[67.25,30.96],[67.275,30.978],[67.291,30.995],[67.303,31.024],[67.341,31.056],[67.347,31.102],[67.351,31.233]]]}},{"type":"Feature","properties":{"name":"Quetta","province":"Balochistan","areaHa":273263.4,"builtupPct":3.34,"builtupGainHa":1557.3,"vegChangeHa":3740.8,"netMgC":151516.7,"netMgCPerHa":0.5545},"geometry":{"type":"Polygon","coordinates":[[[66.378,29.821],[66.412,29.824],[66.443,29.824],[66.509,29.814],[66.544,29.799],[66.595,29.786],[66.63,29.797],[66.648,29.818],[66.661,29.86],[66.67,29.904],[66.69,29.937],[66.692,29.969],[66.707,30.0],[66.736,30.04],[66.758,30.074],[66.784,30.093],[66.833,30.091],[66.864,30.074],[66.892,30.026],[66.905,30.0],[66.923,29.984],[66.963,29.998],[66.991,30.013],[67.035,30.019],[67.09,30.03],[67.115,30.043],[67.117,30.063],[67.117,30.097],[67.139,30.12],[67.179,30.125],[67.231,30.137],[67.262,30.158],[67.282,30.181],[67.315,30.198],[67.321,30.2],[67.339,30.209],[67.348,30.257],[67.338,30.283],[67.337,30.285],[67.304,30.299],[67.289,30.308],[67.273,30.331],[67.267,30.352],[67.251,30.377],[67.246,30.377],[67.225,30.378],[67.176,30.358],[67.168,30.34],[67.128,30.335],[67.106,30.337],[67.073,30.354],[67.051,30.369],[67.02,30.394],[67.016,30.413],[67.0,30.451],[66.98,30.471],[66.973,30.454],[66.942,30.439],[66.923,30.4],[66.911,30.352],[66.896,30.332],[66.88,30.292],[66.863,30.273],[66.84,30.225],[66.832,30.195],[66.803,30.163],[66.786,30.153],[66.737,30.151],[66.697,30.158],[66.664,30.175],[66.621,30.175],[66.6,30.166],[66.586,30.144],[66.575,30.129],[66.557,30.128],[66.528,30.128],[66.511,30.143],[66.489,30.151],[66.464,30.144],[66.406,30.104],[66.383,30.084],[66.338,30.059],[66.32,30.031],[66.332,30.026],[66.35,30.005],[66.379,29.981],[66.381,29.966],[66.376,29.948],[66.324,29.901],[66.304,29.88],[66.356,29.844],[66.378,29.821]]]}},{"type":"Feature","properties":{"name":"Pishin","province":"Balochistan","areaHa":492204.0,"builtupPct":0.45,"builtupGainHa":-1425.4,"vegChangeHa":6305.3,"netMgC":203304.0,"netMgCPerHa":0.413},"geometry":{"type":"Polygon","coordinates":[[[66.98,30.471],[67.0,30.451],[67.016,30.413],[67.02,30.394],[67.051,30.369],[67.073,30.354],[67.106,30.337],[67.128,30.335],[67.168,30.34],[67.176,30.358],[67.225,30.378],[67.246,30.377],[67.26,30.394],[67.287,30.4],[67.319,30.42],[67.328,30.438],[67.345,30.462],[67.369,30.484],[67.421,30.506],[67.434,30.532],[67.448,30.551],[67.474,30.562],[67.501,30.561],[67.538,30.535],[67.539,30.503],[67.566,30.488],[67.601,30.496],[67.62,30.506],[67.644,30.528],[67.663,30.543],[67.686,30.555],[67.706,30.556],[67.744,30.566],[67.746,30.567],[67.747,30.568],[67.749,30.596],[67.749,30.623],[67.742,30.641],[67.665,30.641],[67.618,30.645],[67.58,30.651],[67.546,30.664],[67.532,30.678],[67.541,30.693],[67.56,30.702],[67.57,30.716],[67.57,30.74],[67.553,30.763],[67.532,30.777],[67.532,30.806],[67.545,30.826],[67.591,30.837],[67.617,30.84],[67.652,30.855],[67.682,30.86],[67.713,30.882],[67.745,30.919],[67.766,30.958],[67.813,30.969],[67.841,30.997],[67.855,31.026],[67.883,31.033],[67.903,31.052],[67.909,31.079],[67.899,31.101],[67.871,31.108],[67.789,31.108],[67.768,31.112],[67.708,31.13],[67.687,31.13],[67.611,31.141],[67.572,31.174],[67.559,31.195],[67.538,31.201],[67.518,31.203],[67.476,31.204],[67.455,31.219],[67.45,31.234],[67.351,31.233],[67.347,31.102],[67.341,31.056],[67.303,31.024],[67.291,30.995],[67.275,30.978],[67.25,30.96],[67.225,30.93],[67.204,30.92],[67.15,30.923],[67.105,30.923],[67.082,30.916],[67.057,30.9],[67.02,30.898],[66.999,30.903],[66.968,30.902],[66.937,30.885],[66.929,30.847],[66.939,30.812],[66.937,30.784],[66.908,30.752],[66.88,30.735],[66.84,30.725],[66.815,30.707],[66.803,30.67],[66.875,30.637],[66.9,30.604],[66.948,30.547],[66.987,30.487],[66.98,30.471]]]}},{"type":"Feature","properties":{"name":"Kharan","province":"Balochistan","areaHa":1067992.5,"builtupPct":0.94,"builtupGainHa":-497.7,"vegChangeHa":-34740.5,"netMgC":-1430964.1,"netMgCPerHa":-1.3399},"geometry":{"type":"Polygon","coordinates":[[[66.046,27.925],[66.055,27.937],[66.048,27.976],[66.04,28.0],[66.015,28.024],[65.951,28.05],[65.939,28.075],[65.958,28.102],[65.963,28.124],[65.964,28.155],[65.951,28.175],[65.934,28.185],[65.914,28.21],[65.929,28.229],[65.941,28.248],[65.975,28.309],[65.984,28.34],[66.019,28.372],[66.045,28.387],[66.065,28.416],[66.079,28.442],[66.098,28.463],[66.115,28.487],[66.129,28.526],[66.145,28.545],[66.153,28.602],[66.154,28.655],[66.148,28.675],[66.126,28.678],[66.103,28.69],[66.1,28.729],[66.104,28.747],[66.124,28.774],[66.145,28.789],[66.183,28.84],[66.213,28.899],[66.23,28.909],[66.238,29.005],[66.238,29.032],[66.236,29.063],[66.228,29.073],[66.215,29.077],[66.199,29.098],[66.199,29.128],[66.217,29.172],[66.234,29.207],[66.247,29.215],[66.264,29.229],[66.266,29.248],[66.264,29.298],[66.267,29.332],[66.251,29.324],[66.22,29.311],[66.18,29.29],[66.143,29.25],[66.131,29.223],[66.108,29.202],[66.079,29.186],[66.06,29.17],[66.029,29.142],[65.998,29.125],[65.971,29.123],[65.934,29.128],[65.901,29.143],[65.876,29.142],[65.835,29.128],[65.806,29.108],[65.777,29.091],[65.756,29.072],[65.717,29.049],[65.684,29.035],[65.641,29.03],[65.597,29.03],[65.569,29.03],[65.569,29.027],[65.565,29.017],[65.529,28.976],[65.501,28.96],[65.418,28.921],[65.336,28.857],[65.301,28.82],[65.285,28.805],[65.253,28.794],[65.219,28.787],[65.178,28.786],[65.142,28.779],[65.104,28.757],[65.067,28.729],[65.046,28.703],[65.025,28.689],[64.997,28.685],[64.855,28.679],[64.838,28.669],[64.815,28.66],[64.802,28.659],[64.778,28.659],[64.758,28.658],[64.741,28.651],[64.719,28.633],[64.694,28.62],[64.632,28.617],[64.614,28.615],[64.595,28.604],[64.552,28.569],[64.541,28.553],[64.51,28.544],[64.469,28.541],[64.409,28.542],[64.391,28.538],[64.375,28.523],[64.349,28.492],[64.337,28.474],[64.311,28.466],[64.274,28.466],[64.235,28.468],[64.2,28.46],[64.176,28.443],[64.15,28.418],[64.125,28.399],[64.1,28.387],[64.066,28.384],[64.009,28.381],[63.989,28.374],[63.956,28.344],[63.939,28.336],[63.891,28.328],[63.874,28.323],[63.859,28.311],[63.828,28.294],[63.79,28.284],[63.762,28.284],[63.726,28.291],[63.699,28.294],[63.626,28.297],[63.562,28.313],[63.528,28.304],[63.485,28.276],[63.376,28.274],[63.277,28.27],[63.268,28.209],[63.246,28.198],[63.219,28.19],[63.182,28.17],[63.132,28.139],[63.028,28.035],[62.959,27.976],[62.919,27.947],[62.832,27.904],[62.799,27.894],[62.809,27.857],[62.84,27.824],[62.849,27.73],[62.852,27.671],[62.861,27.602],[62.859,27.487],[62.838,27.451],[62.814,27.424],[62.802,27.391],[62.795,27.34],[62.805,27.288],[62.833,27.265],[62.899,27.246],[62.989,27.244],[63.09,27.275],[63.138,27.279],[63.171,27.286],[63.218,27.298],[63.272,27.277],[63.313,27.244],[63.379,27.243],[63.471,27.235],[63.588,27.241],[63.632,27.247],[63.674,27.255],[63.703,27.264],[63.747,27.272],[63.813,27.274],[63.833,27.276],[63.872,27.29],[63.89,27.288],[63.91,27.27],[63.927,27.249],[63.938,27.219],[63.96,27.188],[63.974,27.162],[64.013,27.133],[64.042,27.119],[64.064,27.115],[64.101,27.111],[64.148,27.111],[64.174,27.106],[64.159,27.062],[64.159,27.037],[64.173,27.033],[64.204,27.062],[64.208,27.09],[64.209,27.118],[64.226,27.134],[64.271,27.143],[64.305,27.151],[64.352,27.188],[64.38,27.213],[64.4,27.239],[64.453,27.291],[64.477,27.297],[64.504,27.283],[64.521,27.22],[64.538,27.197],[64.551,27.165],[64.582,27.124],[64.627,27.08],[64.648,27.064],[64.669,27.048],[64.699,27.035],[64.723,27.025],[64.755,27.023],[64.79,27.025],[64.835,27.042],[64.938,27.089],[64.985,27.116],[65.058,27.156],[65.082,27.156],[65.119,27.134],[65.144,27.105],[65.164,27.074],[65.179,27.053],[65.23,27.043],[65.257,27.033],[65.272,27.007],[65.286,26.978],[65.292,26.958],[65.296,26.925],[65.315,26.903],[65.347,26.88],[65.363,26.88],[65.384,26.9],[65.387,26.914],[65.391,26.93],[65.403,26.961],[65.433,27.005],[65.491,27.07],[65.53,27.123],[65.575,27.179],[65.602,27.208],[65.628,27.229],[65.636,27.255],[65.634,27.35],[65.65,27.385],[65.655,27.393],[65.675,27.424],[65.694,27.441],[65.72,27.45],[65.746,27.471],[65.75,27.504],[65.744,27.535],[65.746,27.616],[65.766,27.63],[65.777,27.659],[65.804,27.674],[65.828,27.696],[65.831,27.723],[65.841,27.753],[65.862,27.773],[65.883,27.789],[65.911,27.799],[65.938,27.815],[65.956,27.829],[65.972,27.859],[65.98,27.891],[65.998,27.904],[66.025,27.919],[66.044,27.921],[66.046,27.925]]]}},{"type":"Feature","properties":{"name":"Mastung","province":"Balochistan","areaHa":570336.3,"builtupPct":0.47,"builtupGainHa":-284.4,"vegChangeHa":-4384.3,"netMgC":-204024.3,"netMgCPerHa":-0.3577},"geometry":{"type":"Polygon","coordinates":[[[66.282,29.352],[66.306,29.357],[66.319,29.339],[66.344,29.32],[66.37,29.32],[66.392,29.318],[66.429,29.319],[66.46,29.33],[66.479,29.345],[66.489,29.357],[66.489,29.384],[66.496,29.418],[66.519,29.438],[66.542,29.461],[66.568,29.482],[66.597,29.51],[66.61,29.525],[66.625,29.547],[66.642,29.565],[66.658,29.575],[66.676,29.578],[66.703,29.571],[66.719,29.557],[66.724,29.528],[66.707,29.494],[66.696,29.477],[66.685,29.452],[66.686,29.43],[66.699,29.416],[66.727,29.404],[66.744,29.406],[66.775,29.425],[66.832,29.479],[66.86,29.487],[66.895,29.49],[66.925,29.483],[66.943,29.466],[66.936,29.436],[66.916,29.411],[66.916,29.393],[66.93,29.389],[67.143,29.389],[67.16,29.4],[67.184,29.434],[67.205,29.446],[67.206,29.447],[67.226,29.472],[67.238,29.498],[67.243,29.554],[67.266,29.582],[67.287,29.598],[67.307,29.619],[67.324,29.662],[67.317,29.691],[67.291,29.7],[67.262,29.705],[67.231,29.72],[67.221,29.778],[67.211,29.797],[67.197,29.815],[67.191,29.843],[67.192,29.869],[67.201,29.901],[67.233,29.92],[67.259,29.929],[67.308,29.929],[67.345,29.928],[67.364,29.914],[67.388,29.901],[67.407,29.895],[67.425,29.905],[67.429,29.908],[67.443,29.943],[67.467,29.969],[67.491,29.986],[67.504,30.017],[67.503,30.069],[67.497,30.091],[67.481,30.096],[67.48,30.117],[67.463,30.123],[67.394,30.126],[67.374,30.129],[67.356,30.137],[67.348,30.158],[67.336,30.179],[67.321,30.2],[67.315,30.198],[67.282,30.181],[67.262,30.158],[67.231,30.137],[67.179,30.125],[67.139,30.12],[67.117,30.097],[67.117,30.063],[67.115,30.043],[67.09,30.03],[67.035,30.019],[66.991,30.013],[66.963,29.998],[66.923,29.984],[66.905,30.0],[66.892,30.026],[66.864,30.074],[66.833,30.091],[66.784,30.093],[66.758,30.074],[66.736,30.04],[66.707,30.0],[66.692,29.969],[66.69,29.937],[66.67,29.904],[66.661,29.86],[66.648,29.818],[66.63,29.797],[66.595,29.786],[66.544,29.799],[66.509,29.814],[66.443,29.824],[66.412,29.824],[66.378,29.821],[66.381,29.817],[66.385,29.785],[66.381,29.718],[66.371,29.691],[66.369,29.668],[66.412,29.619],[66.408,29.587],[66.362,29.531],[66.34,29.467],[66.309,29.427],[66.294,29.381],[66.282,29.352]]]}},{"type":"Feature","properties":{"name":"Ziarat","province":"Balochistan","areaHa":327130.7,"builtupPct":0.27,"builtupGainHa":-155.4,"vegChangeHa":16797.7,"netMgC":651409.1,"netMgCPerHa":1.9913},"geometry":{"type":"Polygon","coordinates":[[[67.338,30.283],[67.361,30.297],[67.401,30.302],[67.443,30.287],[67.471,30.266],[67.489,30.264],[67.531,30.278],[67.562,30.285],[67.604,30.261],[67.626,30.238],[67.657,30.228],[67.687,30.23],[67.703,30.251],[67.738,30.253],[67.767,30.262],[67.802,30.282],[67.82,30.301],[67.82,30.319],[67.82,30.335],[67.806,30.348],[67.804,30.359],[67.815,30.384],[67.844,30.413],[67.855,30.439],[67.848,30.485],[67.789,30.5],[67.767,30.511],[67.758,30.54],[67.744,30.566],[67.706,30.556],[67.686,30.555],[67.663,30.543],[67.644,30.528],[67.62,30.506],[67.601,30.496],[67.566,30.488],[67.539,30.503],[67.538,30.535],[67.501,30.561],[67.474,30.562],[67.448,30.551],[67.434,30.532],[67.421,30.506],[67.369,30.484],[67.345,30.462],[67.328,30.438],[67.319,30.42],[67.287,30.4],[67.26,30.394],[67.246,30.377],[67.251,30.377],[67.267,30.352],[67.273,30.331],[67.289,30.308],[67.304,30.299],[67.337,30.285],[67.338,30.283]]]}},{"type":"Feature","properties":{"name":"Qilla Saifullah","province":"Balochistan","areaHa":1238362.3,"builtupPct":0.29,"builtupGainHa":1249.1,"vegChangeHa":34994.2,"netMgC":1462390.1,"netMgCPerHa":1.1809},"geometry":{"type":"Polygon","coordinates":[[[67.747,30.568],[67.774,30.571],[67.813,30.573],[67.841,30.581],[67.883,30.588],[67.933,30.589],[67.951,30.594],[67.964,30.609],[67.985,30.617],[68.013,30.611],[68.027,30.591],[68.035,30.571],[68.059,30.563],[68.093,30.562],[68.126,30.555],[68.14,30.543],[68.162,30.54],[68.205,30.555],[68.229,30.556],[68.253,30.545],[68.262,30.521],[68.265,30.505],[68.282,30.492],[68.317,30.487],[68.337,30.489],[68.355,30.498],[68.385,30.507],[68.443,30.509],[68.475,30.506],[68.498,30.492],[68.527,30.488],[68.615,30.487],[68.656,30.494],[68.695,30.509],[68.736,30.509],[68.77,30.499],[68.797,30.479],[68.818,30.459],[68.85,30.444],[68.904,30.449],[68.988,30.483],[69.11,30.538],[69.145,30.569],[69.143,30.58],[69.139,30.605],[69.118,30.625],[69.11,30.651],[69.124,30.681],[69.153,30.697],[69.214,30.714],[69.269,30.738],[69.29,30.76],[69.317,30.797],[69.323,30.826],[69.339,30.86],[69.365,30.876],[69.413,30.921],[69.42,30.942],[69.409,30.956],[69.4,30.955],[69.392,30.941],[69.372,30.932],[69.334,30.93],[69.308,30.945],[69.277,30.994],[69.252,31.003],[69.224,31.007],[69.191,31.026],[69.153,31.056],[69.122,31.063],[69.098,31.064],[69.069,31.057],[69.042,31.044],[69.019,31.043],[68.983,31.048],[68.946,31.062],[68.907,31.095],[68.893,31.097],[68.881,31.096],[68.867,31.077],[68.856,31.055],[68.84,31.044],[68.815,31.04],[68.778,31.055],[68.77,31.08],[68.77,31.132],[68.76,31.156],[68.75,31.167],[68.747,31.218],[68.743,31.247],[68.726,31.277],[68.705,31.29],[68.678,31.302],[68.64,31.291],[68.612,31.273],[68.567,31.254],[68.536,31.238],[68.519,31.236],[68.398,31.232],[68.351,31.235],[68.308,31.226],[68.284,31.209],[68.24,31.186],[68.206,31.163],[68.189,31.159],[68.11,31.159],[68.083,31.165],[68.065,31.178],[68.04,31.182],[68.019,31.182],[67.995,31.191],[67.982,31.2],[67.968,31.217],[67.957,31.237],[67.955,31.251],[67.948,31.265],[67.944,31.284],[67.94,31.355],[67.94,31.403],[67.947,31.422],[67.969,31.433],[67.982,31.444],[68.002,31.45],[68.021,31.466],[68.026,31.483],[68.02,31.507],[68.004,31.522],[67.976,31.534],[67.954,31.547],[67.917,31.596],[67.899,31.616],[67.886,31.646],[67.879,31.644],[67.862,31.62],[67.832,31.596],[67.806,31.58],[67.782,31.56],[67.768,31.544],[67.747,31.542],[67.681,31.542],[67.633,31.55],[67.603,31.546],[67.577,31.534],[67.577,31.516],[67.603,31.479],[67.598,31.465],[67.6,31.439],[67.621,31.423],[67.659,31.415],[67.718,31.415],[67.761,31.417],[67.796,31.415],[67.813,31.381],[67.813,31.356],[67.794,31.338],[67.77,31.33],[67.723,31.318],[67.676,31.3],[67.64,31.278],[67.61,31.266],[67.532,31.253],[67.477,31.235],[67.45,31.234],[67.455,31.219],[67.476,31.204],[67.518,31.203],[67.538,31.201],[67.559,31.195],[67.572,31.174],[67.611,31.141],[67.687,31.13],[67.708,31.13],[67.768,31.112],[67.789,31.108],[67.871,31.108],[67.899,31.101],[67.909,31.079],[67.903,31.052],[67.883,31.033],[67.855,31.026],[67.841,30.997],[67.813,30.969],[67.766,30.958],[67.745,30.919],[67.713,30.882],[67.682,30.86],[67.652,30.855],[67.617,30.84],[67.591,30.837],[67.545,30.826],[67.532,30.806],[67.532,30.777],[67.553,30.763],[67.57,30.74],[67.57,30.716],[67.56,30.702],[67.541,30.693],[67.532,30.678],[67.546,30.664],[67.58,30.651],[67.618,30.645],[67.665,30.641],[67.742,30.641],[67.749,30.623],[67.749,30.596],[67.747,30.568]]]}},{"type":"Feature","properties":{"name":"Gwadar","province":"Balochistan","areaHa":1104963.4,"builtupPct":0.88,"builtupGainHa":-1260.5,"vegChangeHa":9460.7,"netMgC":678694.8,"netMgCPerHa":0.6142},"geometry":{"type":"Polygon","coordinates":[[[65.268,25.323],[65.265,25.541],[65.265,25.558],[65.259,25.58],[65.244,25.593],[65.222,25.597],[65.196,25.591],[65.171,25.581],[65.138,25.574],[64.919,25.575],[64.906,25.564],[64.889,25.554],[64.872,25.552],[64.798,25.549],[64.778,25.542],[64.753,25.529],[64.73,25.525],[64.657,25.518],[64.611,25.514],[64.575,25.514],[64.506,25.49],[64.481,25.478],[64.459,25.461],[64.438,25.448],[64.408,25.446],[64.392,25.453],[64.324,25.466],[64.319,25.477],[64.3,25.488],[64.236,25.488],[64.216,25.487],[64.179,25.488],[64.163,25.5],[64.163,25.519],[64.18,25.557],[64.176,25.57],[64.174,25.576],[64.17,25.587],[64.158,25.594],[64.133,25.604],[64.115,25.623],[64.092,25.632],[64.067,25.629],[64.044,25.617],[63.995,25.606],[63.985,25.6],[63.96,25.59],[63.875,25.577],[63.821,25.562],[63.756,25.535],[63.707,25.509],[63.672,25.493],[63.554,25.447],[63.527,25.434],[63.498,25.417],[63.477,25.401],[63.454,25.398],[63.451,25.417],[63.455,25.439],[63.454,25.461],[63.442,25.478],[63.421,25.502],[63.396,25.51],[63.367,25.515],[63.328,25.519],[63.28,25.519],[63.232,25.526],[63.185,25.535],[63.142,25.539],[63.133,25.558],[63.118,25.568],[63.079,25.568],[63.063,25.574],[63.056,25.586],[63.048,25.607],[63.035,25.614],[62.994,25.621],[62.98,25.629],[62.951,25.641],[62.927,25.64],[62.899,25.632],[62.866,25.6],[62.838,25.594],[62.801,25.591],[62.749,25.591],[62.676,25.594],[62.61,25.611],[62.435,25.608],[62.392,25.598],[62.372,25.587],[62.348,25.57],[62.306,25.568],[62.269,25.562],[62.227,25.551],[62.196,25.54],[62.154,25.531],[62.106,25.531],[62.077,25.543],[62.059,25.562],[62.057,25.58],[62.068,25.597],[62.084,25.615],[62.087,25.654],[62.077,25.67],[62.062,25.675],[62.054,25.684],[62.054,25.715],[62.057,25.751],[62.052,25.786],[62.029,25.787],[62.003,25.779],[61.992,25.766],[61.97,25.722],[61.956,25.702],[61.927,25.695],[61.899,25.706],[61.87,25.737],[61.841,25.742],[61.815,25.749],[61.796,25.757],[61.781,25.776],[61.697,25.766],[61.64,25.751],[61.64,25.708],[61.63,25.617],[61.628,25.555],[61.623,25.521],[61.614,25.508],[61.607,25.439],[61.607,25.316],[61.589,25.301],[61.589,25.242],[61.67,25.238],[61.695,25.228],[61.701,25.216],[61.737,25.196],[61.751,25.175],[61.745,25.144],[61.737,25.123],[61.722,25.104],[61.696,25.09],[61.686,25.081],[61.689,25.05],[61.719,25.041],[61.755,25.039],[61.814,25.055],[61.829,25.074],[61.84,25.098],[61.858,25.128],[61.947,25.134],[61.994,25.134],[62.051,25.139],[62.058,25.164],[62.054,25.202],[62.074,25.22],[62.095,25.23],[62.123,25.256],[62.15,25.258],[62.172,25.248],[62.195,25.232],[62.221,25.22],[62.251,25.2],[62.269,25.191],[62.286,25.164],[62.287,25.148],[62.278,25.135],[62.271,25.115],[62.272,25.101],[62.302,25.087],[62.331,25.087],[62.36,25.096],[62.372,25.118],[62.367,25.135],[62.349,25.144],[62.342,25.159],[62.346,25.191],[62.358,25.205],[62.372,25.227],[62.387,25.232],[62.405,25.234],[62.426,25.242],[62.479,25.268],[62.507,25.279],[62.573,25.28],[62.614,25.276],[62.646,25.258],[62.679,25.249],[62.702,25.249],[62.761,25.226],[62.869,25.224],[62.901,25.234],[62.91,25.249],[62.947,25.249],[63.005,25.206],[63.048,25.208],[63.081,25.217],[63.119,25.248],[63.148,25.263],[63.173,25.263],[63.198,25.258],[63.222,25.246],[63.253,25.226],[63.279,25.222],[63.344,25.223],[63.39,25.222],[63.42,25.209],[63.435,25.198],[63.501,25.202],[63.509,25.257],[63.523,25.286],[63.541,25.295],[63.565,25.304],[63.586,25.331],[63.601,25.346],[63.627,25.36],[63.674,25.371],[63.819,25.369],[63.854,25.356],[63.913,25.317],[63.95,25.316],[64.006,25.321],[64.035,25.335],[64.052,25.336],[64.162,25.336],[64.185,25.325],[64.215,25.325],[64.268,25.308],[64.292,25.295],[64.339,25.264],[64.383,25.238],[64.416,25.224],[64.465,25.215],[64.507,25.22],[64.533,25.231],[64.561,25.249],[64.585,25.253],[64.61,25.253],[64.637,25.232],[64.644,25.205],[64.641,25.189],[64.629,25.172],[64.628,25.152],[64.657,25.142],[64.697,25.138],[64.726,25.153],[64.734,25.178],[64.72,25.19],[64.691,25.208],[64.691,25.232],[64.706,25.257],[64.732,25.286],[64.752,25.302],[64.805,25.309],[64.88,25.316],[64.97,25.317],[65.019,25.312],[65.044,25.301],[65.062,25.286],[65.089,25.279],[65.24,25.283],[65.257,25.302],[65.263,25.323],[65.268,25.323]]]}},{"type":"Feature","properties":{"name":"Kech","province":"Balochistan","areaHa":2403305.6,"builtupPct":1.6,"builtupGainHa":-4834.9,"vegChangeHa":43366.8,"netMgC":1565728.0,"netMgCPerHa":0.6515},"geometry":{"type":"Polygon","coordinates":[[[64.174,25.576],[64.19,25.577],[64.221,25.581],[64.273,25.613],[64.306,25.623],[64.36,25.623],[64.384,25.629],[64.396,25.641],[64.402,25.668],[64.375,25.675],[64.36,25.676],[64.34,25.688],[64.332,25.703],[64.328,25.724],[64.328,25.74],[64.348,25.761],[64.369,25.779],[64.379,25.844],[64.4,25.861],[64.403,25.908],[64.41,25.936],[64.424,25.949],[64.44,25.99],[64.455,26.014],[64.487,26.033],[64.518,26.042],[64.551,26.047],[64.579,26.062],[64.576,26.087],[64.576,26.132],[64.555,26.153],[64.535,26.171],[64.524,26.176],[64.508,26.197],[64.486,26.238],[64.475,26.254],[64.474,26.256],[64.444,26.262],[64.424,26.248],[64.406,26.225],[64.385,26.205],[64.366,26.191],[64.334,26.179],[64.303,26.172],[64.239,26.175],[64.218,26.169],[64.172,26.145],[64.141,26.145],[64.118,26.153],[64.097,26.167],[64.082,26.193],[64.062,26.217],[64.01,26.253],[63.934,26.315],[63.895,26.33],[63.875,26.328],[63.822,26.301],[63.788,26.293],[63.668,26.301],[63.646,26.301],[63.634,26.314],[63.634,26.344],[63.63,26.372],[63.615,26.392],[63.594,26.392],[63.594,26.411],[63.6,26.428],[63.6,26.456],[63.587,26.471],[63.571,26.482],[63.54,26.486],[63.515,26.491],[63.479,26.51],[63.447,26.515],[63.408,26.511],[63.367,26.483],[63.317,26.458],[63.293,26.45],[63.246,26.441],[63.221,26.45],[63.194,26.47],[63.176,26.495],[63.15,26.512],[63.141,26.527],[63.144,26.553],[63.155,26.575],[63.154,26.6],[63.138,26.617],[63.126,26.634],[63.123,26.66],[63.074,26.66],[63.019,26.675],[62.923,26.675],[62.861,26.681],[62.812,26.673],[62.79,26.658],[62.741,26.637],[62.684,26.618],[62.641,26.614],[62.512,26.614],[62.448,26.605],[62.377,26.576],[62.325,26.548],[62.28,26.504],[62.266,26.483],[62.256,26.462],[62.256,26.383],[62.247,26.36],[62.223,26.354],[62.212,26.305],[62.2,26.278],[62.167,26.278],[62.143,26.28],[62.126,26.299],[62.119,26.33],[62.051,26.356],[62.013,26.345],[61.954,26.314],[61.926,26.311],[61.89,26.303],[61.869,26.292],[61.817,26.252],[61.803,26.22],[61.791,26.205],[61.786,26.087],[61.774,26.049],[61.763,25.97],[61.763,25.927],[61.739,25.893],[61.741,25.862],[61.753,25.845],[61.786,25.84],[61.793,25.813],[61.786,25.777],[61.781,25.776],[61.796,25.757],[61.815,25.749],[61.841,25.742],[61.87,25.737],[61.899,25.706],[61.927,25.695],[61.956,25.702],[61.97,25.722],[61.992,25.766],[62.003,25.779],[62.029,25.787],[62.052,25.786],[62.057,25.751],[62.054,25.715],[62.054,25.684],[62.062,25.675],[62.077,25.67],[62.087,25.654],[62.084,25.615],[62.068,25.597],[62.057,25.58],[62.059,25.562],[62.077,25.543],[62.106,25.531],[62.154,25.531],[62.196,25.54],[62.227,25.551],[62.269,25.562],[62.306,25.568],[62.348,25.57],[62.372,25.587],[62.392,25.598],[62.435,25.608],[62.61,25.611],[62.676,25.594],[62.749,25.591],[62.801,25.591],[62.838,25.594],[62.866,25.6],[62.899,25.632],[62.927,25.64],[62.951,25.641],[62.98,25.629],[62.994,25.621],[63.035,25.614],[63.048,25.607],[63.056,25.586],[63.063,25.574],[63.079,25.568],[63.118,25.568],[63.133,25.558],[63.142,25.539],[63.185,25.535],[63.232,25.526],[63.28,25.519],[63.328,25.519],[63.367,25.515],[63.396,25.51],[63.421,25.502],[63.442,25.478],[63.454,25.461],[63.455,25.439],[63.451,25.417],[63.454,25.398],[63.477,25.401],[63.498,25.417],[63.527,25.434],[63.554,25.447],[63.672,25.493],[63.707,25.509],[63.756,25.535],[63.821,25.562],[63.875,25.577],[63.96,25.59],[63.985,25.6],[63.995,25.606],[64.044,25.617],[64.067,25.629],[64.092,25.632],[64.115,25.623],[64.133,25.604],[64.158,25.594],[64.17,25.587],[64.174,25.576]]]}},{"type":"Feature","properties":{"name":"Panjgur","province":"Balochistan","areaHa":1757701.1,"builtupPct":1.31,"builtupGainHa":-3812.4,"vegChangeHa":5722.2,"netMgC":161391.7,"netMgCPerHa":0.0918},"geometry":{"type":"Polygon","coordinates":[[[63.313,27.244],[63.341,27.17],[63.317,27.155],[63.284,27.143],[63.263,27.115],[63.251,26.911],[63.223,26.903],[63.22,26.795],[63.204,26.776],[63.18,26.662],[63.123,26.66],[63.126,26.634],[63.138,26.617],[63.154,26.6],[63.155,26.575],[63.144,26.553],[63.141,26.527],[63.15,26.512],[63.176,26.495],[63.194,26.47],[63.221,26.45],[63.246,26.441],[63.293,26.45],[63.317,26.458],[63.367,26.483],[63.408,26.511],[63.447,26.515],[63.479,26.51],[63.515,26.491],[63.54,26.486],[63.571,26.482],[63.587,26.471],[63.6,26.456],[63.6,26.428],[63.594,26.411],[63.594,26.392],[63.615,26.392],[63.63,26.372],[63.634,26.344],[63.634,26.314],[63.646,26.301],[63.668,26.301],[63.788,26.293],[63.822,26.301],[63.875,26.328],[63.895,26.33],[63.934,26.315],[64.01,26.253],[64.062,26.217],[64.082,26.193],[64.097,26.167],[64.118,26.153],[64.141,26.145],[64.172,26.145],[64.218,26.169],[64.239,26.175],[64.303,26.172],[64.334,26.179],[64.366,26.191],[64.385,26.205],[64.406,26.225],[64.424,26.248],[64.444,26.262],[64.474,26.256],[64.475,26.254],[64.491,26.271],[64.489,26.342],[64.495,26.357],[64.513,26.363],[64.536,26.366],[64.553,26.369],[64.596,26.386],[64.724,26.384],[64.752,26.379],[64.785,26.362],[64.83,26.359],[64.918,26.357],[64.964,26.362],[64.981,26.381],[64.981,26.395],[64.975,26.409],[64.976,26.426],[64.986,26.447],[65.097,26.533],[65.209,26.615],[65.254,26.652],[65.297,26.694],[65.303,26.718],[65.338,26.751],[65.36,26.768],[65.382,26.79],[65.393,26.814],[65.395,26.839],[65.387,26.914],[65.384,26.9],[65.363,26.88],[65.347,26.88],[65.315,26.903],[65.296,26.925],[65.292,26.958],[65.286,26.978],[65.272,27.007],[65.257,27.033],[65.23,27.043],[65.179,27.053],[65.164,27.074],[65.144,27.105],[65.119,27.134],[65.082,27.156],[65.058,27.156],[64.985,27.116],[64.938,27.089],[64.835,27.042],[64.79,27.025],[64.755,27.023],[64.723,27.025],[64.699,27.035],[64.669,27.048],[64.648,27.064],[64.627,27.08],[64.582,27.124],[64.551,27.165],[64.538,27.197],[64.521,27.22],[64.504,27.283],[64.477,27.297],[64.453,27.291],[64.4,27.239],[64.38,27.213],[64.352,27.188],[64.305,27.151],[64.271,27.143],[64.226,27.134],[64.209,27.118],[64.208,27.09],[64.204,27.062],[64.173,27.033],[64.159,27.037],[64.159,27.062],[64.174,27.106],[64.148,27.111],[64.101,27.111],[64.064,27.115],[64.042,27.119],[64.013,27.133],[63.974,27.162],[63.96,27.188],[63.938,27.219],[63.927,27.249],[63.91,27.27],[63.89,27.288],[63.872,27.29],[63.833,27.276],[63.813,27.274],[63.747,27.272],[63.703,27.264],[63.674,27.255],[63.632,27.247],[63.588,27.241],[63.471,27.235],[63.379,27.243],[63.313,27.244]]]}},{"type":"Feature","properties":{"name":"Zhob","province":"Balochistan","areaHa":1198357.9,"builtupPct":0.28,"builtupGainHa":708.3,"vegChangeHa":28458.4,"netMgC":1225390.6,"netMgCPerHa":1.0226},"geometry":{"type":"Polygon","coordinates":[[[69.143,30.58],[69.159,30.582],[69.186,30.597],[69.209,30.602],[69.24,30.596],[69.269,30.572],[69.292,30.546],[69.324,30.537],[69.359,30.53],[69.382,30.517],[69.402,30.488],[69.416,30.473],[69.435,30.461],[69.466,30.457],[69.493,30.444],[69.55,30.397],[69.58,30.384],[69.609,30.382],[69.611,30.383],[69.62,30.391],[69.613,30.412],[69.598,30.425],[69.58,30.431],[69.57,30.454],[69.554,30.462],[69.539,30.462],[69.521,30.474],[69.516,30.497],[69.527,30.517],[69.543,30.538],[69.566,30.554],[69.573,30.625],[69.573,30.666],[69.591,30.694],[69.618,30.706],[69.649,30.729],[69.665,30.747],[69.691,30.783],[69.699,30.803],[69.718,30.83],[69.722,30.855],[69.76,30.896],[69.773,30.933],[69.774,31.012],[69.77,31.039],[69.752,31.086],[69.747,31.116],[69.748,31.173],[69.765,31.202],[69.787,31.217],[69.815,31.217],[69.85,31.221],[69.886,31.236],[69.911,31.239],[69.94,31.23],[69.973,31.198],[69.995,31.198],[70.042,31.24],[70.072,31.26],[70.076,31.296],[70.07,31.322],[70.068,31.32],[70.054,31.316],[70.042,31.331],[70.033,31.349],[70.033,31.4],[70.028,31.429],[70.004,31.438],[69.977,31.438],[69.959,31.45],[69.95,31.463],[69.947,31.485],[69.957,31.503],[69.974,31.512],[69.977,31.557],[69.977,31.598],[69.965,31.618],[69.948,31.637],[69.944,31.678],[69.945,31.709],[69.95,31.732],[69.966,31.741],[69.983,31.764],[69.985,31.794],[69.951,31.808],[69.923,31.808],[69.907,31.814],[69.901,31.866],[69.9,31.904],[69.886,31.909],[69.862,31.909],[69.844,31.916],[69.844,31.935],[69.852,31.947],[69.867,31.962],[69.87,31.984],[69.846,31.999],[69.812,32.009],[69.787,32.004],[69.773,31.99],[69.731,31.985],[69.699,31.986],[69.682,31.975],[69.675,31.95],[69.673,31.922],[69.641,31.902],[69.626,31.882],[69.588,31.881],[69.578,31.863],[69.528,31.859],[69.418,31.858],[69.381,31.859],[69.354,31.88],[69.341,31.913],[69.318,31.925],[69.306,31.927],[69.306,31.926],[69.273,31.915],[69.242,31.891],[69.218,31.869],[69.192,31.839],[69.166,31.805],[69.126,31.761],[69.093,31.739],[69.074,31.705],[69.025,31.664],[68.987,31.648],[68.93,31.62],[68.895,31.614],[68.845,31.614],[68.803,31.618],[68.767,31.644],[68.722,31.703],[68.663,31.771],[68.618,31.815],[68.588,31.831],[68.543,31.839],[68.512,31.825],[68.488,31.805],[68.477,31.781],[68.448,31.767],[68.335,31.767],[68.309,31.769],[68.273,31.785],[68.257,31.805],[68.231,31.821],[68.205,31.841],[68.181,31.841],[68.16,31.833],[68.141,31.805],[68.141,31.781],[68.127,31.745],[68.101,31.721],[68.068,31.701],[68.025,31.656],[67.988,31.652],[67.912,31.65],[67.886,31.646],[67.899,31.616],[67.917,31.596],[67.954,31.547],[67.976,31.534],[68.004,31.522],[68.02,31.507],[68.026,31.483],[68.021,31.466],[68.002,31.45],[67.982,31.444],[67.969,31.433],[67.947,31.422],[67.94,31.403],[67.94,31.355],[67.944,31.284],[67.948,31.265],[67.955,31.251],[67.957,31.237],[67.968,31.217],[67.982,31.2],[67.995,31.191],[68.019,31.182],[68.04,31.182],[68.065,31.178],[68.083,31.165],[68.11,31.159],[68.189,31.159],[68.206,31.163],[68.24,31.186],[68.284,31.209],[68.308,31.226],[68.351,31.235],[68.398,31.232],[68.519,31.236],[68.536,31.238],[68.567,31.254],[68.612,31.273],[68.64,31.291],[68.678,31.302],[68.705,31.29],[68.726,31.277],[68.743,31.247],[68.747,31.218],[68.75,31.167],[68.76,31.156],[68.77,31.132],[68.77,31.08],[68.778,31.055],[68.815,31.04],[68.84,31.044],[68.856,31.055],[68.867,31.077],[68.881,31.096],[68.893,31.097],[68.907,31.095],[68.946,31.062],[68.983,31.048],[69.019,31.043],[69.042,31.044],[69.069,31.057],[69.098,31.064],[69.122,31.063],[69.153,31.056],[69.191,31.026],[69.224,31.007],[69.252,31.003],[69.277,30.994],[69.308,30.945],[69.334,30.93],[69.372,30.932],[69.392,30.941],[69.4,30.955],[69.409,30.956],[69.42,30.942],[69.413,30.921],[69.365,30.876],[69.339,30.86],[69.323,30.826],[69.317,30.797],[69.29,30.76],[69.269,30.738],[69.214,30.714],[69.153,30.697],[69.124,30.681],[69.11,30.651],[69.118,30.625],[69.139,30.605],[69.143,30.58]]]}},{"type":"Feature","properties":{"name":"Musakhel","province":"Balochistan","areaHa":598134.5,"builtupPct":0.16,"builtupGainHa":-426.0,"vegChangeHa":9706.0,"netMgC":748293.7,"netMgCPerHa":1.251},"geometry":{"type":"Polygon","coordinates":[[[69.611,30.383],[69.64,30.364],[69.714,30.3],[69.739,30.287],[69.769,30.279],[69.781,30.268],[69.789,30.25],[69.79,30.248],[69.803,30.236],[69.836,30.222],[69.867,30.222],[69.899,30.225],[69.924,30.235],[69.945,30.249],[69.97,30.273],[69.964,30.274],[69.944,30.286],[69.936,30.311],[69.941,30.329],[69.959,30.337],[69.959,30.368],[69.963,30.383],[69.98,30.392],[69.991,30.41],[69.994,30.441],[70.0,30.459],[70.012,30.466],[70.021,30.489],[70.027,30.512],[70.036,30.527],[70.05,30.535],[70.066,30.564],[70.072,30.59],[70.068,30.639],[70.051,30.665],[70.045,30.681],[70.056,30.695],[70.089,30.708],[70.107,30.718],[70.137,30.743],[70.155,30.748],[70.169,30.756],[70.181,30.782],[70.187,30.807],[70.201,30.822],[70.219,30.839],[70.227,30.861],[70.227,30.9],[70.222,30.939],[70.225,30.985],[70.245,31.003],[70.249,31.053],[70.25,31.07],[70.251,31.117],[70.254,31.237],[70.251,31.351],[70.252,31.411],[70.23,31.426],[70.214,31.428],[70.186,31.415],[70.165,31.398],[70.107,31.383],[70.083,31.353],[70.081,31.331],[70.07,31.322],[70.076,31.296],[70.072,31.26],[70.042,31.24],[69.995,31.198],[69.973,31.198],[69.94,31.23],[69.911,31.239],[69.886,31.236],[69.85,31.221],[69.815,31.217],[69.787,31.217],[69.765,31.202],[69.748,31.173],[69.747,31.116],[69.752,31.086],[69.77,31.039],[69.774,31.012],[69.773,30.933],[69.76,30.896],[69.722,30.855],[69.718,30.83],[69.699,30.803],[69.691,30.783],[69.665,30.747],[69.649,30.729],[69.618,30.706],[69.591,30.694],[69.573,30.666],[69.573,30.625],[69.566,30.554],[69.543,30.538],[69.527,30.517],[69.516,30.497],[69.521,30.474],[69.539,30.462],[69.554,30.462],[69.57,30.454],[69.58,30.431],[69.598,30.425],[69.613,30.412],[69.62,30.391],[69.611,30.383]]]}},{"type":"Feature","properties":{"name":"Loralai","province":"Balochistan","areaHa":814225.6,"builtupPct":0.32,"builtupGainHa":265.2,"vegChangeHa":15883.0,"netMgC":784349.9,"netMgCPerHa":0.9633},"geometry":{"type":"Polygon","coordinates":[[[67.744,30.566],[67.758,30.54],[67.767,30.511],[67.789,30.5],[67.848,30.485],[67.855,30.439],[67.844,30.413],[67.815,30.384],[67.804,30.359],[67.806,30.348],[67.82,30.335],[67.82,30.319],[67.917,30.318],[67.934,30.302],[67.95,30.293],[67.977,30.291],[68.003,30.281],[68.023,30.271],[68.062,30.238],[68.077,30.222],[68.103,30.217],[68.132,30.213],[68.147,30.21],[68.15,30.198],[68.159,30.182],[68.18,30.164],[68.196,30.153],[68.213,30.148],[68.242,30.132],[68.252,30.117],[68.264,30.091],[68.282,30.077],[68.337,30.05],[68.36,30.041],[68.404,30.014],[68.424,29.999],[68.434,29.976],[68.449,29.964],[68.454,29.961],[68.466,29.952],[68.492,29.936],[68.515,29.914],[68.562,29.878],[68.575,29.863],[68.591,29.847],[68.625,29.834],[68.654,29.828],[68.704,29.831],[68.743,29.841],[68.793,29.846],[68.817,29.857],[68.893,29.912],[68.941,29.941],[68.962,29.949],[68.985,29.943],[69.006,29.925],[69.056,29.919],[69.3,29.919],[69.324,29.925],[69.352,29.94],[69.415,29.954],[69.431,29.965],[69.455,29.973],[69.455,29.973],[69.461,29.986],[69.46,30.01],[69.466,30.028],[69.482,30.037],[69.489,30.06],[69.513,30.067],[69.568,30.107],[69.569,30.127],[69.587,30.145],[69.607,30.146],[69.608,30.128],[69.601,30.109],[69.599,30.087],[69.604,30.072],[69.614,30.065],[69.634,30.064],[69.659,30.07],[69.682,30.093],[69.687,30.114],[69.693,30.128],[69.703,30.137],[69.712,30.174],[69.75,30.203],[69.76,30.226],[69.789,30.25],[69.781,30.268],[69.769,30.279],[69.739,30.287],[69.714,30.3],[69.64,30.364],[69.611,30.383],[69.609,30.382],[69.58,30.384],[69.55,30.397],[69.493,30.444],[69.466,30.457],[69.435,30.461],[69.416,30.473],[69.402,30.488],[69.382,30.517],[69.359,30.53],[69.324,30.537],[69.292,30.546],[69.269,30.572],[69.24,30.596],[69.209,30.602],[69.186,30.597],[69.159,30.582],[69.143,30.58],[69.145,30.569],[69.11,30.538],[68.988,30.483],[68.904,30.449],[68.85,30.444],[68.818,30.459],[68.797,30.479],[68.77,30.499],[68.736,30.509],[68.695,30.509],[68.656,30.494],[68.615,30.487],[68.527,30.488],[68.498,30.492],[68.475,30.506],[68.443,30.509],[68.385,30.507],[68.355,30.498],[68.337,30.489],[68.317,30.487],[68.282,30.492],[68.265,30.505],[68.262,30.521],[68.253,30.545],[68.229,30.556],[68.205,30.555],[68.162,30.54],[68.14,30.543],[68.126,30.555],[68.093,30.562],[68.059,30.563],[68.035,30.571],[68.027,30.591],[68.013,30.611],[67.985,30.617],[67.964,30.609],[67.951,30.594],[67.933,30.589],[67.883,30.588],[67.841,30.581],[67.813,30.573],[67.774,30.571],[67.747,30.568],[67.746,30.567],[67.744,30.566]]]}},{"type":"Feature","properties":{"name":"Sibi","province":"Balochistan","areaHa":494728.5,"builtupPct":0.38,"builtupGainHa":372.5,"vegChangeHa":20606.6,"netMgC":763492.4,"netMgCPerHa":1.5433},"geometry":{"type":"Polygon","coordinates":[[[67.321,30.2],[67.336,30.179],[67.348,30.158],[67.356,30.137],[67.374,30.129],[67.394,30.126],[67.463,30.123],[67.48,30.117],[67.481,30.096],[67.497,30.091],[67.503,30.069],[67.504,30.017],[67.491,29.986],[67.467,29.969],[67.443,29.943],[67.429,29.908],[67.425,29.905],[67.441,29.891],[67.465,29.88],[67.503,29.876],[67.509,29.855],[67.51,29.841],[67.55,29.8],[67.555,29.786],[67.558,29.736],[67.554,29.698],[67.578,29.653],[67.599,29.637],[67.657,29.632],[67.687,29.627],[67.699,29.615],[67.732,29.596],[67.769,29.578],[67.803,29.556],[67.83,29.551],[67.834,29.537],[67.837,29.511],[67.852,29.497],[67.863,29.481],[67.862,29.462],[67.866,29.429],[67.865,29.415],[67.888,29.409],[67.906,29.41],[67.92,29.4],[67.923,29.38],[67.922,29.364],[67.927,29.354],[67.937,29.343],[67.937,29.325],[67.942,29.295],[67.959,29.289],[67.988,29.284],[68.01,29.287],[68.021,29.291],[68.039,29.303],[68.073,29.307],[68.09,29.303],[68.101,29.292],[68.118,29.286],[68.14,29.273],[68.158,29.268],[68.182,29.274],[68.216,29.303],[68.215,29.308],[68.213,29.317],[68.197,29.331],[68.181,29.336],[68.167,29.348],[68.164,29.374],[68.165,29.394],[68.177,29.41],[68.191,29.42],[68.204,29.449],[68.22,29.462],[68.226,29.485],[68.263,29.522],[68.265,29.537],[68.253,29.551],[68.207,29.574],[68.2,29.581],[68.186,29.602],[68.172,29.605],[68.157,29.606],[68.094,29.604],[68.056,29.606],[68.038,29.61],[68.021,29.625],[68.009,29.641],[68.018,29.66],[68.03,29.68],[68.051,29.702],[68.072,29.74],[68.136,29.799],[68.163,29.815],[68.195,29.821],[68.227,29.824],[68.245,29.835],[68.259,29.851],[68.28,29.858],[68.301,29.874],[68.337,29.876],[68.367,29.89],[68.381,29.906],[68.454,29.961],[68.449,29.964],[68.434,29.976],[68.424,29.999],[68.404,30.014],[68.36,30.041],[68.337,30.05],[68.282,30.077],[68.264,30.091],[68.252,30.117],[68.242,30.132],[68.213,30.148],[68.196,30.153],[68.18,30.164],[68.159,30.182],[68.15,30.198],[68.147,30.21],[68.132,30.213],[68.103,30.217],[68.077,30.222],[68.062,30.238],[68.023,30.271],[68.003,30.281],[67.977,30.291],[67.95,30.293],[67.934,30.302],[67.917,30.318],[67.82,30.319],[67.82,30.301],[67.802,30.282],[67.767,30.262],[67.738,30.253],[67.703,30.251],[67.687,30.23],[67.657,30.228],[67.626,30.238],[67.604,30.261],[67.562,30.285],[67.531,30.278],[67.489,30.264],[67.471,30.266],[67.443,30.287],[67.401,30.302],[67.361,30.297],[67.338,30.283],[67.348,30.257],[67.339,30.209],[67.321,30.2]]]}},{"type":"Feature","properties":{"name":"Barkhan","province":"Balochistan","areaHa":349027.3,"builtupPct":0.38,"builtupGainHa":454.0,"vegChangeHa":7189.6,"netMgC":415507.3,"netMgCPerHa":1.1905},"geometry":{"type":"Polygon","coordinates":[[[69.789,30.25],[69.76,30.226],[69.75,30.203],[69.712,30.174],[69.703,30.137],[69.693,30.128],[69.687,30.114],[69.682,30.093],[69.659,30.07],[69.634,30.064],[69.614,30.065],[69.604,30.072],[69.599,30.087],[69.601,30.109],[69.608,30.128],[69.607,30.146],[69.587,30.145],[69.569,30.127],[69.568,30.107],[69.513,30.067],[69.489,30.06],[69.482,30.037],[69.466,30.028],[69.46,30.01],[69.461,29.986],[69.455,29.973],[69.455,29.973],[69.458,29.968],[69.468,29.965],[69.485,29.966],[69.496,29.965],[69.501,29.958],[69.499,29.946],[69.491,29.923],[69.489,29.899],[69.484,29.879],[69.475,29.866],[69.459,29.855],[69.434,29.845],[69.422,29.828],[69.404,29.823],[69.366,29.824],[69.345,29.813],[69.337,29.791],[69.328,29.782],[69.31,29.779],[69.297,29.779],[69.278,29.773],[69.262,29.76],[69.247,29.742],[69.222,29.724],[69.2,29.715],[69.187,29.702],[69.179,29.69],[69.172,29.675],[69.106,29.67],[69.097,29.666],[69.089,29.652],[69.097,29.636],[69.114,29.627],[69.126,29.608],[69.169,29.606],[69.191,29.602],[69.202,29.594],[69.204,29.578],[69.216,29.578],[69.232,29.569],[69.241,29.556],[69.255,29.553],[69.269,29.548],[69.28,29.541],[69.298,29.537],[69.341,29.532],[69.383,29.541],[69.406,29.549],[69.447,29.575],[69.471,29.595],[69.499,29.611],[69.527,29.619],[69.55,29.609],[69.567,29.595],[69.593,29.582],[69.595,29.599],[69.608,29.607],[69.622,29.621],[69.622,29.635],[69.635,29.656],[69.646,29.661],[69.666,29.668],[69.717,29.677],[69.741,29.695],[69.764,29.737],[69.791,29.781],[69.814,29.806],[69.82,29.831],[69.874,29.89],[69.874,29.926],[69.894,29.939],[69.901,29.963],[69.906,30.009],[69.95,30.026],[69.957,30.051],[69.959,30.137],[70.001,30.183],[70.027,30.208],[70.03,30.228],[70.021,30.249],[70.007,30.261],[69.983,30.269],[69.97,30.273],[69.945,30.249],[69.924,30.235],[69.899,30.225],[69.867,30.222],[69.836,30.222],[69.803,30.236],[69.79,30.248],[69.789,30.25]]]}},{"type":"Feature","properties":{"name":"Kohlu","province":"Balochistan","areaHa":769005.6,"builtupPct":0.54,"builtupGainHa":2820.7,"vegChangeHa":12964.0,"netMgC":643162.2,"netMgCPerHa":0.8364},"geometry":{"type":"Polygon","coordinates":[[[68.454,29.961],[68.381,29.906],[68.367,29.89],[68.337,29.876],[68.301,29.874],[68.28,29.858],[68.259,29.851],[68.245,29.835],[68.227,29.824],[68.195,29.821],[68.163,29.815],[68.136,29.799],[68.072,29.74],[68.051,29.702],[68.03,29.68],[68.018,29.66],[68.009,29.641],[68.021,29.625],[68.038,29.61],[68.056,29.606],[68.094,29.604],[68.157,29.606],[68.172,29.605],[68.186,29.602],[68.2,29.581],[68.207,29.574],[68.253,29.551],[68.265,29.537],[68.263,29.522],[68.226,29.485],[68.22,29.462],[68.204,29.449],[68.191,29.42],[68.177,29.41],[68.165,29.394],[68.164,29.374],[68.167,29.348],[68.181,29.336],[68.197,29.331],[68.213,29.317],[68.215,29.308],[68.236,29.303],[68.257,29.288],[68.352,29.217],[68.366,29.211],[68.393,29.208],[68.408,29.202],[68.428,29.19],[68.481,29.155],[68.499,29.138],[68.509,29.137],[68.533,29.135],[68.558,29.144],[68.604,29.169],[68.628,29.178],[68.685,29.182],[68.705,29.193],[68.722,29.198],[68.74,29.194],[68.764,29.185],[68.829,29.184],[68.855,29.178],[68.887,29.164],[68.935,29.155],[68.95,29.149],[68.953,29.142],[68.965,29.137],[68.989,29.137],[69.017,29.14],[69.033,29.151],[69.039,29.171],[69.049,29.186],[69.07,29.199],[69.091,29.198],[69.119,29.173],[69.138,29.164],[69.206,29.163],[69.238,29.167],[69.265,29.176],[69.277,29.188],[69.289,29.24],[69.306,29.262],[69.331,29.284],[69.352,29.288],[69.374,29.303],[69.397,29.314],[69.409,29.327],[69.424,29.34],[69.507,29.366],[69.523,29.384],[69.519,29.422],[69.487,29.434],[69.467,29.443],[69.461,29.462],[69.472,29.5],[69.487,29.534],[69.509,29.547],[69.529,29.557],[69.55,29.565],[69.594,29.562],[69.593,29.576],[69.593,29.582],[69.567,29.595],[69.55,29.609],[69.527,29.619],[69.499,29.611],[69.471,29.595],[69.447,29.575],[69.406,29.549],[69.383,29.541],[69.341,29.532],[69.298,29.537],[69.28,29.541],[69.269,29.548],[69.255,29.553],[69.241,29.556],[69.232,29.569],[69.216,29.578],[69.204,29.578],[69.202,29.594],[69.191,29.602],[69.169,29.606],[69.126,29.608],[69.114,29.627],[69.097,29.636],[69.089,29.652],[69.097,29.666],[69.106,29.67],[69.172,29.675],[69.179,29.69],[69.187,29.702],[69.2,29.715],[69.222,29.724],[69.247,29.742],[69.262,29.76],[69.278,29.773],[69.297,29.779],[69.31,29.779],[69.328,29.782],[69.337,29.791],[69.345,29.813],[69.366,29.824],[69.404,29.823],[69.422,29.828],[69.434,29.845],[69.459,29.855],[69.475,29.866],[69.484,29.879],[69.489,29.899],[69.491,29.923],[69.499,29.946],[69.501,29.958],[69.496,29.965],[69.485,29.966],[69.468,29.965],[69.458,29.968],[69.455,29.973],[69.431,29.965],[69.415,29.954],[69.352,29.94],[69.324,29.925],[69.3,29.919],[69.056,29.919],[69.006,29.925],[68.985,29.943],[68.962,29.949],[68.941,29.941],[68.893,29.912],[68.817,29.857],[68.793,29.846],[68.743,29.841],[68.704,29.831],[68.654,29.828],[68.625,29.834],[68.591,29.847],[68.575,29.863],[68.562,29.878],[68.515,29.914],[68.492,29.936],[68.466,29.952],[68.454,29.961]]]}},{"type":"Feature","properties":{"name":"Dera Bugti","province":"Balochistan","areaHa":1027102.5,"builtupPct":0.48,"builtupGainHa":2674.4,"vegChangeHa":14073.0,"netMgC":755797.2,"netMgCPerHa":0.7359},"geometry":{"type":"Polygon","coordinates":[[[68.509,29.137],[68.502,29.128],[68.484,29.117],[68.459,29.117],[68.44,29.119],[68.412,29.132],[68.382,29.159],[68.348,29.153],[68.335,29.144],[68.326,29.119],[68.334,29.087],[68.357,29.066],[68.378,29.06],[68.388,29.035],[68.411,29.017],[68.424,29.0],[68.442,28.969],[68.453,28.954],[68.462,28.942],[68.476,28.91],[68.473,28.778],[68.479,28.734],[68.484,28.705],[68.495,28.678],[68.498,28.643],[68.498,28.617],[68.499,28.604],[68.549,28.56],[68.586,28.543],[68.605,28.514],[68.628,28.503],[68.67,28.489],[68.699,28.459],[68.77,28.447],[68.818,28.425],[68.836,28.421],[68.929,28.415],[68.995,28.413],[69.016,28.411],[69.054,28.412],[69.086,28.42],[69.096,28.428],[69.112,28.434],[69.129,28.428],[69.141,28.413],[69.146,28.4],[69.253,28.4],[69.366,28.4],[69.404,28.412],[69.403,28.42],[69.403,28.428],[69.381,28.437],[69.372,28.452],[69.371,28.476],[69.359,28.495],[69.341,28.505],[69.341,28.524],[69.359,28.536],[69.392,28.544],[69.433,28.562],[69.448,28.582],[69.448,28.609],[69.472,28.631],[69.474,28.664],[69.49,28.688],[69.536,28.714],[69.555,28.733],[69.554,28.76],[69.537,28.78],[69.514,28.793],[69.499,28.805],[69.492,28.822],[69.492,28.837],[69.502,28.865],[69.52,28.888],[69.557,28.914],[69.588,28.944],[69.596,28.97],[69.619,28.988],[69.628,29.011],[69.7,29.068],[69.705,29.095],[69.726,29.116],[69.737,29.155],[69.734,29.183],[69.753,29.204],[69.764,29.225],[69.762,29.251],[69.732,29.269],[69.708,29.265],[69.684,29.264],[69.666,29.277],[69.647,29.307],[69.641,29.374],[69.623,29.385],[69.619,29.398],[69.587,29.398],[69.573,29.406],[69.569,29.422],[69.567,29.444],[69.572,29.463],[69.584,29.473],[69.59,29.486],[69.596,29.531],[69.594,29.562],[69.55,29.565],[69.529,29.557],[69.509,29.547],[69.487,29.534],[69.472,29.5],[69.461,29.462],[69.467,29.443],[69.487,29.434],[69.519,29.422],[69.523,29.384],[69.507,29.366],[69.424,29.34],[69.409,29.327],[69.397,29.314],[69.374,29.303],[69.352,29.288],[69.331,29.284],[69.306,29.262],[69.289,29.24],[69.277,29.188],[69.265,29.176],[69.238,29.167],[69.206,29.163],[69.138,29.164],[69.119,29.173],[69.091,29.198],[69.07,29.199],[69.049,29.186],[69.039,29.171],[69.033,29.151],[69.017,29.14],[68.989,29.137],[68.965,29.137],[68.953,29.142],[68.95,29.149],[68.935,29.155],[68.887,29.164],[68.855,29.178],[68.829,29.184],[68.764,29.185],[68.74,29.194],[68.722,29.198],[68.705,29.193],[68.685,29.182],[68.628,29.178],[68.604,29.169],[68.558,29.144],[68.533,29.135],[68.509,29.137]]]}},{"type":"Feature","properties":{"name":"Kalat","province":"Balochistan","areaHa":1384452.7,"builtupPct":0.69,"builtupGainHa":904.6,"vegChangeHa":-45521.7,"netMgC":-1737667.1,"netMgCPerHa":-1.2551},"geometry":{"type":"Polygon","coordinates":[[[67.294,28.785],[67.319,28.791],[67.336,28.796],[67.36,28.81],[67.373,28.825],[67.376,28.84],[67.366,28.896],[67.388,28.913],[67.412,28.922],[67.434,28.943],[67.435,28.98],[67.44,29.009],[67.452,29.022],[67.495,29.051],[67.5,29.061],[67.519,29.068],[67.525,29.086],[67.524,29.253],[67.503,29.313],[67.47,29.32],[67.46,29.333],[67.442,29.361],[67.431,29.374],[67.419,29.382],[67.406,29.384],[67.389,29.391],[67.387,29.43],[67.376,29.475],[67.366,29.482],[67.349,29.479],[67.331,29.464],[67.295,29.457],[67.274,29.437],[67.26,29.432],[67.235,29.436],[67.215,29.443],[67.206,29.447],[67.205,29.446],[67.184,29.434],[67.16,29.4],[67.143,29.389],[66.93,29.389],[66.916,29.393],[66.916,29.411],[66.936,29.436],[66.943,29.466],[66.925,29.483],[66.895,29.49],[66.86,29.487],[66.832,29.479],[66.775,29.425],[66.744,29.406],[66.727,29.404],[66.699,29.416],[66.686,29.43],[66.685,29.452],[66.696,29.477],[66.707,29.494],[66.724,29.528],[66.719,29.557],[66.703,29.571],[66.676,29.578],[66.658,29.575],[66.642,29.565],[66.625,29.547],[66.61,29.525],[66.597,29.51],[66.568,29.482],[66.542,29.461],[66.519,29.438],[66.496,29.418],[66.489,29.384],[66.489,29.357],[66.479,29.345],[66.46,29.33],[66.429,29.319],[66.392,29.318],[66.37,29.32],[66.344,29.32],[66.319,29.339],[66.306,29.357],[66.282,29.352],[66.276,29.338],[66.267,29.332],[66.264,29.298],[66.266,29.248],[66.264,29.229],[66.247,29.215],[66.234,29.207],[66.217,29.172],[66.199,29.128],[66.199,29.098],[66.215,29.077],[66.228,29.073],[66.236,29.063],[66.238,29.032],[66.238,29.005],[66.23,28.909],[66.213,28.899],[66.183,28.84],[66.145,28.789],[66.124,28.774],[66.104,28.747],[66.1,28.729],[66.103,28.69],[66.126,28.678],[66.148,28.675],[66.154,28.655],[66.153,28.602],[66.145,28.545],[66.129,28.526],[66.115,28.487],[66.098,28.463],[66.079,28.442],[66.065,28.416],[66.045,28.387],[66.019,28.372],[65.984,28.34],[65.975,28.309],[65.941,28.248],[65.929,28.229],[65.914,28.21],[65.934,28.185],[65.951,28.175],[65.964,28.155],[65.963,28.124],[65.958,28.102],[65.939,28.075],[65.951,28.05],[66.015,28.024],[66.04,28.0],[66.048,27.976],[66.055,27.937],[66.046,27.925],[66.079,27.922],[66.116,27.918],[66.167,27.918],[66.211,27.924],[66.238,27.946],[66.26,27.959],[66.298,27.975],[66.344,28.01],[66.362,28.017],[66.385,28.032],[66.402,28.043],[66.418,28.058],[66.459,28.069],[66.474,28.083],[66.497,28.091],[66.507,28.098],[66.518,28.109],[66.538,28.113],[66.553,28.124],[66.562,28.137],[66.581,28.14],[66.588,28.153],[66.598,28.194],[66.605,28.237],[66.592,28.265],[66.563,28.289],[66.52,28.33],[66.504,28.349],[66.5,28.376],[66.5,28.399],[66.515,28.438],[66.535,28.463],[66.567,28.484],[66.58,28.515],[66.593,28.525],[66.616,28.527],[66.634,28.527],[66.681,28.532],[66.699,28.541],[66.713,28.558],[66.726,28.57],[66.744,28.604],[66.754,28.61],[66.761,28.616],[66.764,28.632],[66.774,28.657],[66.79,28.67],[66.805,28.704],[66.828,28.731],[66.853,28.754],[66.874,28.77],[66.903,28.781],[66.976,28.786],[67.17,28.786],[67.293,28.785],[67.294,28.785]]]}},{"type":"Feature","properties":{"name":"Jafarabad","province":"Balochistan","areaHa":179179.6,"builtupPct":1.06,"builtupGainHa":241.9,"vegChangeHa":-1369.2,"netMgC":-28402.1,"netMgCPerHa":-0.1585},"geometry":{"type":"Polygon","coordinates":[[[68.498,28.617],[68.467,28.613],[68.446,28.6],[68.427,28.58],[68.419,28.565],[68.417,28.544],[68.418,28.527],[68.425,28.514],[68.435,28.502],[68.446,28.462],[68.443,28.432],[68.431,28.41],[68.413,28.395],[68.411,28.382],[68.386,28.376],[68.335,28.37],[68.298,28.372],[68.271,28.384],[68.265,28.393],[68.246,28.401],[68.227,28.401],[68.212,28.399],[68.196,28.385],[68.19,28.372],[68.179,28.352],[68.164,28.343],[68.147,28.336],[68.134,28.325],[68.12,28.319],[68.101,28.282],[68.078,28.271],[68.069,28.249],[68.054,28.236],[68.042,28.209],[68.019,28.199],[67.997,28.181],[67.946,28.176],[67.879,28.157],[67.854,28.154],[67.833,28.152],[67.824,28.151],[67.785,28.139],[67.741,28.139],[67.711,28.136],[67.687,28.123],[67.679,28.024],[67.684,27.972],[67.694,27.951],[67.709,27.928],[67.718,27.897],[67.716,27.864],[67.759,27.864],[67.804,27.861],[67.839,27.861],[67.856,27.895],[67.863,27.907],[67.916,27.919],[67.919,27.92],[67.959,27.93],[67.984,27.943],[68.033,28.003],[68.06,28.023],[68.104,28.051],[68.142,28.078],[68.181,28.102],[68.214,28.134],[68.241,28.156],[68.267,28.171],[68.291,28.187],[68.317,28.199],[68.344,28.203],[68.406,28.207],[68.432,28.224],[68.444,28.248],[68.445,28.271],[68.458,28.279],[68.47,28.304],[68.471,28.323],[68.488,28.327],[68.515,28.352],[68.529,28.368],[68.569,28.374],[68.665,28.375],[68.793,28.383],[68.855,28.383],[68.958,28.388],[69.0,28.396],[69.002,28.396],[69.08,28.4],[69.146,28.4],[69.141,28.413],[69.129,28.428],[69.112,28.434],[69.096,28.428],[69.086,28.42],[69.054,28.412],[69.016,28.411],[68.995,28.413],[68.929,28.415],[68.836,28.421],[68.818,28.425],[68.77,28.447],[68.699,28.459],[68.67,28.489],[68.628,28.503],[68.605,28.514],[68.586,28.543],[68.549,28.56],[68.499,28.604],[68.498,28.617]]]}},{"type":"Feature","properties":{"name":"Nasirabad","province":"Balochistan","areaHa":323457.1,"builtupPct":0.27,"builtupGainHa":386.0,"vegChangeHa":62893.8,"netMgC":2478081.7,"netMgCPerHa":7.6612},"geometry":{"type":"Polygon","coordinates":[[[68.453,28.954],[68.447,28.949],[68.429,28.94],[68.409,28.938],[68.359,28.938],[68.353,28.93],[68.329,28.915],[68.318,28.912],[68.294,28.898],[68.283,28.893],[68.271,28.893],[68.26,28.892],[68.261,28.881],[68.268,28.875],[68.276,28.854],[68.286,28.846],[68.3,28.831],[68.309,28.816],[68.304,28.796],[68.256,28.768],[68.233,28.766],[68.194,28.758],[68.183,28.749],[68.167,28.743],[68.151,28.735],[68.135,28.716],[68.118,28.702],[68.093,28.693],[68.073,28.696],[68.045,28.709],[68.003,28.707],[67.987,28.697],[67.977,28.678],[67.983,28.666],[67.992,28.66],[67.996,28.64],[67.994,28.606],[67.989,28.582],[67.962,28.574],[67.889,28.567],[67.859,28.561],[67.839,28.554],[67.838,28.553],[67.828,28.539],[67.829,28.525],[67.822,28.513],[67.804,28.502],[67.794,28.491],[67.788,28.467],[67.793,28.402],[67.797,28.313],[67.797,28.272],[67.805,28.251],[67.822,28.23],[67.83,28.205],[67.83,28.183],[67.831,28.165],[67.833,28.152],[67.854,28.154],[67.879,28.157],[67.946,28.176],[67.997,28.181],[68.019,28.199],[68.042,28.209],[68.054,28.236],[68.069,28.249],[68.078,28.271],[68.101,28.282],[68.12,28.319],[68.134,28.325],[68.147,28.336],[68.164,28.343],[68.179,28.352],[68.19,28.372],[68.196,28.385],[68.212,28.399],[68.227,28.401],[68.246,28.401],[68.265,28.393],[68.271,28.384],[68.298,28.372],[68.335,28.37],[68.386,28.376],[68.411,28.382],[68.413,28.395],[68.431,28.41],[68.443,28.432],[68.446,28.462],[68.435,28.502],[68.425,28.514],[68.418,28.527],[68.417,28.544],[68.419,28.565],[68.427,28.58],[68.446,28.6],[68.467,28.613],[68.498,28.617],[68.498,28.643],[68.495,28.678],[68.484,28.705],[68.479,28.734],[68.473,28.778],[68.476,28.91],[68.462,28.942],[68.453,28.954]]]}},{"type":"Feature","properties":{"name":"Jhal Magsi","province":"Balochistan","areaHa":384127.3,"builtupPct":0.21,"builtupGainHa":177.0,"vegChangeHa":33646.5,"netMgC":1299193.9,"netMgCPerHa":3.3822},"geometry":{"type":"Polygon","coordinates":[[[67.469,27.835],[67.482,27.839],[67.51,27.839],[67.537,27.831],[67.584,27.825],[67.606,27.827],[67.635,27.843],[67.656,27.857],[67.691,27.864],[67.716,27.864],[67.718,27.897],[67.709,27.928],[67.694,27.951],[67.684,27.972],[67.679,28.024],[67.687,28.123],[67.711,28.136],[67.741,28.139],[67.785,28.139],[67.824,28.151],[67.833,28.152],[67.831,28.165],[67.83,28.183],[67.83,28.205],[67.822,28.23],[67.805,28.251],[67.797,28.272],[67.797,28.313],[67.793,28.402],[67.788,28.467],[67.794,28.491],[67.804,28.502],[67.822,28.513],[67.829,28.525],[67.828,28.539],[67.838,28.553],[67.839,28.554],[67.813,28.575],[67.802,28.588],[67.799,28.62],[67.793,28.651],[67.78,28.668],[67.764,28.678],[67.751,28.695],[67.744,28.713],[67.745,28.723],[67.761,28.75],[67.761,28.767],[67.746,28.791],[67.719,28.797],[67.685,28.798],[67.659,28.797],[67.631,28.792],[67.597,28.77],[67.585,28.755],[67.581,28.74],[67.589,28.721],[67.587,28.701],[67.577,28.681],[67.566,28.675],[67.542,28.675],[67.524,28.683],[67.505,28.694],[67.483,28.698],[67.466,28.699],[67.451,28.694],[67.441,28.688],[67.427,28.677],[67.406,28.671],[67.377,28.669],[67.347,28.664],[67.319,28.657],[67.316,28.654],[67.303,28.641],[67.3,28.625],[67.292,28.605],[67.277,28.592],[67.268,28.569],[67.259,28.501],[67.244,28.494],[67.239,28.456],[67.241,28.401],[67.236,28.356],[67.247,28.338],[67.284,28.332],[67.351,28.328],[67.368,28.324],[67.38,28.308],[67.408,28.287],[67.416,28.268],[67.427,28.252],[67.426,28.229],[67.445,28.192],[67.45,28.167],[67.443,28.136],[67.445,28.043],[67.452,27.917],[67.456,27.877],[67.461,27.854],[67.469,27.835]]]}},{"type":"Feature","properties":{"name":"Kachhi","province":"Balochistan","areaHa":533238.7,"builtupPct":0.34,"builtupGainHa":116.9,"vegChangeHa":38350.6,"netMgC":1556241.6,"netMgCPerHa":2.9185},"geometry":{"type":"Polygon","coordinates":[[[67.316,28.654],[67.319,28.657],[67.347,28.664],[67.377,28.669],[67.406,28.671],[67.427,28.677],[67.441,28.688],[67.451,28.694],[67.466,28.699],[67.483,28.698],[67.505,28.694],[67.524,28.683],[67.542,28.675],[67.566,28.675],[67.577,28.681],[67.587,28.701],[67.589,28.721],[67.581,28.74],[67.585,28.755],[67.597,28.77],[67.631,28.792],[67.659,28.797],[67.685,28.798],[67.719,28.797],[67.746,28.791],[67.761,28.767],[67.761,28.75],[67.745,28.723],[67.744,28.713],[67.751,28.695],[67.764,28.678],[67.78,28.668],[67.793,28.651],[67.799,28.62],[67.802,28.588],[67.813,28.575],[67.839,28.554],[67.859,28.561],[67.889,28.567],[67.962,28.574],[67.989,28.582],[67.994,28.606],[67.996,28.64],[67.992,28.66],[67.983,28.666],[67.977,28.678],[67.987,28.697],[68.003,28.707],[68.045,28.709],[68.073,28.696],[68.093,28.693],[68.118,28.702],[68.135,28.716],[68.151,28.735],[68.167,28.743],[68.183,28.749],[68.194,28.758],[68.233,28.766],[68.256,28.768],[68.304,28.796],[68.309,28.816],[68.3,28.831],[68.286,28.846],[68.276,28.854],[68.268,28.875],[68.261,28.881],[68.26,28.892],[68.271,28.893],[68.283,28.893],[68.294,28.898],[68.318,28.912],[68.329,28.915],[68.353,28.93],[68.359,28.938],[68.409,28.938],[68.429,28.94],[68.447,28.949],[68.453,28.954],[68.442,28.969],[68.424,29.0],[68.411,29.017],[68.388,29.035],[68.378,29.06],[68.357,29.066],[68.334,29.087],[68.326,29.119],[68.335,29.144],[68.348,29.153],[68.382,29.159],[68.412,29.132],[68.44,29.119],[68.459,29.117],[68.484,29.117],[68.502,29.128],[68.509,29.137],[68.499,29.138],[68.481,29.155],[68.428,29.19],[68.408,29.202],[68.393,29.208],[68.366,29.211],[68.352,29.217],[68.257,29.288],[68.236,29.303],[68.215,29.308],[68.216,29.303],[68.182,29.274],[68.158,29.268],[68.14,29.273],[68.118,29.286],[68.101,29.292],[68.09,29.303],[68.073,29.307],[68.039,29.303],[68.021,29.291],[68.01,29.287],[67.988,29.284],[67.959,29.289],[67.942,29.295],[67.937,29.325],[67.937,29.343],[67.927,29.354],[67.922,29.364],[67.923,29.38],[67.92,29.4],[67.906,29.41],[67.888,29.409],[67.865,29.415],[67.866,29.429],[67.862,29.462],[67.863,29.481],[67.852,29.497],[67.837,29.511],[67.834,29.537],[67.83,29.551],[67.803,29.556],[67.769,29.578],[67.732,29.596],[67.699,29.615],[67.687,29.627],[67.657,29.632],[67.599,29.637],[67.578,29.653],[67.554,29.698],[67.558,29.736],[67.555,29.786],[67.55,29.8],[67.51,29.841],[67.509,29.855],[67.503,29.876],[67.465,29.88],[67.441,29.891],[67.425,29.905],[67.407,29.895],[67.388,29.901],[67.364,29.914],[67.345,29.928],[67.308,29.929],[67.259,29.929],[67.233,29.92],[67.201,29.901],[67.192,29.869],[67.191,29.843],[67.197,29.815],[67.211,29.797],[67.221,29.778],[67.231,29.72],[67.262,29.705],[67.291,29.7],[67.317,29.691],[67.324,29.662],[67.307,29.619],[67.287,29.598],[67.266,29.582],[67.243,29.554],[67.238,29.498],[67.226,29.472],[67.206,29.447],[67.215,29.443],[67.235,29.436],[67.26,29.432],[67.274,29.437],[67.295,29.457],[67.331,29.464],[67.349,29.479],[67.366,29.482],[67.376,29.475],[67.387,29.43],[67.389,29.391],[67.406,29.384],[67.419,29.382],[67.431,29.374],[67.442,29.361],[67.46,29.333],[67.47,29.32],[67.503,29.313],[67.524,29.253],[67.525,29.086],[67.519,29.068],[67.5,29.061],[67.495,29.051],[67.452,29.022],[67.44,29.009],[67.435,28.98],[67.434,28.943],[67.412,28.922],[67.388,28.913],[67.366,28.896],[67.376,28.84],[67.373,28.825],[67.36,28.81],[67.336,28.796],[67.319,28.791],[67.294,28.785],[67.294,28.78],[67.299,28.741],[67.3,28.716],[67.31,28.704],[67.314,28.684],[67.316,28.654]]]}},{"type":"Feature","properties":{"name":"Awaran","province":"Balochistan","areaHa":2492952.7,"builtupPct":1.6,"builtupGainHa":-7659.7,"vegChangeHa":73546.1,"netMgC":2931151.0,"netMgCPerHa":1.1758},"geometry":{"type":"Polygon","coordinates":[[[65.655,27.393],[65.65,27.385],[65.634,27.35],[65.636,27.255],[65.628,27.229],[65.602,27.208],[65.575,27.179],[65.53,27.123],[65.491,27.07],[65.433,27.005],[65.403,26.961],[65.391,26.93],[65.387,26.914],[65.395,26.839],[65.393,26.814],[65.382,26.79],[65.36,26.768],[65.338,26.751],[65.303,26.718],[65.297,26.694],[65.254,26.652],[65.209,26.615],[65.097,26.533],[64.986,26.447],[64.976,26.426],[64.975,26.409],[64.981,26.395],[64.981,26.381],[64.964,26.362],[64.918,26.357],[64.83,26.359],[64.785,26.362],[64.752,26.379],[64.724,26.384],[64.596,26.386],[64.553,26.369],[64.536,26.366],[64.513,26.363],[64.495,26.357],[64.489,26.342],[64.491,26.271],[64.475,26.254],[64.486,26.238],[64.508,26.197],[64.524,26.176],[64.535,26.171],[64.555,26.153],[64.576,26.132],[64.576,26.087],[64.579,26.062],[64.551,26.047],[64.518,26.042],[64.487,26.033],[64.455,26.014],[64.44,25.99],[64.424,25.949],[64.41,25.936],[64.403,25.908],[64.4,25.861],[64.379,25.844],[64.369,25.779],[64.348,25.761],[64.328,25.74],[64.328,25.724],[64.332,25.703],[64.34,25.688],[64.36,25.676],[64.375,25.675],[64.402,25.668],[64.396,25.641],[64.384,25.629],[64.36,25.623],[64.306,25.623],[64.273,25.613],[64.221,25.581],[64.19,25.577],[64.174,25.576],[64.176,25.57],[64.18,25.557],[64.163,25.519],[64.163,25.5],[64.179,25.488],[64.216,25.487],[64.236,25.488],[64.3,25.488],[64.319,25.477],[64.324,25.466],[64.392,25.453],[64.408,25.446],[64.438,25.448],[64.459,25.461],[64.481,25.478],[64.506,25.49],[64.575,25.514],[64.611,25.514],[64.657,25.518],[64.73,25.525],[64.753,25.529],[64.778,25.542],[64.798,25.549],[64.872,25.552],[64.889,25.554],[64.906,25.564],[64.919,25.575],[65.138,25.574],[65.171,25.581],[65.196,25.591],[65.222,25.597],[65.244,25.593],[65.259,25.58],[65.265,25.558],[65.265,25.541],[65.318,25.56],[65.349,25.572],[65.375,25.579],[65.41,25.584],[65.431,25.589],[65.467,25.608],[65.488,25.629],[65.517,25.641],[65.542,25.653],[65.557,25.652],[65.577,25.636],[65.583,25.616],[65.563,25.585],[65.56,25.571],[65.573,25.547],[65.59,25.531],[65.612,25.525],[65.667,25.52],[65.692,25.522],[65.714,25.529],[65.734,25.532],[65.784,25.516],[65.801,25.509],[65.824,25.503],[65.849,25.501],[65.919,25.501],[65.949,25.504],[65.984,25.511],[66.054,25.517],[66.078,25.517],[66.114,25.522],[66.159,25.534],[66.182,25.544],[66.194,25.561],[66.193,25.589],[66.207,25.611],[66.222,25.624],[66.27,25.656],[66.279,25.679],[66.275,25.713],[66.279,25.737],[66.293,25.756],[66.31,25.773],[66.327,25.799],[66.334,25.828],[66.331,25.86],[66.326,25.88],[66.317,25.9],[66.307,25.914],[66.292,25.93],[66.284,25.946],[66.281,26.025],[66.283,26.057],[66.27,26.099],[66.264,26.112],[66.258,26.133],[66.254,26.16],[66.24,26.175],[66.23,26.181],[66.223,26.191],[66.221,26.213],[66.224,26.276],[66.239,26.314],[66.264,26.326],[66.275,26.36],[66.278,26.422],[66.289,26.456],[66.29,26.468],[66.29,26.469],[66.285,26.502],[66.279,26.515],[66.269,26.52],[66.251,26.536],[66.239,26.538],[66.215,26.53],[66.199,26.519],[66.19,26.495],[66.179,26.488],[66.167,26.474],[66.167,26.445],[66.166,26.417],[66.163,26.389],[66.159,26.375],[66.154,26.366],[66.146,26.355],[66.132,26.353],[66.121,26.354],[66.097,26.375],[66.086,26.39],[66.082,26.399],[66.055,26.424],[66.038,26.446],[66.031,26.459],[66.027,26.48],[66.006,26.504],[66.002,26.519],[66.001,26.553],[66.004,26.603],[66.017,26.615],[66.022,26.634],[66.03,26.685],[66.037,26.699],[66.046,26.711],[66.05,26.726],[66.05,26.746],[66.06,26.761],[66.071,26.774],[66.079,26.801],[66.078,26.834],[66.08,26.861],[66.087,26.892],[66.101,26.904],[66.111,26.935],[66.115,26.959],[66.117,27.024],[66.123,27.041],[66.125,27.092],[66.123,27.116],[66.118,27.128],[66.112,27.15],[66.102,27.158],[66.09,27.157],[66.083,27.145],[66.078,27.138],[66.057,27.13],[66.047,27.115],[66.037,27.113],[65.984,27.113],[65.97,27.118],[65.959,27.134],[65.95,27.14],[65.944,27.156],[65.942,27.197],[65.943,27.217],[65.94,27.233],[65.915,27.261],[65.912,27.276],[65.905,27.282],[65.892,27.283],[65.875,27.309],[65.854,27.328],[65.835,27.337],[65.821,27.351],[65.814,27.357],[65.804,27.361],[65.787,27.377],[65.776,27.38],[65.705,27.381],[65.673,27.386],[65.655,27.393]]]}},{"type":"Feature","properties":{"name":"Lasbela","province":"Balochistan","areaHa":1399754.7,"builtupPct":0.63,"builtupGainHa":-1584.7,"vegChangeHa":127809.2,"netMgC":4564410.3,"netMgCPerHa":3.2609},"geometry":{"type":"MultiPolygon","coordinates":[[[[66.29,26.468],[66.289,26.456],[66.278,26.422],[66.275,26.36],[66.264,26.326],[66.239,26.314],[66.224,26.276],[66.221,26.213],[66.223,26.191],[66.23,26.181],[66.24,26.175],[66.254,26.16],[66.258,26.133],[66.264,26.112],[66.27,26.099],[66.283,26.057],[66.281,26.025],[66.284,25.946],[66.292,25.93],[66.307,25.914],[66.317,25.9],[66.326,25.88],[66.331,25.86],[66.334,25.828],[66.327,25.799],[66.31,25.773],[66.293,25.756],[66.279,25.737],[66.275,25.713],[66.279,25.679],[66.27,25.656],[66.222,25.624],[66.207,25.611],[66.193,25.589],[66.194,25.561],[66.182,25.544],[66.159,25.534],[66.114,25.522],[66.078,25.517],[66.054,25.517],[65.984,25.511],[65.949,25.504],[65.919,25.501],[65.849,25.501],[65.824,25.503],[65.801,25.509],[65.784,25.516],[65.734,25.532],[65.714,25.529],[65.692,25.522],[65.667,25.52],[65.612,25.525],[65.59,25.531],[65.573,25.547],[65.56,25.571],[65.563,25.585],[65.583,25.616],[65.577,25.636],[65.557,25.652],[65.542,25.653],[65.517,25.641],[65.488,25.629],[65.467,25.608],[65.431,25.589],[65.41,25.584],[65.375,25.579],[65.349,25.572],[65.318,25.56],[65.265,25.541],[65.268,25.323],[65.289,25.324],[65.343,25.339],[65.364,25.347],[65.464,25.345],[65.54,25.345],[65.559,25.342],[65.57,25.309],[65.605,25.301],[65.682,25.298],[65.733,25.305],[65.744,25.316],[65.786,25.324],[65.813,25.34],[65.874,25.357],[65.911,25.353],[65.998,25.354],[66.023,25.371],[66.049,25.381],[66.097,25.38],[66.2,25.398],[66.253,25.412],[66.271,25.414],[66.317,25.413],[66.37,25.398],[66.403,25.391],[66.429,25.391],[66.447,25.366],[66.472,25.356],[66.507,25.36],[66.513,25.38],[66.503,25.396],[66.468,25.413],[66.456,25.413],[66.429,25.421],[66.41,25.437],[66.385,25.452],[66.356,25.462],[66.318,25.462],[66.292,25.459],[66.273,25.452],[66.246,25.44],[66.217,25.422],[66.199,25.418],[66.167,25.422],[66.161,25.452],[66.167,25.477],[66.184,25.5],[66.223,25.514],[66.265,25.517],[66.345,25.532],[66.388,25.53],[66.424,25.515],[66.45,25.502],[66.489,25.477],[66.53,25.465],[66.56,25.447],[66.602,25.417],[66.614,25.338],[66.601,25.291],[66.611,25.271],[66.639,25.252],[66.695,25.22],[66.72,25.209],[66.758,25.185],[66.766,25.135],[66.763,25.101],[66.751,25.07],[66.723,25.053],[66.72,25.022],[66.704,24.948],[66.69,24.914],[66.72,24.911],[66.749,24.92],[66.797,24.946],[66.825,24.948],[66.849,24.956],[66.856,24.975],[66.868,24.987],[66.899,24.992],[66.935,24.992],[66.965,24.994],[66.986,25.008],[67.005,25.029],[67.014,25.061],[67.015,25.097],[67.026,25.124],[67.059,25.159],[67.098,25.187],[67.123,25.2],[67.136,25.228],[67.15,25.241],[67.157,25.28],[67.174,25.298],[67.184,25.357],[67.186,25.384],[67.212,25.428],[67.219,25.448],[67.237,25.47],[67.275,25.492],[67.286,25.503],[67.29,25.522],[67.299,25.529],[67.331,25.536],[67.34,25.555],[67.348,25.59],[67.366,25.611],[67.384,25.627],[67.396,25.641],[67.396,25.641],[67.405,25.663],[67.413,25.68],[67.428,25.691],[67.457,25.721],[67.46,25.765],[67.455,25.812],[67.449,25.853],[67.46,25.883],[67.461,25.948],[67.462,25.97],[67.463,25.991],[67.46,26.026],[67.438,26.05],[67.42,26.076],[67.399,26.099],[67.387,26.139],[67.366,26.181],[67.349,26.228],[67.313,26.277],[67.295,26.314],[67.257,26.358],[67.237,26.391],[67.23,26.422],[67.222,26.444],[67.21,26.457],[67.2,26.534],[67.191,26.549],[67.175,26.595],[67.175,26.599],[67.153,26.595],[67.134,26.584],[67.119,26.565],[67.109,26.556],[67.092,26.551],[67.084,26.542],[67.062,26.529],[67.01,26.509],[67.003,26.485],[67.006,26.464],[67.037,26.459],[67.04,26.438],[67.06,26.422],[67.069,26.402],[67.079,26.401],[67.097,26.35],[67.124,26.319],[67.122,26.297],[67.127,26.276],[67.138,26.251],[67.159,26.238],[67.18,26.221],[67.201,26.196],[67.213,26.135],[67.21,26.101],[67.2,26.075],[67.183,26.046],[67.181,26.034],[67.178,25.954],[67.18,25.924],[67.18,25.875],[67.178,25.84],[67.169,25.783],[67.158,25.768],[67.153,25.747],[67.153,25.721],[67.143,25.709],[67.127,25.703],[67.111,25.7],[67.047,25.7],[67.018,25.715],[67.016,25.756],[67.011,25.804],[66.986,25.839],[66.983,25.892],[66.978,25.91],[66.954,25.943],[66.949,25.968],[66.934,25.993],[66.927,26.014],[66.926,26.039],[66.922,26.051],[66.912,26.076],[66.899,26.093],[66.897,26.108],[66.897,26.152],[66.895,26.162],[66.877,26.184],[66.873,26.193],[66.873,26.209],[66.87,26.232],[66.86,26.241],[66.845,26.248],[66.84,26.264],[66.826,26.273],[66.816,26.277],[66.806,26.298],[66.803,26.362],[66.799,26.383],[66.798,26.411],[66.793,26.426],[66.778,26.435],[66.756,26.425],[66.752,26.41],[66.73,26.399],[66.645,26.398],[66.625,26.401],[66.609,26.41],[66.604,26.414],[66.584,26.425],[66.561,26.425],[66.542,26.42],[66.527,26.408],[66.519,26.404],[66.493,26.399],[66.48,26.404],[66.456,26.419],[66.445,26.417],[66.394,26.42],[66.389,26.431],[66.337,26.462],[66.29,26.468]]],[[[67.203,26.876],[67.203,26.907],[67.209,26.922],[67.224,26.941],[67.231,26.974],[67.23,27.032],[67.231,27.074],[67.201,27.133],[67.201,27.235],[67.218,27.258],[67.234,27.291],[67.232,27.348],[67.231,27.372],[67.239,27.432],[67.243,27.438],[67.224,27.445],[67.216,27.458],[67.212,27.473],[67.174,27.52],[67.161,27.531],[67.125,27.566],[67.107,27.588],[67.091,27.595],[67.08,27.595],[67.065,27.591],[67.06,27.579],[67.051,27.57],[67.03,27.566],[67.017,27.557],[67.003,27.543],[66.986,27.542],[66.97,27.538],[66.954,27.521],[66.948,27.503],[66.949,27.474],[66.957,27.453],[66.977,27.445],[66.993,27.427],[67.009,27.421],[67.026,27.42],[67.044,27.417],[67.06,27.409],[67.089,27.384],[67.093,27.37],[67.095,27.338],[67.103,27.319],[67.11,27.251],[67.105,27.195],[67.107,27.118],[67.107,27.026],[67.116,26.989],[67.117,26.928],[67.125,26.911],[67.139,26.903],[67.158,26.894],[67.171,26.886],[67.182,26.877],[67.203,26.876]]]]}},{"type":"Feature","properties":{"name":"Karachi","province":"Sindh","areaHa":355661.2,"builtupPct":13.97,"builtupGainHa":17316.2,"vegChangeHa":-12530.5,"netMgC":-1007146.6,"netMgCPerHa":-2.8318},"geometry":{"type":"Polygon","coordinates":[[[66.69,24.914],[66.672,24.878],[66.676,24.853],[66.702,24.835],[66.732,24.832],[66.779,24.835],[66.828,24.835],[66.882,24.821],[66.926,24.797],[66.958,24.782],[66.994,24.782],[67.026,24.786],[67.051,24.801],[67.08,24.782],[67.097,24.76],[67.133,24.732],[67.145,24.72],[67.172,24.717],[67.176,24.71],[67.2,24.719],[67.229,24.724],[67.244,24.724],[67.262,24.733],[67.286,24.742],[67.355,24.744],[67.385,24.74],[67.398,24.725],[67.404,24.725],[67.415,24.737],[67.412,24.747],[67.415,24.763],[67.423,24.769],[67.438,24.773],[67.457,24.769],[67.466,24.762],[67.478,24.747],[67.487,24.744],[67.49,24.74],[67.491,24.726],[67.501,24.716],[67.536,24.716],[67.547,24.721],[67.559,24.73],[67.562,24.744],[67.561,24.765],[67.558,24.772],[67.547,24.806],[67.537,24.814],[67.527,24.814],[67.523,24.829],[67.523,24.852],[67.526,24.885],[67.525,24.917],[67.524,24.924],[67.524,24.946],[67.518,24.965],[67.501,24.983],[67.479,24.999],[67.463,25.017],[67.446,25.028],[67.428,25.043],[67.398,25.061],[67.381,25.061],[67.37,25.071],[67.36,25.082],[67.339,25.087],[67.315,25.09],[67.298,25.09],[67.293,25.101],[67.288,25.119],[67.291,25.138],[67.321,25.169],[67.333,25.186],[67.344,25.195],[67.362,25.229],[67.376,25.242],[67.38,25.27],[67.403,25.302],[67.403,25.338],[67.412,25.349],[67.429,25.364],[67.433,25.374],[67.434,25.407],[67.422,25.42],[67.409,25.428],[67.406,25.448],[67.406,25.494],[67.402,25.624],[67.396,25.641],[67.396,25.641],[67.384,25.627],[67.366,25.611],[67.348,25.59],[67.34,25.555],[67.331,25.536],[67.299,25.529],[67.29,25.522],[67.286,25.503],[67.275,25.492],[67.237,25.47],[67.219,25.448],[67.212,25.428],[67.186,25.384],[67.184,25.357],[67.174,25.298],[67.157,25.28],[67.15,25.241],[67.136,25.228],[67.123,25.2],[67.098,25.187],[67.059,25.159],[67.026,25.124],[67.015,25.097],[67.014,25.061],[67.005,25.029],[66.986,25.008],[66.965,24.994],[66.935,24.992],[66.899,24.992],[66.868,24.987],[66.856,24.975],[66.849,24.956],[66.825,24.948],[66.797,24.946],[66.749,24.92],[66.72,24.911],[66.69,24.914]]]}},{"type":"Feature","properties":{"name":"Thatta","province":"Sindh","areaHa":611900.7,"builtupPct":2.09,"builtupGainHa":5214.9,"vegChangeHa":-16917.7,"netMgC":-88278.6,"netMgCPerHa":-0.1443},"geometry":{"type":"Polygon","coordinates":[[[67.176,24.71],[67.183,24.694],[67.166,24.647],[67.165,24.62],[67.166,24.569],[67.165,24.532],[67.189,24.496],[67.231,24.445],[67.257,24.411],[67.268,24.39],[67.278,24.331],[67.295,24.309],[67.302,24.226],[67.316,24.154],[67.346,24.073],[67.373,24.023],[67.419,23.959],[67.463,23.907],[67.519,23.864],[67.567,23.831],[67.631,23.802],[67.664,23.803],[67.702,23.802],[67.735,23.792],[67.759,23.78],[67.8,23.769],[67.824,23.769],[67.844,23.789],[67.856,23.842],[67.866,23.867],[67.886,23.864],[67.891,23.834],[67.903,23.803],[67.953,23.765],[67.989,23.741],[68.018,23.731],[68.04,23.738],[68.046,23.756],[68.046,23.809],[68.051,23.834],[68.058,23.849],[68.072,23.848],[68.08,23.83],[68.117,23.825],[68.148,23.828],[68.167,23.843],[68.194,23.849],[68.216,23.867],[68.247,23.87],[68.269,23.879],[68.275,23.893],[68.285,23.901],[68.332,23.908],[68.34,23.942],[68.361,23.962],[68.379,23.968],[68.396,23.958],[68.397,23.944],[68.43,23.937],[68.539,23.94],[68.692,23.942],[68.754,23.946],[68.757,23.969],[68.751,24.234],[68.76,24.277],[68.762,24.277],[68.759,24.289],[68.748,24.303],[68.733,24.308],[68.704,24.312],[68.632,24.312],[68.607,24.309],[68.586,24.303],[68.567,24.299],[68.55,24.303],[68.537,24.308],[68.503,24.313],[68.476,24.32],[68.472,24.331],[68.472,24.344],[68.465,24.356],[68.452,24.36],[68.44,24.362],[68.438,24.374],[68.439,24.396],[68.435,24.455],[68.418,24.48],[68.411,24.495],[68.411,24.516],[68.403,24.531],[68.391,24.54],[68.379,24.553],[68.38,24.604],[68.382,24.626],[68.379,24.673],[68.382,24.699],[68.378,24.704],[68.374,24.708],[68.368,24.717],[68.347,24.733],[68.34,24.746],[68.328,24.753],[68.32,24.767],[68.317,24.783],[68.302,24.794],[68.293,24.811],[68.288,24.828],[68.288,24.838],[68.293,24.852],[68.315,24.868],[68.317,24.883],[68.314,24.897],[68.306,24.907],[68.295,24.915],[68.285,24.942],[68.269,24.956],[68.261,24.995],[68.265,25.011],[68.28,25.022],[68.286,25.041],[68.286,25.063],[68.288,25.066],[68.296,25.08],[68.308,25.095],[68.311,25.145],[68.309,25.163],[68.303,25.178],[68.291,25.198],[68.29,25.211],[68.281,25.23],[68.279,25.231],[68.273,25.235],[68.256,25.247],[68.239,25.252],[68.201,25.254],[68.189,25.259],[68.179,25.268],[68.172,25.279],[68.171,25.295],[68.164,25.308],[68.132,25.335],[68.099,25.366],[68.079,25.379],[68.039,25.379],[68.022,25.374],[68.013,25.366],[67.997,25.349],[67.949,25.31],[67.944,25.295],[67.938,25.241],[67.927,25.229],[67.894,25.206],[67.866,25.18],[67.858,25.155],[67.854,25.133],[67.853,25.07],[67.848,25.044],[67.836,25.028],[67.813,25.021],[67.788,25.008],[67.769,24.989],[67.752,24.962],[67.735,24.954],[67.718,24.951],[67.694,24.95],[67.663,24.948],[67.65,24.942],[67.634,24.926],[67.619,24.919],[67.597,24.915],[67.556,24.913],[67.525,24.917],[67.526,24.885],[67.523,24.852],[67.523,24.829],[67.527,24.814],[67.537,24.814],[67.547,24.806],[67.558,24.772],[67.561,24.765],[67.562,24.744],[67.559,24.73],[67.547,24.721],[67.536,24.716],[67.501,24.716],[67.491,24.726],[67.49,24.74],[67.487,24.744],[67.478,24.747],[67.466,24.762],[67.457,24.769],[67.438,24.773],[67.423,24.769],[67.415,24.763],[67.412,24.747],[67.415,24.737],[67.404,24.725],[67.398,24.725],[67.385,24.74],[67.355,24.744],[67.286,24.742],[67.262,24.733],[67.244,24.724],[67.229,24.724],[67.2,24.719],[67.176,24.71]]]}},{"type":"Feature","properties":{"name":"Tharparkar","province":"Sindh","areaHa":1929482.2,"builtupPct":0.27,"builtupGainHa":20.4,"vegChangeHa":4036.3,"netMgC":569814.7,"netMgCPerHa":0.2953},"geometry":{"type":"Polygon","coordinates":[[[69.08,24.255],[69.083,24.256],[69.103,24.247],[69.133,24.237],[69.209,24.229],[69.242,24.238],[69.254,24.253],[69.303,24.258],[69.393,24.256],[69.446,24.253],[69.472,24.237],[69.534,24.24],[69.582,24.27],[69.601,24.271],[69.62,24.258],[69.641,24.226],[69.681,24.197],[69.696,24.169],[69.728,24.158],[70.031,24.154],[70.065,24.161],[70.078,24.176],[70.092,24.207],[70.1,24.236],[70.115,24.26],[70.128,24.278],[70.186,24.287],[70.207,24.299],[70.276,24.314],[70.301,24.328],[70.343,24.331],[70.388,24.34],[70.453,24.364],[70.508,24.39],[70.558,24.393],[70.58,24.379],[70.585,24.343],[70.582,24.317],[70.574,24.287],[70.571,24.256],[70.582,24.234],[70.621,24.211],[70.689,24.209],[70.774,24.201],[70.851,24.213],[70.874,24.23],[70.893,24.247],[70.911,24.288],[70.927,24.307],[70.94,24.321],[70.975,24.336],[71.055,24.338],[71.075,24.347],[71.088,24.375],[71.106,24.39],[71.108,24.409],[71.1,24.42],[71.02,24.428],[70.999,24.468],[70.996,24.5],[70.996,24.523],[70.993,24.553],[71.005,24.61],[71.063,24.649],[71.066,24.665],[71.058,24.708],[71.031,24.739],[71.028,24.76],[71.023,24.778],[70.954,24.88],[70.936,24.913],[70.919,24.939],[70.914,24.976],[70.904,25.002],[70.893,25.02],[70.886,25.119],[70.869,25.146],[70.831,25.175],[70.768,25.228],[70.742,25.254],[70.718,25.282],[70.716,25.305],[70.704,25.332],[70.65,25.38],[70.642,25.412],[70.641,25.476],[70.642,25.607],[70.641,25.654],[70.636,25.684],[70.626,25.695],[70.611,25.707],[70.579,25.71],[70.562,25.707],[70.546,25.695],[70.509,25.691],[70.429,25.687],[70.276,25.693],[70.248,25.701],[70.221,25.677],[70.192,25.647],[70.16,25.621],[70.137,25.597],[70.134,25.585],[70.136,25.576],[70.146,25.572],[70.158,25.571],[70.168,25.571],[70.182,25.576],[70.195,25.584],[70.204,25.581],[70.204,25.574],[70.2,25.558],[70.188,25.536],[70.185,25.528],[70.185,25.523],[70.194,25.521],[70.207,25.522],[70.219,25.528],[70.225,25.537],[70.247,25.539],[70.268,25.535],[70.288,25.529],[70.297,25.512],[70.3,25.493],[70.301,25.47],[70.296,25.459],[70.271,25.448],[70.26,25.441],[70.241,25.425],[70.234,25.415],[70.238,25.401],[70.249,25.393],[70.264,25.391],[70.298,25.391],[70.304,25.384],[70.304,25.369],[70.3,25.348],[70.302,25.276],[70.299,25.232],[70.289,25.223],[70.274,25.22],[70.243,25.22],[70.221,25.214],[70.203,25.203],[70.175,25.194],[70.142,25.194],[70.125,25.19],[70.109,25.177],[70.097,25.172],[69.993,25.172],[69.982,25.175],[69.975,25.183],[69.96,25.194],[69.906,25.202],[69.869,25.195],[69.853,25.194],[69.844,25.18],[69.82,25.164],[69.815,25.153],[69.804,25.144],[69.763,25.143],[69.75,25.14],[69.732,25.125],[69.718,25.12],[69.705,25.106],[69.705,25.093],[69.731,25.068],[69.733,25.052],[69.74,25.037],[69.755,25.026],[69.76,25.009],[69.755,24.993],[69.739,24.976],[69.722,24.968],[69.705,24.967],[69.693,24.969],[69.679,24.977],[69.667,24.99],[69.649,24.998],[69.631,24.997],[69.615,24.993],[69.599,24.983],[69.59,24.942],[69.56,24.9],[69.499,24.853],[69.498,24.852],[69.484,24.84],[69.472,24.83],[69.448,24.802],[69.437,24.798],[69.424,24.786],[69.409,24.78],[69.383,24.775],[69.357,24.766],[69.356,24.765],[69.337,24.748],[69.317,24.73],[69.301,24.725],[69.289,24.713],[69.282,24.683],[69.245,24.651],[69.236,24.631],[69.249,24.621],[69.261,24.613],[69.257,24.584],[69.237,24.575],[69.228,24.557],[69.227,24.489],[69.214,24.468],[69.206,24.457],[69.17,24.455],[69.129,24.431],[69.087,24.389],[69.071,24.366],[69.062,24.339],[69.061,24.316],[69.071,24.27],[69.08,24.255]]]}},{"type":"Feature","properties":{"name":"Umerkot","province":"Sindh","areaHa":549673.9,"builtupPct":1.43,"builtupGainHa":-2556.2,"vegChangeHa":-3086.6,"netMgC":-243619.1,"netMgCPerHa":-0.4432},"geometry":{"type":"Polygon","coordinates":[[[70.248,25.701],[70.242,25.737],[70.23,25.755],[70.217,25.769],[70.184,25.751],[70.147,25.737],[70.088,25.735],[70.069,25.726],[70.061,25.717],[70.039,25.71],[70.03,25.701],[70.015,25.692],[70.003,25.688],[69.996,25.687],[69.987,25.69],[69.981,25.699],[69.978,25.71],[69.967,25.716],[69.929,25.715],[69.921,25.709],[69.921,25.7],[69.917,25.693],[69.902,25.687],[69.893,25.679],[69.89,25.663],[69.874,25.647],[69.86,25.64],[69.838,25.636],[69.833,25.628],[69.821,25.618],[69.806,25.613],[69.793,25.601],[69.782,25.587],[69.78,25.567],[69.777,25.559],[69.758,25.549],[69.751,25.538],[69.745,25.524],[69.721,25.5],[69.705,25.493],[69.67,25.493],[69.652,25.476],[69.639,25.471],[69.621,25.467],[69.577,25.47],[69.564,25.473],[69.562,25.479],[69.567,25.519],[69.546,25.526],[69.53,25.523],[69.518,25.519],[69.385,25.519],[69.316,25.517],[69.212,25.519],[69.194,25.517],[69.189,25.517],[69.174,25.512],[69.167,25.503],[69.162,25.493],[69.165,25.484],[69.175,25.478],[69.184,25.468],[69.189,25.419],[69.194,25.403],[69.214,25.391],[69.243,25.363],[69.276,25.343],[69.302,25.314],[69.334,25.286],[69.352,25.266],[69.367,25.257],[69.384,25.249],[69.408,25.24],[69.42,25.22],[69.42,25.161],[69.415,25.142],[69.401,25.13],[69.396,25.117],[69.394,25.102],[69.394,25.091],[69.399,25.078],[69.41,25.069],[69.417,25.058],[69.421,25.043],[69.421,25.001],[69.423,24.982],[69.43,24.976],[69.443,24.97],[69.452,24.961],[69.454,24.947],[69.483,24.918],[69.488,24.903],[69.489,24.884],[69.498,24.852],[69.499,24.853],[69.56,24.9],[69.59,24.942],[69.599,24.983],[69.615,24.993],[69.631,24.997],[69.649,24.998],[69.667,24.99],[69.679,24.977],[69.693,24.969],[69.705,24.967],[69.722,24.968],[69.739,24.976],[69.755,24.993],[69.76,25.009],[69.755,25.026],[69.74,25.037],[69.733,25.052],[69.731,25.068],[69.705,25.093],[69.705,25.106],[69.718,25.12],[69.732,25.125],[69.75,25.14],[69.763,25.143],[69.804,25.144],[69.815,25.153],[69.82,25.164],[69.844,25.18],[69.853,25.194],[69.869,25.195],[69.906,25.202],[69.96,25.194],[69.975,25.183],[69.982,25.175],[69.993,25.172],[70.097,25.172],[70.109,25.177],[70.125,25.19],[70.142,25.194],[70.175,25.194],[70.203,25.203],[70.221,25.214],[70.243,25.22],[70.274,25.22],[70.289,25.223],[70.299,25.232],[70.302,25.276],[70.3,25.348],[70.304,25.369],[70.304,25.384],[70.298,25.391],[70.264,25.391],[70.249,25.393],[70.238,25.401],[70.234,25.415],[70.241,25.425],[70.26,25.441],[70.271,25.448],[70.296,25.459],[70.301,25.47],[70.3,25.493],[70.297,25.512],[70.288,25.529],[70.268,25.535],[70.247,25.539],[70.225,25.537],[70.219,25.528],[70.207,25.522],[70.194,25.521],[70.185,25.523],[70.185,25.528],[70.188,25.536],[70.2,25.558],[70.204,25.574],[70.204,25.581],[70.195,25.584],[70.182,25.576],[70.168,25.571],[70.158,25.571],[70.146,25.572],[70.136,25.576],[70.134,25.585],[70.137,25.597],[70.16,25.621],[70.192,25.647],[70.221,25.677],[70.248,25.701]]]}},{"type":"Feature","properties":{"name":"Jamshoro","province":"Sindh","areaHa":1126241.0,"builtupPct":0.75,"builtupGainHa":442.8,"vegChangeHa":24487.7,"netMgC":287900.8,"netMgCPerHa":0.2556},"geometry":{"type":"Polygon","coordinates":[[[67.396,25.641],[67.402,25.624],[67.406,25.494],[67.406,25.448],[67.409,25.428],[67.422,25.42],[67.434,25.407],[67.433,25.374],[67.429,25.364],[67.412,25.349],[67.403,25.338],[67.403,25.302],[67.38,25.27],[67.376,25.242],[67.362,25.229],[67.344,25.195],[67.333,25.186],[67.321,25.169],[67.291,25.138],[67.288,25.119],[67.293,25.101],[67.298,25.09],[67.315,25.09],[67.339,25.087],[67.36,25.082],[67.37,25.071],[67.381,25.061],[67.398,25.061],[67.428,25.043],[67.446,25.028],[67.463,25.017],[67.479,24.999],[67.501,24.983],[67.518,24.965],[67.524,24.946],[67.524,24.924],[67.525,24.917],[67.556,24.913],[67.597,24.915],[67.619,24.919],[67.634,24.926],[67.65,24.942],[67.663,24.948],[67.694,24.95],[67.718,24.951],[67.735,24.954],[67.752,24.962],[67.769,24.989],[67.788,25.008],[67.813,25.021],[67.836,25.028],[67.848,25.044],[67.853,25.07],[67.854,25.133],[67.858,25.155],[67.866,25.18],[67.894,25.206],[67.927,25.229],[67.938,25.241],[67.944,25.295],[67.949,25.31],[67.997,25.349],[68.013,25.366],[68.022,25.374],[68.039,25.379],[68.079,25.379],[68.099,25.366],[68.132,25.335],[68.164,25.308],[68.171,25.295],[68.172,25.279],[68.179,25.268],[68.189,25.259],[68.201,25.254],[68.239,25.252],[68.256,25.247],[68.273,25.235],[68.279,25.231],[68.298,25.23],[68.317,25.227],[68.36,25.226],[68.374,25.231],[68.381,25.24],[68.378,25.252],[68.369,25.258],[68.362,25.268],[68.361,25.276],[68.337,25.288],[68.337,25.3],[68.333,25.314],[68.321,25.323],[68.316,25.334],[68.324,25.346],[68.331,25.351],[68.336,25.363],[68.334,25.38],[68.327,25.391],[68.326,25.402],[68.336,25.425],[68.356,25.443],[68.397,25.449],[68.413,25.455],[68.42,25.466],[68.421,25.485],[68.418,25.498],[68.404,25.505],[68.393,25.513],[68.386,25.527],[68.389,25.544],[68.395,25.556],[68.409,25.566],[68.422,25.571],[68.454,25.578],[68.467,25.586],[68.474,25.602],[68.469,25.616],[68.468,25.619],[68.462,25.631],[68.454,25.639],[68.434,25.643],[68.399,25.645],[68.386,25.647],[68.346,25.679],[68.334,25.696],[68.334,25.713],[68.338,25.727],[68.365,25.745],[68.369,25.758],[68.366,25.776],[68.356,25.79],[68.333,25.799],[68.325,25.809],[68.314,25.814],[68.298,25.817],[68.287,25.823],[68.278,25.834],[68.275,25.847],[68.277,25.878],[68.281,25.891],[68.292,25.91],[68.292,25.924],[68.284,25.931],[68.281,25.934],[68.229,25.94],[68.213,25.94],[68.203,25.944],[68.195,25.951],[68.19,25.965],[68.162,25.992],[68.135,26.013],[68.106,26.041],[68.08,26.061],[68.067,26.069],[68.056,26.081],[68.05,26.093],[68.052,26.11],[68.05,26.121],[68.044,26.131],[68.031,26.136],[68.02,26.137],[68.003,26.141],[67.987,26.15],[67.975,26.159],[67.97,26.171],[67.966,26.184],[67.954,26.187],[67.942,26.188],[67.934,26.197],[67.922,26.229],[67.922,26.246],[67.926,26.27],[67.932,26.281],[67.936,26.297],[67.935,26.322],[67.937,26.338],[67.943,26.356],[67.949,26.368],[67.961,26.384],[67.964,26.402],[67.962,26.451],[67.96,26.454],[67.958,26.457],[67.916,26.471],[67.904,26.483],[67.89,26.494],[67.881,26.505],[67.856,26.524],[67.845,26.529],[67.841,26.531],[67.825,26.533],[67.807,26.537],[67.791,26.552],[67.777,26.557],[67.763,26.559],[67.734,26.559],[67.72,26.555],[67.712,26.545],[67.707,26.526],[67.706,26.506],[67.695,26.491],[67.696,26.418],[67.685,26.389],[67.683,26.367],[67.679,26.351],[67.679,26.337],[67.667,26.327],[67.658,26.317],[67.651,26.304],[67.646,26.291],[67.634,26.285],[67.623,26.269],[67.61,26.267],[67.566,26.265],[67.552,26.262],[67.544,26.249],[67.541,26.225],[67.532,26.205],[67.53,26.19],[67.532,26.174],[67.532,26.146],[67.53,26.114],[67.518,26.077],[67.518,26.044],[67.515,26.012],[67.509,25.998],[67.489,25.99],[67.481,25.982],[67.462,25.97],[67.461,25.948],[67.46,25.883],[67.449,25.853],[67.455,25.812],[67.46,25.765],[67.457,25.721],[67.428,25.691],[67.413,25.68],[67.405,25.663],[67.396,25.641]]]}},{"type":"Feature","properties":{"name":"Dadu","province":"Sindh","areaHa":799123.5,"builtupPct":1.09,"builtupGainHa":385.7,"vegChangeHa":23386.9,"netMgC":678248.7,"netMgCPerHa":0.8487},"geometry":{"type":"Polygon","coordinates":[[[67.175,26.599],[67.175,26.595],[67.191,26.549],[67.2,26.534],[67.21,26.457],[67.222,26.444],[67.23,26.422],[67.237,26.391],[67.257,26.358],[67.295,26.314],[67.313,26.277],[67.349,26.228],[67.366,26.181],[67.387,26.139],[67.399,26.099],[67.42,26.076],[67.438,26.05],[67.46,26.026],[67.463,25.991],[67.462,25.97],[67.481,25.982],[67.489,25.99],[67.509,25.998],[67.515,26.012],[67.518,26.044],[67.518,26.077],[67.53,26.114],[67.532,26.146],[67.532,26.174],[67.53,26.19],[67.532,26.205],[67.541,26.225],[67.544,26.249],[67.552,26.262],[67.566,26.265],[67.61,26.267],[67.623,26.269],[67.634,26.285],[67.646,26.291],[67.651,26.304],[67.658,26.317],[67.667,26.327],[67.679,26.337],[67.679,26.351],[67.683,26.367],[67.685,26.389],[67.696,26.418],[67.695,26.491],[67.706,26.506],[67.707,26.526],[67.712,26.545],[67.72,26.555],[67.734,26.559],[67.763,26.559],[67.777,26.557],[67.791,26.552],[67.807,26.537],[67.825,26.533],[67.841,26.531],[67.845,26.529],[67.862,26.535],[67.889,26.55],[67.902,26.567],[67.905,26.581],[67.905,26.595],[67.894,26.616],[67.881,26.627],[67.865,26.635],[67.848,26.648],[67.846,26.66],[67.835,26.681],[67.833,26.706],[67.833,26.726],[67.839,26.744],[67.858,26.768],[67.87,26.776],[67.896,26.79],[67.925,26.823],[67.939,26.846],[67.955,26.854],[67.961,26.862],[67.967,26.89],[68.002,26.905],[68.012,26.912],[68.016,26.926],[68.006,26.938],[67.992,26.945],[67.982,26.961],[67.984,26.988],[67.994,26.995],[68.032,26.998],[68.056,27.004],[68.088,27.029],[68.101,27.045],[68.101,27.059],[68.098,27.063],[68.094,27.069],[68.073,27.072],[68.053,27.085],[68.042,27.099],[68.02,27.114],[68.005,27.121],[67.989,27.146],[67.989,27.163],[68.01,27.17],[68.037,27.199],[68.025,27.217],[68.009,27.219],[67.982,27.221],[67.968,27.228],[67.95,27.247],[67.911,27.248],[67.877,27.225],[67.838,27.222],[67.802,27.222],[67.769,27.223],[67.744,27.227],[67.704,27.244],[67.684,27.247],[67.648,27.248],[67.62,27.245],[67.6,27.241],[67.577,27.241],[67.558,27.247],[67.536,27.269],[67.525,27.287],[67.519,27.293],[67.508,27.296],[67.485,27.297],[67.478,27.311],[67.469,27.315],[67.451,27.315],[67.426,27.299],[67.407,27.296],[67.388,27.296],[67.373,27.3],[67.354,27.313],[67.334,27.337],[67.321,27.344],[67.287,27.349],[67.26,27.346],[67.232,27.348],[67.234,27.291],[67.218,27.258],[67.201,27.235],[67.201,27.133],[67.231,27.074],[67.23,27.032],[67.231,26.974],[67.224,26.941],[67.209,26.922],[67.203,26.907],[67.203,26.876],[67.203,26.876],[67.201,26.75],[67.203,26.71],[67.198,26.665],[67.184,26.645],[67.175,26.621],[67.175,26.599]]]}},{"type":"Feature","properties":{"name":"Tando Muhammad Khan","province":"Sindh","areaHa":154337.3,"builtupPct":3.37,"builtupGainHa":1155.6,"vegChangeHa":-1102.5,"netMgC":-25104.3,"netMgCPerHa":-0.1627},"geometry":{"type":"Polygon","coordinates":[[[68.378,24.704],[68.39,24.704],[68.401,24.707],[68.409,24.716],[68.425,24.727],[68.443,24.73],[68.458,24.736],[68.475,24.757],[68.485,24.766],[68.486,24.782],[68.506,24.799],[68.519,24.819],[68.531,24.831],[68.542,24.835],[68.562,24.835],[68.576,24.828],[68.585,24.815],[68.594,24.807],[68.606,24.805],[68.621,24.811],[68.627,24.826],[68.644,24.843],[68.669,24.851],[68.69,24.851],[68.729,24.845],[68.747,24.852],[68.756,24.867],[68.754,24.895],[68.749,24.921],[68.738,24.934],[68.722,24.947],[68.706,24.951],[68.687,24.953],[68.673,24.956],[68.653,24.972],[68.651,24.984],[68.646,24.992],[68.61,25.02],[68.599,25.031],[68.594,25.047],[68.593,25.054],[68.592,25.056],[68.581,25.068],[68.561,25.074],[68.54,25.077],[68.523,25.077],[68.495,25.066],[68.44,25.061],[68.398,25.063],[68.349,25.063],[68.288,25.066],[68.286,25.063],[68.286,25.041],[68.28,25.022],[68.265,25.011],[68.261,24.995],[68.269,24.956],[68.285,24.942],[68.295,24.915],[68.306,24.907],[68.314,24.897],[68.317,24.883],[68.315,24.868],[68.293,24.852],[68.288,24.838],[68.288,24.828],[68.293,24.811],[68.302,24.794],[68.317,24.783],[68.32,24.767],[68.328,24.753],[68.34,24.746],[68.347,24.733],[68.368,24.717],[68.374,24.708],[68.378,24.704]]]}},{"type":"Feature","properties":{"name":"Hyderabad","province":"Sindh","areaHa":102462.2,"builtupPct":9.14,"builtupGainHa":1478.2,"vegChangeHa":-2848.5,"netMgC":-73620.9,"netMgCPerHa":-0.7185},"geometry":{"type":"Polygon","coordinates":[[[68.288,25.066],[68.349,25.063],[68.398,25.063],[68.44,25.061],[68.495,25.066],[68.523,25.077],[68.54,25.077],[68.561,25.074],[68.581,25.068],[68.592,25.056],[68.593,25.054],[68.605,25.053],[68.618,25.052],[68.659,25.055],[68.668,25.065],[68.7,25.078],[68.712,25.089],[68.713,25.169],[68.709,25.198],[68.707,25.206],[68.704,25.216],[68.69,25.225],[68.671,25.225],[68.648,25.234],[68.638,25.248],[68.628,25.269],[68.631,25.29],[68.645,25.301],[68.652,25.341],[68.645,25.356],[68.621,25.376],[68.619,25.405],[68.619,25.441],[68.624,25.459],[68.645,25.485],[68.66,25.5],[68.671,25.506],[68.677,25.519],[68.677,25.586],[68.672,25.612],[68.668,25.618],[68.657,25.634],[68.615,25.666],[68.604,25.686],[68.572,25.694],[68.556,25.703],[68.56,25.724],[68.559,25.737],[68.539,25.747],[68.534,25.769],[68.527,25.787],[68.513,25.788],[68.508,25.789],[68.484,25.783],[68.482,25.77],[68.474,25.749],[68.46,25.744],[68.457,25.733],[68.472,25.722],[68.498,25.698],[68.506,25.688],[68.508,25.666],[68.507,25.642],[68.509,25.628],[68.488,25.62],[68.469,25.616],[68.474,25.602],[68.467,25.586],[68.454,25.578],[68.422,25.571],[68.409,25.566],[68.395,25.556],[68.389,25.544],[68.386,25.527],[68.393,25.513],[68.404,25.505],[68.418,25.498],[68.421,25.485],[68.42,25.466],[68.413,25.455],[68.397,25.449],[68.356,25.443],[68.336,25.425],[68.326,25.402],[68.327,25.391],[68.334,25.38],[68.336,25.363],[68.331,25.351],[68.324,25.346],[68.316,25.334],[68.321,25.323],[68.333,25.314],[68.337,25.3],[68.337,25.288],[68.361,25.276],[68.362,25.268],[68.369,25.258],[68.378,25.252],[68.381,25.24],[68.374,25.231],[68.36,25.226],[68.317,25.227],[68.298,25.23],[68.279,25.231],[68.281,25.23],[68.29,25.211],[68.291,25.198],[68.303,25.178],[68.309,25.163],[68.311,25.145],[68.308,25.095],[68.296,25.08],[68.288,25.066]]]}},{"type":"Feature","properties":{"name":"Tando Allahyar","province":"Sindh","areaHa":157540.5,"builtupPct":3.93,"builtupGainHa":-459.4,"vegChangeHa":184.7,"netMgC":4520.3,"netMgCPerHa":0.0287},"geometry":{"type":"Polygon","coordinates":[[[68.707,25.206],[68.726,25.206],[68.755,25.202],[68.77,25.196],[68.805,25.175],[68.839,25.173],[68.876,25.178],[68.896,25.189],[68.918,25.207],[68.939,25.22],[68.962,25.24],[68.969,25.25],[68.977,25.263],[68.977,25.296],[68.973,25.339],[68.964,25.363],[68.959,25.385],[68.951,25.404],[68.931,25.42],[68.913,25.431],[68.905,25.441],[68.904,25.495],[68.912,25.515],[68.924,25.528],[68.927,25.558],[68.927,25.592],[68.925,25.615],[68.92,25.633],[68.909,25.641],[68.894,25.647],[68.889,25.657],[68.885,25.665],[68.846,25.668],[68.829,25.681],[68.814,25.689],[68.793,25.69],[68.765,25.685],[68.737,25.667],[68.718,25.66],[68.712,25.65],[68.708,25.631],[68.695,25.621],[68.677,25.618],[68.668,25.618],[68.672,25.612],[68.677,25.586],[68.677,25.519],[68.671,25.506],[68.66,25.5],[68.645,25.485],[68.624,25.459],[68.619,25.441],[68.619,25.405],[68.621,25.376],[68.645,25.356],[68.652,25.341],[68.645,25.301],[68.631,25.29],[68.628,25.269],[68.638,25.248],[68.648,25.234],[68.671,25.225],[68.69,25.225],[68.704,25.216],[68.707,25.206]]]}},{"type":"Feature","properties":{"name":"Badin","province":"Sindh","areaHa":654131.0,"builtupPct":2.88,"builtupGainHa":3229.9,"vegChangeHa":-4918.5,"netMgC":343475.9,"netMgCPerHa":0.5251},"geometry":{"type":"Polygon","coordinates":[[[68.762,24.277],[68.82,24.276],[68.839,24.26],[68.837,24.219],[68.86,24.209],[68.878,24.213],[68.888,24.229],[68.896,24.251],[68.908,24.264],[68.928,24.271],[68.941,24.263],[68.949,24.242],[68.97,24.219],[69.008,24.218],[69.025,24.222],[69.043,24.231],[69.059,24.247],[69.08,24.255],[69.071,24.27],[69.061,24.316],[69.062,24.339],[69.071,24.366],[69.087,24.389],[69.129,24.431],[69.17,24.455],[69.206,24.457],[69.214,24.468],[69.227,24.489],[69.228,24.557],[69.237,24.575],[69.257,24.584],[69.261,24.613],[69.249,24.621],[69.236,24.631],[69.245,24.651],[69.282,24.683],[69.289,24.713],[69.301,24.725],[69.317,24.73],[69.337,24.748],[69.356,24.765],[69.339,24.78],[69.319,24.792],[69.314,24.802],[69.312,24.818],[69.314,24.869],[69.31,24.879],[69.294,24.888],[69.278,24.907],[69.248,24.925],[69.224,24.927],[69.182,24.925],[69.173,24.929],[69.17,24.939],[69.161,24.95],[69.144,24.956],[69.14,24.974],[69.134,24.99],[69.117,24.995],[69.105,25.011],[69.091,25.022],[69.077,25.027],[69.062,25.029],[69.056,25.041],[69.046,25.046],[69.024,25.053],[69.015,25.063],[69.003,25.073],[68.992,25.083],[68.991,25.11],[68.992,25.198],[68.991,25.227],[68.987,25.24],[68.978,25.247],[68.969,25.25],[68.962,25.24],[68.939,25.22],[68.918,25.207],[68.896,25.189],[68.876,25.178],[68.839,25.173],[68.805,25.175],[68.77,25.196],[68.755,25.202],[68.726,25.206],[68.707,25.206],[68.709,25.198],[68.713,25.169],[68.712,25.089],[68.7,25.078],[68.668,25.065],[68.659,25.055],[68.618,25.052],[68.605,25.053],[68.593,25.054],[68.594,25.047],[68.599,25.031],[68.61,25.02],[68.646,24.992],[68.651,24.984],[68.653,24.972],[68.673,24.956],[68.687,24.953],[68.706,24.951],[68.722,24.947],[68.738,24.934],[68.749,24.921],[68.754,24.895],[68.756,24.867],[68.747,24.852],[68.729,24.845],[68.69,24.851],[68.669,24.851],[68.644,24.843],[68.627,24.826],[68.621,24.811],[68.606,24.805],[68.594,24.807],[68.585,24.815],[68.576,24.828],[68.562,24.835],[68.542,24.835],[68.531,24.831],[68.519,24.819],[68.506,24.799],[68.486,24.782],[68.485,24.766],[68.475,24.757],[68.458,24.736],[68.443,24.73],[68.425,24.727],[68.409,24.716],[68.401,24.707],[68.39,24.704],[68.378,24.704],[68.382,24.699],[68.379,24.673],[68.382,24.626],[68.38,24.604],[68.379,24.553],[68.391,24.54],[68.403,24.531],[68.411,24.516],[68.411,24.495],[68.418,24.48],[68.435,24.455],[68.439,24.396],[68.438,24.374],[68.44,24.362],[68.452,24.36],[68.465,24.356],[68.472,24.344],[68.472,24.331],[68.476,24.32],[68.503,24.313],[68.537,24.308],[68.55,24.303],[68.567,24.299],[68.586,24.303],[68.607,24.309],[68.632,24.312],[68.704,24.312],[68.733,24.308],[68.748,24.303],[68.759,24.289],[68.762,24.277]]]}},{"type":"Feature","properties":{"name":"Mirpurkhas","province":"Sindh","areaHa":296374.5,"builtupPct":5.25,"builtupGainHa":904.3,"vegChangeHa":-1247.7,"netMgC":14757.7,"netMgCPerHa":0.0498},"geometry":{"type":"Polygon","coordinates":[[[69.498,24.852],[69.489,24.884],[69.488,24.903],[69.483,24.918],[69.454,24.947],[69.452,24.961],[69.443,24.97],[69.43,24.976],[69.423,24.982],[69.421,25.001],[69.421,25.043],[69.417,25.058],[69.41,25.069],[69.399,25.078],[69.394,25.091],[69.394,25.102],[69.396,25.117],[69.401,25.13],[69.415,25.142],[69.42,25.161],[69.42,25.22],[69.408,25.24],[69.384,25.249],[69.367,25.257],[69.352,25.266],[69.334,25.286],[69.302,25.314],[69.276,25.343],[69.243,25.363],[69.214,25.391],[69.194,25.403],[69.189,25.419],[69.184,25.468],[69.175,25.478],[69.165,25.484],[69.162,25.493],[69.167,25.503],[69.174,25.512],[69.189,25.517],[69.194,25.517],[69.188,25.531],[69.18,25.556],[69.182,25.573],[69.179,25.584],[69.162,25.597],[69.158,25.615],[69.152,25.624],[69.143,25.632],[69.125,25.643],[69.117,25.652],[69.089,25.669],[69.076,25.67],[69.052,25.668],[69.032,25.665],[68.989,25.666],[68.976,25.672],[68.968,25.683],[68.952,25.692],[68.936,25.692],[68.923,25.689],[68.909,25.679],[68.904,25.668],[68.896,25.66],[68.889,25.657],[68.894,25.647],[68.909,25.641],[68.92,25.633],[68.925,25.615],[68.927,25.592],[68.927,25.558],[68.924,25.528],[68.912,25.515],[68.904,25.495],[68.905,25.441],[68.913,25.431],[68.931,25.42],[68.951,25.404],[68.959,25.385],[68.964,25.363],[68.973,25.339],[68.977,25.296],[68.977,25.263],[68.969,25.25],[68.978,25.247],[68.987,25.24],[68.991,25.227],[68.992,25.198],[68.991,25.11],[68.992,25.083],[69.003,25.073],[69.015,25.063],[69.024,25.053],[69.046,25.046],[69.056,25.041],[69.062,25.029],[69.077,25.027],[69.091,25.022],[69.105,25.011],[69.117,24.995],[69.134,24.99],[69.14,24.974],[69.144,24.956],[69.161,24.95],[69.17,24.939],[69.173,24.929],[69.182,24.925],[69.224,24.927],[69.248,24.925],[69.278,24.907],[69.294,24.888],[69.31,24.879],[69.314,24.869],[69.312,24.818],[69.314,24.802],[69.319,24.792],[69.339,24.78],[69.356,24.765],[69.357,24.766],[69.383,24.775],[69.409,24.78],[69.424,24.786],[69.437,24.798],[69.448,24.802],[69.472,24.83],[69.484,24.84],[69.498,24.852]]]}},{"type":"Feature","properties":{"name":"Matiari","province":"Sindh","areaHa":145728.8,"builtupPct":3.62,"builtupGainHa":460.8,"vegChangeHa":-1675.0,"netMgC":106702.8,"netMgCPerHa":0.7322},"geometry":{"type":"Polygon","coordinates":[[[68.469,25.616],[68.488,25.62],[68.509,25.628],[68.507,25.642],[68.508,25.666],[68.506,25.688],[68.498,25.698],[68.472,25.722],[68.457,25.733],[68.46,25.744],[68.474,25.749],[68.482,25.77],[68.484,25.783],[68.508,25.789],[68.513,25.788],[68.506,25.8],[68.505,25.809],[68.499,25.825],[68.493,25.837],[68.492,25.853],[68.503,25.883],[68.512,25.918],[68.523,25.925],[68.535,25.948],[68.539,25.961],[68.534,25.981],[68.521,25.99],[68.52,25.991],[68.5,25.993],[68.477,25.993],[68.46,25.998],[68.446,26.009],[68.427,26.021],[68.407,26.027],[68.385,26.025],[68.378,26.02],[68.361,25.989],[68.348,25.974],[68.332,25.963],[68.316,25.949],[68.284,25.931],[68.292,25.924],[68.292,25.91],[68.281,25.891],[68.277,25.878],[68.275,25.847],[68.278,25.834],[68.287,25.823],[68.298,25.817],[68.314,25.814],[68.325,25.809],[68.333,25.799],[68.356,25.79],[68.366,25.776],[68.369,25.758],[68.365,25.745],[68.338,25.727],[68.334,25.713],[68.334,25.696],[68.346,25.679],[68.386,25.647],[68.399,25.645],[68.434,25.643],[68.454,25.639],[68.462,25.631],[68.468,25.619],[68.469,25.616]]]}},{"type":"Feature","properties":{"name":"Nawabshah","province":"Sindh","areaHa":448593.2,"builtupPct":3.65,"builtupGainHa":-500.0,"vegChangeHa":662.5,"netMgC":377746.9,"netMgCPerHa":0.8421},"geometry":{"type":"Polygon","coordinates":[[[68.333,26.583],[68.326,26.581],[68.316,26.57],[68.312,26.559],[68.3,26.551],[68.282,26.547],[68.277,26.536],[68.271,26.533],[68.242,26.531],[68.207,26.533],[68.171,26.531],[68.16,26.52],[68.156,26.51],[68.124,26.504],[68.099,26.509],[68.081,26.522],[68.068,26.528],[68.035,26.531],[68.019,26.529],[68.006,26.512],[67.981,26.506],[67.971,26.498],[67.969,26.487],[67.963,26.466],[67.96,26.454],[67.962,26.451],[67.964,26.402],[67.961,26.384],[67.949,26.368],[67.943,26.356],[67.937,26.338],[67.935,26.322],[67.936,26.297],[67.932,26.281],[67.926,26.27],[67.922,26.246],[67.922,26.229],[67.934,26.197],[67.942,26.188],[67.954,26.187],[67.966,26.184],[67.97,26.171],[67.975,26.159],[67.987,26.15],[68.003,26.141],[68.02,26.137],[68.031,26.136],[68.044,26.131],[68.05,26.121],[68.052,26.11],[68.05,26.093],[68.056,26.081],[68.067,26.069],[68.08,26.061],[68.106,26.041],[68.135,26.013],[68.162,25.992],[68.19,25.965],[68.195,25.951],[68.203,25.944],[68.213,25.94],[68.229,25.94],[68.281,25.934],[68.284,25.931],[68.316,25.949],[68.332,25.963],[68.348,25.974],[68.361,25.989],[68.378,26.02],[68.385,26.025],[68.407,26.027],[68.427,26.021],[68.446,26.009],[68.46,25.998],[68.477,25.993],[68.5,25.993],[68.52,25.991],[68.521,25.99],[68.521,26.007],[68.515,26.026],[68.5,26.037],[68.487,26.053],[68.473,26.085],[68.454,26.088],[68.433,26.097],[68.426,26.108],[68.431,26.125],[68.446,26.129],[68.471,26.134],[68.48,26.142],[68.487,26.153],[68.498,26.163],[68.498,26.187],[68.513,26.189],[68.526,26.189],[68.538,26.184],[68.553,26.159],[68.58,26.145],[68.588,26.139],[68.611,26.135],[68.688,26.134],[68.698,26.143],[68.7,26.162],[68.698,26.173],[68.69,26.181],[68.678,26.183],[68.665,26.198],[68.664,26.213],[68.672,26.228],[68.691,26.234],[68.706,26.242],[68.714,26.253],[68.725,26.255],[68.733,26.266],[68.736,26.276],[68.745,26.279],[68.758,26.279],[68.811,26.285],[68.831,26.299],[68.837,26.307],[68.856,26.317],[68.86,26.324],[68.865,26.362],[68.869,26.377],[68.884,26.383],[68.893,26.384],[68.897,26.401],[68.897,26.403],[68.897,26.422],[68.887,26.431],[68.873,26.434],[68.86,26.451],[68.86,26.461],[68.857,26.473],[68.843,26.483],[68.833,26.501],[68.822,26.502],[68.811,26.506],[68.79,26.525],[68.76,26.53],[68.723,26.55],[68.7,26.554],[68.528,26.553],[68.511,26.559],[68.47,26.577],[68.413,26.582],[68.378,26.582],[68.338,26.584],[68.333,26.583]]]}},{"type":"Feature","properties":{"name":"Sanghar","province":"Sindh","areaHa":1073627.3,"builtupPct":1.92,"builtupGainHa":-3472.4,"vegChangeHa":-21643.4,"netMgC":-1407161.3,"netMgCPerHa":-1.3107},"geometry":{"type":"Polygon","coordinates":[[[68.897,26.403],[68.897,26.401],[68.893,26.384],[68.884,26.383],[68.869,26.377],[68.865,26.362],[68.86,26.324],[68.856,26.317],[68.837,26.307],[68.831,26.299],[68.811,26.285],[68.758,26.279],[68.745,26.279],[68.736,26.276],[68.733,26.266],[68.725,26.255],[68.714,26.253],[68.706,26.242],[68.691,26.234],[68.672,26.228],[68.664,26.213],[68.665,26.198],[68.678,26.183],[68.69,26.181],[68.698,26.173],[68.7,26.162],[68.698,26.143],[68.688,26.134],[68.611,26.135],[68.588,26.139],[68.58,26.145],[68.553,26.159],[68.538,26.184],[68.526,26.189],[68.513,26.189],[68.498,26.187],[68.498,26.163],[68.487,26.153],[68.48,26.142],[68.471,26.134],[68.446,26.129],[68.431,26.125],[68.426,26.108],[68.433,26.097],[68.454,26.088],[68.473,26.085],[68.487,26.053],[68.5,26.037],[68.515,26.026],[68.521,26.007],[68.521,25.99],[68.534,25.981],[68.539,25.961],[68.535,25.948],[68.523,25.925],[68.512,25.918],[68.503,25.883],[68.492,25.853],[68.493,25.837],[68.499,25.825],[68.505,25.809],[68.506,25.8],[68.513,25.788],[68.527,25.787],[68.534,25.769],[68.539,25.747],[68.559,25.737],[68.56,25.724],[68.556,25.703],[68.572,25.694],[68.604,25.686],[68.615,25.666],[68.657,25.634],[68.668,25.618],[68.677,25.618],[68.695,25.621],[68.708,25.631],[68.712,25.65],[68.718,25.66],[68.737,25.667],[68.765,25.685],[68.793,25.69],[68.814,25.689],[68.829,25.681],[68.846,25.668],[68.885,25.665],[68.889,25.657],[68.896,25.66],[68.904,25.668],[68.909,25.679],[68.923,25.689],[68.936,25.692],[68.952,25.692],[68.968,25.683],[68.976,25.672],[68.989,25.666],[69.032,25.665],[69.052,25.668],[69.076,25.67],[69.089,25.669],[69.117,25.652],[69.125,25.643],[69.143,25.632],[69.152,25.624],[69.158,25.615],[69.162,25.597],[69.179,25.584],[69.182,25.573],[69.18,25.556],[69.188,25.531],[69.194,25.517],[69.212,25.519],[69.316,25.517],[69.385,25.519],[69.518,25.519],[69.53,25.523],[69.546,25.526],[69.567,25.519],[69.562,25.479],[69.564,25.473],[69.577,25.47],[69.621,25.467],[69.639,25.471],[69.652,25.476],[69.67,25.493],[69.705,25.493],[69.721,25.5],[69.745,25.524],[69.751,25.538],[69.758,25.549],[69.777,25.559],[69.78,25.567],[69.782,25.587],[69.793,25.601],[69.806,25.613],[69.821,25.618],[69.833,25.628],[69.838,25.636],[69.86,25.64],[69.874,25.647],[69.89,25.663],[69.893,25.679],[69.902,25.687],[69.917,25.693],[69.921,25.7],[69.921,25.709],[69.929,25.715],[69.967,25.716],[69.978,25.71],[69.981,25.699],[69.987,25.69],[69.996,25.687],[70.003,25.688],[70.015,25.692],[70.03,25.701],[70.039,25.71],[70.061,25.717],[70.069,25.726],[70.088,25.735],[70.147,25.737],[70.184,25.751],[70.217,25.769],[70.201,25.786],[70.169,25.806],[70.148,25.826],[70.128,25.848],[70.089,25.883],[70.062,25.929],[70.059,25.986],[70.044,26.005],[70.038,26.048],[70.06,26.09],[70.09,26.139],[70.07,26.133],[70.055,26.132],[70.037,26.133],[70.023,26.137],[70.009,26.148],[69.997,26.155],[69.964,26.159],[69.913,26.159],[69.895,26.162],[69.88,26.181],[69.867,26.184],[69.844,26.183],[69.824,26.177],[69.812,26.169],[69.787,26.163],[69.77,26.161],[69.737,26.161],[69.722,26.165],[69.714,26.174],[69.703,26.181],[69.68,26.183],[69.667,26.188],[69.651,26.189],[69.64,26.183],[69.626,26.181],[69.612,26.176],[69.586,26.159],[69.572,26.157],[69.558,26.162],[69.544,26.175],[69.539,26.183],[69.516,26.184],[69.496,26.18],[69.484,26.175],[69.474,26.165],[69.453,26.16],[69.421,26.159],[69.394,26.161],[69.377,26.17],[69.371,26.179],[69.364,26.183],[69.349,26.184],[69.316,26.191],[69.298,26.193],[69.252,26.195],[69.226,26.191],[69.213,26.188],[69.2,26.187],[69.188,26.184],[69.162,26.17],[69.146,26.17],[69.131,26.174],[69.115,26.182],[69.105,26.189],[69.097,26.201],[69.088,26.228],[69.07,26.232],[69.066,26.244],[69.056,26.254],[69.037,26.264],[69.029,26.291],[69.02,26.301],[69.003,26.309],[69.003,26.32],[68.996,26.329],[68.982,26.336],[68.977,26.357],[68.972,26.366],[68.953,26.375],[68.95,26.381],[68.949,26.389],[68.941,26.403],[68.931,26.405],[68.906,26.405],[68.897,26.403]]]}},{"type":"Feature","properties":{"name":"Naushehro Feroze","province":"Sindh","areaHa":303681.5,"builtupPct":4.05,"builtupGainHa":818.4,"vegChangeHa":-1468.2,"netMgC":274786.3,"netMgCPerHa":0.9049},"geometry":{"type":"Polygon","coordinates":[[[68.231,27.172],[68.214,27.167],[68.203,27.153],[68.192,27.149],[68.181,27.138],[68.174,27.126],[68.148,27.126],[68.137,27.118],[68.126,27.092],[68.123,27.074],[68.114,27.069],[68.098,27.063],[68.101,27.059],[68.101,27.045],[68.088,27.029],[68.056,27.004],[68.032,26.998],[67.994,26.995],[67.984,26.988],[67.982,26.961],[67.992,26.945],[68.006,26.938],[68.016,26.926],[68.012,26.912],[68.002,26.905],[67.967,26.89],[67.961,26.862],[67.955,26.854],[67.939,26.846],[67.925,26.823],[67.896,26.79],[67.87,26.776],[67.858,26.768],[67.839,26.744],[67.833,26.726],[67.833,26.706],[67.835,26.681],[67.846,26.66],[67.848,26.648],[67.865,26.635],[67.881,26.627],[67.894,26.616],[67.905,26.595],[67.905,26.581],[67.902,26.567],[67.889,26.55],[67.862,26.535],[67.845,26.529],[67.856,26.524],[67.881,26.505],[67.89,26.494],[67.904,26.483],[67.916,26.471],[67.958,26.457],[67.96,26.454],[67.963,26.466],[67.969,26.487],[67.971,26.498],[67.981,26.506],[68.006,26.512],[68.019,26.529],[68.035,26.531],[68.068,26.528],[68.081,26.522],[68.099,26.509],[68.124,26.504],[68.156,26.51],[68.16,26.52],[68.171,26.531],[68.207,26.533],[68.242,26.531],[68.271,26.533],[68.277,26.536],[68.282,26.547],[68.3,26.551],[68.312,26.559],[68.316,26.57],[68.326,26.581],[68.333,26.583],[68.317,26.599],[68.32,26.615],[68.333,26.625],[68.346,26.631],[68.357,26.661],[68.354,26.716],[68.355,26.81],[68.379,26.83],[68.389,26.854],[68.407,26.87],[68.412,26.897],[68.42,26.908],[68.432,26.919],[68.446,26.921],[68.459,26.929],[68.469,26.945],[68.469,27.035],[68.46,27.049],[68.449,27.06],[68.438,27.064],[68.426,27.065],[68.415,27.069],[68.408,27.079],[68.404,27.091],[68.392,27.101],[68.381,27.107],[68.382,27.122],[68.378,27.133],[68.368,27.14],[68.312,27.147],[68.297,27.146],[68.281,27.147],[68.269,27.15],[68.261,27.159],[68.245,27.171],[68.232,27.172],[68.231,27.172]]]}},{"type":"Feature","properties":{"name":"Qambar Shahdadkot","province":"Sindh","areaHa":560757.5,"builtupPct":1.29,"builtupGainHa":723.8,"vegChangeHa":-237.6,"netMgC":128544.6,"netMgCPerHa":0.2292},"geometry":{"type":"Polygon","coordinates":[[[67.243,27.438],[67.239,27.432],[67.231,27.372],[67.232,27.348],[67.26,27.346],[67.287,27.349],[67.321,27.344],[67.334,27.337],[67.354,27.313],[67.373,27.3],[67.388,27.296],[67.407,27.296],[67.426,27.299],[67.451,27.315],[67.469,27.315],[67.478,27.311],[67.485,27.297],[67.508,27.296],[67.519,27.293],[67.525,27.287],[67.536,27.269],[67.558,27.247],[67.577,27.241],[67.6,27.241],[67.62,27.245],[67.648,27.248],[67.684,27.247],[67.704,27.244],[67.744,27.227],[67.769,27.223],[67.802,27.222],[67.838,27.222],[67.877,27.225],[67.911,27.248],[67.95,27.247],[67.968,27.228],[67.982,27.221],[68.009,27.219],[68.025,27.217],[68.037,27.199],[68.01,27.17],[67.989,27.163],[67.989,27.146],[68.005,27.121],[68.02,27.114],[68.042,27.099],[68.053,27.085],[68.073,27.072],[68.094,27.069],[68.098,27.063],[68.114,27.069],[68.123,27.074],[68.126,27.092],[68.137,27.118],[68.148,27.126],[68.174,27.126],[68.181,27.138],[68.192,27.149],[68.203,27.153],[68.214,27.167],[68.231,27.172],[68.226,27.181],[68.225,27.193],[68.241,27.217],[68.248,27.231],[68.259,27.239],[68.266,27.247],[68.269,27.261],[68.273,27.267],[68.286,27.273],[68.295,27.287],[68.303,27.292],[68.317,27.294],[68.345,27.293],[68.367,27.296],[68.376,27.303],[68.38,27.312],[68.379,27.323],[68.356,27.343],[68.345,27.348],[68.332,27.362],[68.318,27.382],[68.314,27.392],[68.315,27.41],[68.33,27.436],[68.346,27.442],[68.354,27.45],[68.355,27.46],[68.365,27.465],[68.379,27.479],[68.382,27.498],[68.382,27.527],[68.388,27.534],[68.41,27.537],[68.462,27.539],[68.503,27.544],[68.518,27.559],[68.536,27.567],[68.544,27.584],[68.544,27.6],[68.528,27.611],[68.521,27.618],[68.516,27.624],[68.489,27.638],[68.471,27.652],[68.457,27.659],[68.442,27.66],[68.424,27.672],[68.413,27.681],[68.407,27.696],[68.406,27.707],[68.383,27.72],[68.378,27.731],[68.361,27.734],[68.352,27.744],[68.351,27.774],[68.341,27.784],[68.33,27.788],[68.324,27.802],[68.322,27.812],[68.307,27.821],[68.299,27.827],[68.297,27.851],[68.291,27.857],[68.289,27.86],[68.247,27.86],[68.211,27.878],[68.193,27.883],[68.173,27.883],[68.163,27.889],[68.161,27.901],[68.146,27.904],[68.114,27.908],[68.09,27.909],[68.077,27.919],[68.063,27.918],[68.034,27.911],[67.974,27.91],[67.935,27.915],[67.919,27.92],[67.916,27.919],[67.863,27.907],[67.856,27.895],[67.839,27.861],[67.804,27.861],[67.759,27.864],[67.716,27.864],[67.691,27.864],[67.656,27.857],[67.635,27.843],[67.606,27.827],[67.584,27.825],[67.537,27.831],[67.51,27.839],[67.482,27.839],[67.469,27.835],[67.464,27.833],[67.452,27.75],[67.429,27.745],[67.428,27.724],[67.428,27.68],[67.402,27.643],[67.38,27.635],[67.358,27.588],[67.342,27.566],[67.322,27.552],[67.31,27.511],[67.289,27.484],[67.26,27.462],[67.243,27.438]]]}},{"type":"Feature","properties":{"name":"Jacobabad","province":"Sindh","areaHa":277494.1,"builtupPct":2.69,"builtupGainHa":1323.7,"vegChangeHa":-4181.1,"netMgC":-142229.6,"netMgCPerHa":-0.5126},"geometry":{"type":"Polygon","coordinates":[[[67.919,27.92],[67.935,27.915],[67.974,27.91],[68.034,27.911],[68.063,27.918],[68.077,27.919],[68.09,27.909],[68.114,27.908],[68.146,27.904],[68.161,27.901],[68.163,27.889],[68.173,27.883],[68.193,27.883],[68.211,27.878],[68.247,27.86],[68.289,27.86],[68.291,27.857],[68.309,27.858],[68.325,27.858],[68.343,27.856],[68.357,27.868],[68.359,27.886],[68.353,27.986],[68.355,28.031],[68.364,28.049],[68.381,28.052],[68.399,28.052],[68.443,28.049],[68.47,28.05],[68.496,28.053],[68.515,28.065],[68.521,28.075],[68.527,28.082],[68.547,28.097],[68.573,28.103],[68.693,28.103],[68.71,28.092],[68.719,28.083],[68.732,28.076],[68.749,28.076],[68.774,28.058],[68.797,28.053],[68.852,28.051],[68.883,28.052],[68.91,28.038],[68.945,28.029],[68.945,28.029],[68.946,28.101],[68.946,28.174],[68.95,28.19],[68.963,28.195],[68.967,28.211],[68.97,28.25],[68.983,28.295],[69.001,28.316],[69.004,28.352],[69.002,28.396],[69.0,28.396],[68.958,28.388],[68.855,28.383],[68.793,28.383],[68.665,28.375],[68.569,28.374],[68.529,28.368],[68.515,28.352],[68.488,28.327],[68.471,28.323],[68.47,28.304],[68.458,28.279],[68.445,28.271],[68.444,28.248],[68.432,28.224],[68.406,28.207],[68.344,28.203],[68.317,28.199],[68.291,28.187],[68.267,28.171],[68.241,28.156],[68.214,28.134],[68.181,28.102],[68.142,28.078],[68.104,28.051],[68.06,28.023],[68.033,28.003],[67.984,27.943],[67.959,27.93],[67.919,27.92]]]}},{"type":"Feature","properties":{"name":"Shikarpur","province":"Sindh","areaHa":257231.4,"builtupPct":3.65,"builtupGainHa":394.7,"vegChangeHa":-1220.7,"netMgC":-168491.8,"netMgCPerHa":-0.655},"geometry":{"type":"Polygon","coordinates":[[[68.691,27.678],[68.693,27.679],[68.694,27.703],[68.697,27.712],[68.703,27.721],[68.721,27.731],[68.733,27.733],[68.743,27.737],[68.762,27.751],[68.862,27.755],[68.874,27.757],[68.885,27.773],[68.885,27.784],[68.888,27.799],[68.912,27.807],[68.912,27.818],[68.915,27.831],[68.929,27.836],[68.941,27.852],[68.944,27.866],[68.953,27.873],[68.969,27.882],[68.995,27.904],[69.008,27.91],[69.026,27.914],[69.039,27.921],[69.052,27.935],[69.074,27.949],[69.094,27.954],[69.108,27.959],[69.108,27.959],[69.104,27.968],[69.087,27.981],[69.081,28.003],[69.064,28.016],[69.046,28.021],[69.026,28.024],[69.002,28.022],[68.961,28.025],[68.945,28.029],[68.945,28.029],[68.945,28.029],[68.91,28.038],[68.883,28.052],[68.852,28.051],[68.797,28.053],[68.774,28.058],[68.749,28.076],[68.732,28.076],[68.719,28.083],[68.71,28.092],[68.693,28.103],[68.573,28.103],[68.547,28.097],[68.527,28.082],[68.521,28.075],[68.515,28.065],[68.496,28.053],[68.47,28.05],[68.443,28.049],[68.399,28.052],[68.381,28.052],[68.364,28.049],[68.355,28.031],[68.353,27.986],[68.359,27.886],[68.357,27.868],[68.343,27.856],[68.325,27.858],[68.309,27.858],[68.291,27.857],[68.297,27.851],[68.299,27.827],[68.307,27.821],[68.322,27.812],[68.324,27.802],[68.33,27.788],[68.341,27.784],[68.351,27.774],[68.352,27.744],[68.361,27.734],[68.378,27.731],[68.383,27.72],[68.406,27.707],[68.407,27.696],[68.413,27.681],[68.424,27.672],[68.442,27.66],[68.457,27.659],[68.471,27.652],[68.489,27.638],[68.516,27.624],[68.521,27.618],[68.523,27.637],[68.534,27.653],[68.552,27.661],[68.574,27.653],[68.598,27.64],[68.611,27.641],[68.627,27.654],[68.633,27.662],[68.637,27.673],[68.643,27.681],[68.665,27.682],[68.681,27.678],[68.691,27.678]]]}},{"type":"Feature","properties":{"name":"Ghotki","province":"Sindh","areaHa":635696.6,"builtupPct":2.59,"builtupGainHa":3948.1,"vegChangeHa":-9163.0,"netMgC":-191377.5,"netMgCPerHa":-0.3011},"geometry":{"type":"Polygon","coordinates":[[[69.195,27.926],[69.196,27.925],[69.196,27.905],[69.201,27.894],[69.212,27.887],[69.221,27.879],[69.222,27.845],[69.227,27.828],[69.25,27.807],[69.253,27.776],[69.27,27.768],[69.279,27.76],[69.28,27.746],[69.279,27.722],[69.281,27.702],[69.28,27.686],[69.265,27.681],[69.242,27.681],[69.216,27.683],[69.2,27.679],[69.197,27.666],[69.197,27.654],[69.208,27.637],[69.248,27.628],[69.249,27.62],[69.256,27.609],[69.269,27.606],[69.278,27.599],[69.28,27.586],[69.291,27.563],[69.308,27.554],[69.316,27.53],[69.344,27.499],[69.386,27.485],[69.452,27.484],[69.464,27.481],[69.478,27.467],[69.501,27.459],[69.516,27.462],[69.527,27.474],[69.538,27.479],[69.56,27.464],[69.56,27.448],[69.565,27.405],[69.578,27.393],[69.597,27.391],[69.613,27.38],[69.627,27.366],[69.671,27.358],[69.688,27.345],[69.717,27.334],[69.74,27.356],[69.799,27.387],[69.827,27.417],[69.852,27.446],[69.897,27.497],[69.936,27.548],[69.96,27.57],[69.983,27.596],[70.003,27.63],[70.033,27.71],[70.044,27.745],[70.069,27.775],[70.111,27.834],[70.106,27.851],[70.086,27.875],[70.054,27.877],[70.034,27.887],[70.009,27.906],[69.982,27.931],[69.959,27.948],[69.945,28.006],[69.927,28.018],[69.911,28.038],[69.859,28.068],[69.842,28.103],[69.839,28.218],[69.835,28.246],[69.817,28.262],[69.808,28.276],[69.808,28.278],[69.79,28.276],[69.772,28.269],[69.759,28.259],[69.752,28.242],[69.74,28.227],[69.727,28.217],[69.711,28.214],[69.695,28.202],[69.675,28.197],[69.649,28.178],[69.618,28.172],[69.616,28.158],[69.603,28.154],[69.595,28.148],[69.591,28.14],[69.588,28.123],[69.587,28.09],[69.578,28.079],[69.559,28.077],[69.543,28.088],[69.539,28.102],[69.53,28.119],[69.52,28.125],[69.505,28.136],[69.499,28.146],[69.485,28.146],[69.473,28.127],[69.462,28.119],[69.455,28.111],[69.439,28.106],[69.394,28.101],[69.381,28.092],[69.373,28.079],[69.361,28.074],[69.349,28.067],[69.344,28.056],[69.311,28.055],[69.294,28.051],[69.283,28.046],[69.281,28.036],[69.271,28.028],[69.249,28.026],[69.243,28.018],[69.231,28.007],[69.224,27.992],[69.225,27.958],[69.219,27.945],[69.208,27.932],[69.195,27.926]]]}},{"type":"Feature","properties":{"name":"Sukkur","province":"Sindh","areaHa":520003.0,"builtupPct":3.05,"builtupGainHa":10.7,"vegChangeHa":-16933.4,"netMgC":-765542.4,"netMgCPerHa":-1.4722},"geometry":{"type":"Polygon","coordinates":[[[69.493,27.052],[69.496,27.061],[69.498,27.102],[69.522,27.148],[69.561,27.186],[69.593,27.23],[69.687,27.304],[69.717,27.334],[69.688,27.345],[69.671,27.358],[69.627,27.366],[69.613,27.38],[69.597,27.391],[69.578,27.393],[69.565,27.405],[69.56,27.448],[69.56,27.464],[69.538,27.479],[69.527,27.474],[69.516,27.462],[69.501,27.459],[69.478,27.467],[69.464,27.481],[69.452,27.484],[69.386,27.485],[69.344,27.499],[69.316,27.53],[69.308,27.554],[69.291,27.563],[69.28,27.586],[69.278,27.599],[69.269,27.606],[69.256,27.609],[69.249,27.62],[69.248,27.628],[69.208,27.637],[69.197,27.654],[69.197,27.666],[69.2,27.679],[69.216,27.683],[69.242,27.681],[69.265,27.681],[69.28,27.686],[69.281,27.702],[69.279,27.722],[69.28,27.746],[69.279,27.76],[69.27,27.768],[69.253,27.776],[69.25,27.807],[69.227,27.828],[69.222,27.845],[69.221,27.879],[69.212,27.887],[69.201,27.894],[69.196,27.905],[69.196,27.925],[69.195,27.926],[69.192,27.934],[69.182,27.943],[69.17,27.951],[69.162,27.951],[69.149,27.947],[69.135,27.946],[69.113,27.954],[69.108,27.959],[69.094,27.954],[69.074,27.949],[69.052,27.935],[69.039,27.921],[69.026,27.914],[69.008,27.91],[68.995,27.904],[68.969,27.882],[68.953,27.873],[68.944,27.866],[68.941,27.852],[68.929,27.836],[68.915,27.831],[68.912,27.818],[68.912,27.807],[68.888,27.799],[68.885,27.784],[68.885,27.773],[68.874,27.757],[68.862,27.755],[68.762,27.751],[68.743,27.737],[68.733,27.733],[68.721,27.731],[68.703,27.721],[68.697,27.712],[68.694,27.703],[68.693,27.679],[68.691,27.678],[68.7,27.664],[68.71,27.66],[68.721,27.644],[68.721,27.637],[68.738,27.634],[68.848,27.633],[68.858,27.627],[68.864,27.619],[68.889,27.609],[68.893,27.597],[68.888,27.578],[68.878,27.561],[68.867,27.554],[68.863,27.543],[68.867,27.525],[68.857,27.508],[68.841,27.501],[68.83,27.493],[68.826,27.486],[68.826,27.471],[68.834,27.455],[68.846,27.448],[68.858,27.438],[68.867,27.429],[68.881,27.42],[68.91,27.407],[68.919,27.389],[68.922,27.346],[68.919,27.33],[68.91,27.321],[68.897,27.316],[68.888,27.31],[68.888,27.295],[68.881,27.29],[68.874,27.29],[68.861,27.286],[68.857,27.275],[68.857,27.253],[68.867,27.244],[68.882,27.235],[68.887,27.222],[68.902,27.215],[68.919,27.212],[68.928,27.209],[68.949,27.184],[68.963,27.172],[68.978,27.168],[68.991,27.166],[69.006,27.157],[69.019,27.147],[69.04,27.142],[69.061,27.14],[69.093,27.14],[69.113,27.146],[69.123,27.159],[69.14,27.166],[69.157,27.166],[69.195,27.142],[69.215,27.141],[69.232,27.137],[69.245,27.128],[69.264,27.12],[69.284,27.117],[69.321,27.115],[69.331,27.112],[69.358,27.092],[69.388,27.088],[69.425,27.067],[69.449,27.065],[69.476,27.059],[69.493,27.052]]]}},{"type":"Feature","properties":{"name":"Kashmore","province":"Sindh","areaHa":266415.3,"builtupPct":2.99,"builtupGainHa":1452.0,"vegChangeHa":-2776.2,"netMgC":-305693.8,"netMgCPerHa":-1.1474},"geometry":{"type":"Polygon","coordinates":[[[69.146,28.4],[69.08,28.4],[69.002,28.396],[69.004,28.352],[69.001,28.316],[68.983,28.295],[68.97,28.25],[68.967,28.211],[68.963,28.195],[68.95,28.19],[68.946,28.174],[68.946,28.101],[68.945,28.029],[68.945,28.029],[68.961,28.025],[69.002,28.022],[69.026,28.024],[69.046,28.021],[69.064,28.016],[69.081,28.003],[69.087,27.981],[69.104,27.968],[69.108,27.959],[69.108,27.959],[69.113,27.954],[69.135,27.946],[69.149,27.947],[69.162,27.951],[69.17,27.951],[69.182,27.943],[69.192,27.934],[69.195,27.926],[69.208,27.932],[69.219,27.945],[69.225,27.958],[69.224,27.992],[69.231,28.007],[69.243,28.018],[69.249,28.026],[69.271,28.028],[69.281,28.036],[69.283,28.046],[69.294,28.051],[69.311,28.055],[69.344,28.056],[69.349,28.067],[69.361,28.074],[69.373,28.079],[69.381,28.092],[69.394,28.101],[69.439,28.106],[69.455,28.111],[69.462,28.119],[69.473,28.127],[69.485,28.146],[69.499,28.146],[69.505,28.136],[69.52,28.125],[69.53,28.119],[69.539,28.102],[69.543,28.088],[69.559,28.077],[69.578,28.079],[69.587,28.09],[69.588,28.123],[69.591,28.14],[69.595,28.148],[69.603,28.154],[69.616,28.158],[69.618,28.172],[69.649,28.178],[69.675,28.197],[69.695,28.202],[69.711,28.214],[69.727,28.217],[69.74,28.227],[69.752,28.242],[69.759,28.259],[69.772,28.269],[69.79,28.276],[69.808,28.278],[69.806,28.306],[69.8,28.334],[69.79,28.355],[69.79,28.383],[69.772,28.395],[69.77,28.396],[69.747,28.399],[69.734,28.409],[69.718,28.418],[69.715,28.42],[69.658,28.423],[69.628,28.423],[69.613,28.433],[69.596,28.452],[69.584,28.461],[69.557,28.471],[69.51,28.471],[69.472,28.467],[69.446,28.44],[69.434,28.431],[69.419,28.42],[69.403,28.42],[69.404,28.412],[69.366,28.4],[69.253,28.4],[69.146,28.4]]]}},{"type":"Feature","properties":{"name":"Rajanpur","province":"Punjab","areaHa":1252404.1,"builtupPct":1.55,"builtupGainHa":4810.3,"vegChangeHa":79550.6,"netMgC":3909799.9,"netMgCPerHa":3.1218},"geometry":{"type":"Polygon","coordinates":[[[69.772,28.395],[69.778,28.399],[69.781,28.408],[69.786,28.414],[69.797,28.418],[69.831,28.419],[69.843,28.421],[69.858,28.428],[69.863,28.437],[69.87,28.44],[69.884,28.443],[69.913,28.442],[69.935,28.447],[69.944,28.452],[69.949,28.462],[69.952,28.486],[69.956,28.495],[69.963,28.504],[69.983,28.515],[70.03,28.516],[70.034,28.522],[70.037,28.536],[70.036,28.544],[70.041,28.553],[70.058,28.561],[70.066,28.569],[70.069,28.581],[70.072,28.604],[70.071,28.629],[70.072,28.658],[70.064,28.669],[70.061,28.679],[70.053,28.687],[70.049,28.698],[70.065,28.729],[70.08,28.737],[70.115,28.739],[70.13,28.731],[70.146,28.717],[70.17,28.715],[70.189,28.72],[70.213,28.735],[70.231,28.737],[70.241,28.742],[70.256,28.756],[70.261,28.766],[70.266,28.801],[70.275,28.806],[70.287,28.808],[70.306,28.806],[70.31,28.799],[70.318,28.791],[70.331,28.787],[70.352,28.788],[70.372,28.808],[70.375,28.832],[70.376,28.862],[70.374,28.89],[70.357,28.904],[70.362,28.908],[70.395,28.909],[70.435,28.913],[70.46,28.93],[70.487,28.939],[70.492,28.944],[70.495,28.947],[70.495,28.959],[70.49,28.974],[70.49,28.986],[70.492,28.992],[70.505,29.0],[70.516,29.01],[70.517,29.065],[70.539,29.083],[70.543,29.094],[70.547,29.119],[70.553,29.139],[70.552,29.157],[70.537,29.18],[70.529,29.193],[70.548,29.231],[70.566,29.249],[70.588,29.259],[70.596,29.268],[70.602,29.286],[70.604,29.319],[70.583,29.334],[70.574,29.345],[70.575,29.355],[70.581,29.36],[70.596,29.37],[70.604,29.38],[70.605,29.393],[70.624,29.417],[70.631,29.435],[70.632,29.463],[70.641,29.47],[70.647,29.48],[70.64,29.494],[70.635,29.516],[70.629,29.529],[70.629,29.569],[70.637,29.578],[70.653,29.589],[70.661,29.6],[70.662,29.615],[70.688,29.64],[70.69,29.658],[70.686,29.67],[70.685,29.67],[70.667,29.671],[70.655,29.674],[70.644,29.68],[70.607,29.718],[70.6,29.745],[70.586,29.752],[70.575,29.755],[70.553,29.748],[70.535,29.737],[70.522,29.732],[70.517,29.721],[70.521,29.712],[70.522,29.676],[70.519,29.671],[70.503,29.656],[70.493,29.65],[70.49,29.645],[70.478,29.636],[70.472,29.626],[70.46,29.619],[70.451,29.61],[70.446,29.602],[70.424,29.597],[70.41,29.597],[70.389,29.6],[70.376,29.603],[70.365,29.609],[70.353,29.619],[70.35,29.626],[70.352,29.638],[70.35,29.648],[70.34,29.657],[70.326,29.665],[70.322,29.672],[70.32,29.685],[70.316,29.698],[70.311,29.708],[70.302,29.716],[70.297,29.748],[70.293,29.757],[70.282,29.764],[70.26,29.766],[70.245,29.761],[70.234,29.748],[70.222,29.74],[70.21,29.737],[70.197,29.737],[70.179,29.747],[70.172,29.753],[70.153,29.774],[70.146,29.784],[70.131,29.789],[70.118,29.789],[70.103,29.779],[70.097,29.718],[70.089,29.708],[70.077,29.698],[70.066,29.693],[70.059,29.678],[70.049,29.673],[70.044,29.667],[70.04,29.649],[70.043,29.634],[70.041,29.618],[70.033,29.602],[70.019,29.598],[70.013,29.592],[70.011,29.58],[70.01,29.571],[70.017,29.562],[70.038,29.549],[70.043,29.539],[70.038,29.388],[70.041,29.357],[70.04,29.339],[70.034,29.33],[70.021,29.33],[70.014,29.322],[70.009,29.31],[70.01,29.302],[70.009,29.292],[70.004,29.283],[69.989,29.279],[69.981,29.27],[69.98,29.258],[69.984,29.219],[69.982,29.205],[69.972,29.192],[69.95,29.18],[69.95,29.165],[69.947,29.148],[69.94,29.138],[69.933,29.134],[69.877,29.13],[69.872,29.124],[69.869,29.115],[69.87,29.081],[69.867,29.07],[69.863,29.06],[69.844,29.051],[69.842,29.038],[69.84,29.01],[69.818,28.998],[69.81,28.981],[69.81,28.97],[69.813,28.96],[69.813,28.928],[69.816,28.917],[69.829,28.9],[69.84,28.873],[69.843,28.859],[69.84,28.844],[69.834,28.832],[69.822,28.825],[69.817,28.817],[69.814,28.8],[69.809,28.792],[69.792,28.786],[69.777,28.784],[69.766,28.777],[69.763,28.769],[69.757,28.712],[69.753,28.7],[69.736,28.686],[69.73,28.678],[69.726,28.667],[69.708,28.658],[69.706,28.648],[69.697,28.645],[69.643,28.636],[69.631,28.616],[69.634,28.589],[69.642,28.558],[69.643,28.526],[69.646,28.518],[69.651,28.51],[69.671,28.494],[69.675,28.476],[69.69,28.469],[69.702,28.466],[69.719,28.458],[69.727,28.449],[69.726,28.44],[69.719,28.428],[69.719,28.418],[69.718,28.418],[69.734,28.409],[69.747,28.399],[69.77,28.396],[69.772,28.395]]]}},{"type":"Feature","properties":{"name":"Dera Ghazi Khan","province":"Punjab","areaHa":1169343.9,"builtupPct":1.48,"builtupGainHa":4973.5,"vegChangeHa":-427.8,"netMgC":1182419.7,"netMgCPerHa":1.0112},"geometry":{"type":"Polygon","coordinates":[[[69.97,30.273],[69.983,30.269],[70.007,30.261],[70.021,30.249],[70.03,30.228],[70.027,30.208],[70.001,30.183],[69.959,30.137],[69.957,30.051],[69.95,30.026],[69.906,30.009],[69.901,29.963],[69.894,29.939],[69.874,29.926],[69.874,29.89],[69.82,29.831],[69.814,29.806],[69.791,29.781],[69.764,29.737],[69.741,29.695],[69.717,29.677],[69.666,29.668],[69.646,29.661],[69.635,29.656],[69.622,29.635],[69.622,29.621],[69.608,29.607],[69.595,29.599],[69.593,29.582],[69.593,29.576],[69.594,29.562],[69.596,29.531],[69.59,29.486],[69.584,29.473],[69.572,29.463],[69.567,29.444],[69.569,29.422],[69.573,29.406],[69.587,29.398],[69.619,29.398],[69.623,29.385],[69.641,29.374],[69.647,29.307],[69.666,29.277],[69.684,29.264],[69.708,29.265],[69.732,29.269],[69.762,29.251],[69.764,29.225],[69.753,29.204],[69.734,29.183],[69.737,29.155],[69.726,29.116],[69.705,29.095],[69.7,29.068],[69.628,29.011],[69.619,28.988],[69.596,28.97],[69.588,28.944],[69.557,28.914],[69.52,28.888],[69.502,28.865],[69.492,28.837],[69.492,28.822],[69.499,28.805],[69.514,28.793],[69.537,28.78],[69.554,28.76],[69.555,28.733],[69.536,28.714],[69.49,28.688],[69.474,28.664],[69.472,28.631],[69.448,28.609],[69.448,28.582],[69.433,28.562],[69.392,28.544],[69.359,28.536],[69.341,28.524],[69.341,28.505],[69.359,28.495],[69.371,28.476],[69.372,28.452],[69.381,28.437],[69.403,28.428],[69.403,28.42],[69.419,28.42],[69.434,28.431],[69.446,28.44],[69.472,28.467],[69.51,28.471],[69.557,28.471],[69.584,28.461],[69.596,28.452],[69.613,28.433],[69.628,28.423],[69.658,28.423],[69.715,28.42],[69.718,28.418],[69.719,28.418],[69.719,28.428],[69.726,28.44],[69.727,28.449],[69.719,28.458],[69.702,28.466],[69.69,28.469],[69.675,28.476],[69.671,28.494],[69.651,28.51],[69.646,28.518],[69.643,28.526],[69.642,28.558],[69.634,28.589],[69.631,28.616],[69.643,28.636],[69.697,28.645],[69.706,28.648],[69.708,28.658],[69.726,28.667],[69.73,28.678],[69.736,28.686],[69.753,28.7],[69.757,28.712],[69.763,28.769],[69.766,28.777],[69.777,28.784],[69.792,28.786],[69.809,28.792],[69.814,28.8],[69.817,28.817],[69.822,28.825],[69.834,28.832],[69.84,28.844],[69.843,28.859],[69.84,28.873],[69.829,28.9],[69.816,28.917],[69.813,28.928],[69.813,28.96],[69.81,28.97],[69.81,28.981],[69.818,28.998],[69.84,29.01],[69.842,29.038],[69.844,29.051],[69.863,29.06],[69.867,29.07],[69.87,29.081],[69.869,29.115],[69.872,29.124],[69.877,29.13],[69.933,29.134],[69.94,29.138],[69.947,29.148],[69.95,29.165],[69.95,29.18],[69.972,29.192],[69.982,29.205],[69.984,29.219],[69.98,29.258],[69.981,29.27],[69.989,29.279],[70.004,29.283],[70.009,29.292],[70.01,29.302],[70.009,29.31],[70.014,29.322],[70.021,29.33],[70.034,29.33],[70.04,29.339],[70.041,29.357],[70.038,29.388],[70.043,29.539],[70.038,29.549],[70.017,29.562],[70.01,29.571],[70.011,29.58],[70.013,29.592],[70.019,29.598],[70.033,29.602],[70.041,29.618],[70.043,29.634],[70.04,29.649],[70.044,29.667],[70.049,29.673],[70.059,29.678],[70.066,29.693],[70.077,29.698],[70.089,29.708],[70.097,29.718],[70.103,29.779],[70.118,29.789],[70.131,29.789],[70.146,29.784],[70.153,29.774],[70.172,29.753],[70.179,29.747],[70.197,29.737],[70.21,29.737],[70.222,29.74],[70.234,29.748],[70.245,29.761],[70.26,29.766],[70.282,29.764],[70.293,29.757],[70.297,29.748],[70.302,29.716],[70.311,29.708],[70.316,29.698],[70.32,29.685],[70.322,29.672],[70.326,29.665],[70.34,29.657],[70.35,29.648],[70.352,29.638],[70.35,29.626],[70.353,29.619],[70.365,29.609],[70.376,29.603],[70.389,29.6],[70.41,29.597],[70.424,29.597],[70.446,29.602],[70.451,29.61],[70.46,29.619],[70.472,29.626],[70.478,29.636],[70.49,29.645],[70.493,29.65],[70.503,29.656],[70.519,29.671],[70.522,29.676],[70.521,29.712],[70.517,29.721],[70.522,29.732],[70.535,29.737],[70.553,29.748],[70.575,29.755],[70.586,29.752],[70.6,29.745],[70.607,29.718],[70.644,29.68],[70.655,29.674],[70.667,29.671],[70.685,29.67],[70.686,29.67],[70.707,29.679],[70.718,29.693],[70.728,29.717],[70.738,29.724],[70.744,29.736],[70.754,29.746],[70.767,29.751],[70.776,29.759],[70.78,29.774],[70.792,29.779],[70.799,29.789],[70.803,29.811],[70.802,29.837],[70.792,29.866],[70.793,29.879],[70.797,29.886],[70.817,29.896],[70.828,29.903],[70.831,29.923],[70.823,29.933],[70.809,29.936],[70.8,29.946],[70.799,29.96],[70.78,29.983],[70.774,29.998],[70.774,30.018],[70.776,30.029],[70.783,30.04],[70.795,30.052],[70.802,30.067],[70.802,30.088],[70.806,30.106],[70.806,30.128],[70.801,30.167],[70.789,30.178],[70.778,30.183],[70.762,30.205],[70.761,30.237],[70.767,30.262],[70.774,30.278],[70.782,30.31],[70.781,30.328],[70.772,30.345],[70.763,30.359],[70.76,30.37],[70.774,30.38],[70.785,30.397],[70.797,30.402],[70.805,30.413],[70.806,30.426],[70.802,30.436],[70.784,30.455],[70.777,30.477],[70.767,30.496],[70.757,30.509],[70.772,30.527],[70.776,30.547],[70.773,30.581],[70.767,30.616],[70.767,30.629],[70.767,30.63],[70.775,30.655],[70.776,30.667],[70.783,30.69],[70.781,30.703],[70.757,30.723],[70.751,30.726],[70.746,30.732],[70.744,30.742],[70.729,30.753],[70.721,30.77],[70.72,30.781],[70.724,30.794],[70.736,30.802],[70.748,30.805],[70.752,30.824],[70.752,30.913],[70.755,30.928],[70.761,30.937],[70.775,30.946],[70.783,30.959],[70.78,30.971],[70.781,31.004],[70.778,31.034],[70.771,31.049],[70.757,31.068],[70.753,31.087],[70.753,31.104],[70.75,31.121],[70.735,31.132],[70.728,31.149],[70.733,31.16],[70.751,31.168],[70.759,31.18],[70.76,31.198],[70.757,31.21],[70.756,31.209],[70.742,31.22],[70.726,31.246],[70.71,31.251],[70.688,31.243],[70.661,31.241],[70.589,31.243],[70.574,31.247],[70.55,31.259],[70.533,31.255],[70.516,31.243],[70.507,31.23],[70.488,31.22],[70.455,31.214],[70.434,31.203],[70.423,31.188],[70.422,31.186],[70.417,31.174],[70.42,31.148],[70.416,31.125],[70.4,31.12],[70.351,31.12],[70.326,31.116],[70.31,31.1],[70.29,31.094],[70.267,31.085],[70.25,31.07],[70.249,31.053],[70.245,31.003],[70.225,30.985],[70.222,30.939],[70.227,30.9],[70.227,30.861],[70.219,30.839],[70.201,30.822],[70.187,30.807],[70.181,30.782],[70.169,30.756],[70.155,30.748],[70.137,30.743],[70.107,30.718],[70.089,30.708],[70.056,30.695],[70.045,30.681],[70.051,30.665],[70.068,30.639],[70.072,30.59],[70.066,30.564],[70.05,30.535],[70.036,30.527],[70.027,30.512],[70.021,30.489],[70.012,30.466],[70.0,30.459],[69.994,30.441],[69.991,30.41],[69.98,30.392],[69.963,30.383],[69.959,30.368],[69.959,30.337],[69.941,30.329],[69.936,30.311],[69.944,30.286],[69.964,30.274],[69.97,30.273]]]}},{"type":"Feature","properties":{"name":"Rahim Yar Khan","province":"Punjab","areaHa":1285808.9,"builtupPct":4.39,"builtupGainHa":12157.7,"vegChangeHa":-14609.0,"netMgC":123433.7,"netMgCPerHa":0.096},"geometry":{"type":"Polygon","coordinates":[[[70.111,27.834],[70.125,27.852],[70.219,27.932],[70.276,27.99],[70.322,28.004],[70.363,28.015],[70.376,28.02],[70.396,28.031],[70.441,28.032],[70.462,28.03],[70.484,28.02],[70.58,27.95],[70.594,27.932],[70.6,27.906],[70.603,27.872],[70.603,27.839],[70.611,27.824],[70.632,27.8],[70.657,27.741],[70.676,27.721],[70.703,27.712],[70.862,27.709],[70.892,27.72],[70.908,27.738],[70.928,27.748],[70.972,27.761],[71.034,27.8],[71.066,27.807],[71.062,27.844],[71.055,27.855],[71.038,27.87],[71.03,27.88],[71.029,27.969],[71.023,28.002],[71.018,28.013],[71.006,28.024],[71.003,28.053],[70.995,28.079],[70.981,28.081],[70.975,28.087],[70.969,28.104],[70.968,28.117],[70.957,28.124],[70.945,28.136],[70.943,28.251],[70.945,28.286],[70.944,28.331],[70.939,28.394],[70.945,28.431],[70.944,28.443],[70.921,28.446],[70.913,28.45],[70.912,28.466],[70.898,28.489],[70.901,28.503],[70.911,28.518],[70.918,28.541],[70.936,28.559],[70.94,28.57],[70.94,28.631],[70.936,28.645],[70.936,28.666],[70.939,28.687],[70.944,28.701],[70.958,28.707],[70.97,28.714],[70.973,28.723],[70.971,28.734],[70.982,28.74],[70.994,28.743],[70.997,28.749],[70.996,28.772],[71.0,28.782],[71.012,28.785],[71.024,28.795],[71.031,28.815],[71.032,28.849],[71.026,29.051],[71.02,29.059],[71.006,29.052],[71.002,29.043],[70.989,29.036],[70.979,29.034],[70.963,29.036],[70.949,29.041],[70.939,29.055],[70.923,29.063],[70.913,29.072],[70.911,29.09],[70.913,29.112],[70.912,29.131],[70.907,29.15],[70.9,29.164],[70.896,29.181],[70.879,29.184],[70.878,29.184],[70.861,29.184],[70.837,29.183],[70.839,29.174],[70.845,29.165],[70.842,29.149],[70.832,29.134],[70.82,29.128],[70.805,29.111],[70.795,29.108],[70.774,29.106],[70.76,29.086],[70.769,29.062],[70.77,29.041],[70.766,29.018],[70.754,29.012],[70.742,29.01],[70.693,29.009],[70.682,29.014],[70.667,29.027],[70.66,29.042],[70.649,29.057],[70.635,29.058],[70.613,29.049],[70.601,29.037],[70.603,29.026],[70.603,29.01],[70.6,28.993],[70.586,28.984],[70.553,28.984],[70.544,28.981],[70.544,28.964],[70.525,28.953],[70.519,28.946],[70.509,28.944],[70.492,28.944],[70.487,28.939],[70.46,28.93],[70.435,28.913],[70.395,28.909],[70.362,28.908],[70.357,28.904],[70.374,28.89],[70.376,28.862],[70.375,28.832],[70.372,28.808],[70.352,28.788],[70.331,28.787],[70.318,28.791],[70.31,28.799],[70.306,28.806],[70.287,28.808],[70.275,28.806],[70.266,28.801],[70.261,28.766],[70.256,28.756],[70.241,28.742],[70.231,28.737],[70.213,28.735],[70.189,28.72],[70.17,28.715],[70.146,28.717],[70.13,28.731],[70.115,28.739],[70.08,28.737],[70.065,28.729],[70.049,28.698],[70.053,28.687],[70.061,28.679],[70.064,28.669],[70.072,28.658],[70.071,28.629],[70.072,28.604],[70.069,28.581],[70.066,28.569],[70.058,28.561],[70.041,28.553],[70.036,28.544],[70.037,28.536],[70.034,28.522],[70.03,28.516],[69.983,28.515],[69.963,28.504],[69.956,28.495],[69.952,28.486],[69.949,28.462],[69.944,28.452],[69.935,28.447],[69.913,28.442],[69.884,28.443],[69.87,28.44],[69.863,28.437],[69.858,28.428],[69.843,28.421],[69.831,28.419],[69.797,28.418],[69.786,28.414],[69.781,28.408],[69.778,28.399],[69.772,28.395],[69.79,28.383],[69.79,28.355],[69.8,28.334],[69.806,28.306],[69.808,28.278],[69.808,28.276],[69.817,28.262],[69.835,28.246],[69.839,28.218],[69.842,28.103],[69.859,28.068],[69.911,28.038],[69.927,28.018],[69.945,28.006],[69.959,27.948],[69.982,27.931],[70.009,27.906],[70.034,27.887],[70.054,27.877],[70.086,27.875],[70.106,27.851],[70.111,27.834]]]}},{"type":"Feature","properties":{"name":"Bahawalpur","province":"Punjab","areaHa":2394512.0,"builtupPct":1.8,"builtupGainHa":6021.7,"vegChangeHa":-5697.5,"netMgC":-583651.8,"netMgCPerHa":-0.2437},"geometry":{"type":"Polygon","coordinates":[[[71.066,27.807],[71.109,27.813],[71.132,27.836],[71.167,27.851],[71.19,27.857],[71.282,27.86],[71.344,27.883],[71.448,27.879],[71.577,27.882],[71.655,27.89],[71.683,27.91],[71.723,27.931],[71.761,27.946],[71.796,27.956],[71.828,27.976],[71.846,28.084],[71.862,28.114],[71.896,28.186],[71.93,28.222],[71.965,28.252],[72.003,28.271],[72.044,28.302],[72.091,28.334],[72.13,28.379],[72.153,28.411],[72.172,28.52],[72.204,28.583],[72.215,28.629],[72.222,28.67],[72.242,28.704],[72.31,28.776],[72.366,28.808],[72.419,28.824],[72.448,28.842],[72.481,28.854],[72.521,28.877],[72.517,28.895],[72.517,28.926],[72.512,28.96],[72.504,28.972],[72.486,28.972],[72.481,28.987],[72.48,29.002],[72.481,29.043],[72.478,29.062],[72.468,29.072],[72.455,29.073],[72.434,29.092],[72.398,29.093],[72.393,29.08],[72.385,29.073],[72.367,29.069],[72.344,29.079],[72.335,29.089],[72.337,29.109],[72.327,29.133],[72.314,29.145],[72.309,29.173],[72.314,29.188],[72.325,29.2],[72.337,29.207],[72.341,29.215],[72.363,29.234],[72.429,29.239],[72.497,29.239],[72.517,29.241],[72.533,29.244],[72.546,29.257],[72.562,29.261],[72.62,29.27],[72.653,29.272],[72.686,29.272],[72.698,29.271],[72.712,29.255],[72.724,29.246],[72.766,29.244],[72.777,29.252],[72.766,29.3],[72.771,29.308],[72.785,29.314],[72.791,29.323],[72.8,29.354],[72.798,29.371],[72.793,29.379],[72.767,29.394],[72.757,29.408],[72.742,29.414],[72.713,29.413],[72.691,29.415],[72.68,29.426],[72.683,29.438],[72.704,29.455],[72.709,29.467],[72.708,29.484],[72.717,29.494],[72.728,29.499],[72.742,29.51],[72.749,29.529],[72.763,29.538],[72.767,29.547],[72.768,29.564],[72.777,29.579],[72.786,29.595],[72.785,29.613],[72.779,29.633],[72.768,29.647],[72.763,29.656],[72.756,29.656],[72.741,29.664],[72.737,29.676],[72.713,29.692],[72.709,29.706],[72.707,29.732],[72.702,29.741],[72.682,29.752],[72.679,29.763],[72.673,29.771],[72.659,29.78],[72.647,29.782],[72.63,29.796],[72.618,29.822],[72.607,29.831],[72.603,29.85],[72.61,29.88],[72.611,29.889],[72.604,29.897],[72.599,29.901],[72.585,29.903],[72.54,29.904],[72.526,29.912],[72.496,29.941],[72.477,29.946],[72.464,29.942],[72.452,29.93],[72.44,29.925],[72.425,29.925],[72.403,29.922],[72.398,29.915],[72.394,29.906],[72.376,29.903],[72.346,29.9],[72.337,29.894],[72.331,29.882],[72.329,29.874],[72.314,29.871],[72.307,29.871],[72.301,29.853],[72.296,29.846],[72.287,29.842],[72.282,29.83],[72.278,29.794],[72.27,29.783],[72.251,29.773],[72.249,29.757],[72.25,29.745],[72.247,29.728],[72.247,29.695],[72.24,29.681],[72.19,29.677],[72.172,29.677],[72.171,29.676],[72.164,29.663],[72.164,29.658],[72.153,29.637],[72.144,29.631],[72.129,29.627],[72.11,29.626],[72.099,29.622],[72.086,29.602],[72.073,29.6],[72.019,29.602],[71.995,29.601],[71.979,29.597],[71.963,29.587],[71.961,29.579],[71.945,29.559],[71.932,29.556],[71.873,29.555],[71.86,29.551],[71.843,29.549],[71.836,29.545],[71.831,29.535],[71.824,29.531],[71.791,29.53],[71.779,29.524],[71.767,29.513],[71.762,29.498],[71.738,29.498],[71.724,29.479],[71.703,29.478],[71.68,29.481],[71.656,29.481],[71.637,29.475],[71.631,29.469],[71.617,29.439],[71.604,29.432],[71.571,29.429],[71.549,29.425],[71.544,29.42],[71.543,29.409],[71.534,29.401],[71.521,29.398],[71.516,29.393],[71.511,29.386],[71.496,29.379],[71.464,29.381],[71.45,29.388],[71.437,29.399],[71.425,29.404],[71.384,29.404],[71.37,29.411],[71.369,29.411],[71.349,29.411],[71.303,29.411],[71.286,29.418],[71.258,29.45],[71.243,29.455],[71.23,29.458],[71.217,29.464],[71.204,29.474],[71.183,29.475],[71.167,29.473],[71.151,29.466],[71.143,29.456],[71.141,29.446],[71.132,29.434],[71.084,29.425],[71.061,29.425],[71.055,29.413],[71.044,29.408],[71.036,29.405],[71.027,29.396],[71.025,29.366],[71.019,29.357],[70.998,29.355],[70.993,29.34],[70.988,29.329],[70.952,29.326],[70.942,29.311],[70.931,29.305],[70.915,29.302],[70.91,29.292],[70.91,29.261],[70.907,29.254],[70.901,29.245],[70.893,29.241],[70.888,29.233],[70.885,29.21],[70.878,29.184],[70.879,29.184],[70.896,29.181],[70.9,29.164],[70.907,29.15],[70.912,29.131],[70.913,29.112],[70.911,29.09],[70.913,29.072],[70.923,29.063],[70.939,29.055],[70.949,29.041],[70.963,29.036],[70.979,29.034],[70.989,29.036],[71.002,29.043],[71.006,29.052],[71.02,29.059],[71.026,29.051],[71.032,28.849],[71.031,28.815],[71.024,28.795],[71.012,28.785],[71.0,28.782],[70.996,28.772],[70.997,28.749],[70.994,28.743],[70.982,28.74],[70.971,28.734],[70.973,28.723],[70.97,28.714],[70.958,28.707],[70.944,28.701],[70.939,28.687],[70.936,28.666],[70.936,28.645],[70.94,28.631],[70.94,28.57],[70.936,28.559],[70.918,28.541],[70.911,28.518],[70.901,28.503],[70.898,28.489],[70.912,28.466],[70.913,28.45],[70.921,28.446],[70.944,28.443],[70.945,28.431],[70.939,28.394],[70.944,28.331],[70.945,28.286],[70.943,28.251],[70.945,28.136],[70.957,28.124],[70.968,28.117],[70.969,28.104],[70.975,28.087],[70.981,28.081],[70.995,28.079],[71.003,28.053],[71.006,28.024],[71.018,28.013],[71.023,28.002],[71.029,27.969],[71.03,27.88],[71.038,27.87],[71.055,27.855],[71.062,27.844],[71.066,27.807]]]}},{"type":"Feature","properties":{"name":"Bahawalnagar","province":"Punjab","areaHa":854741.4,"builtupPct":3.76,"builtupGainHa":2091.8,"vegChangeHa":-208.6,"netMgC":-115310.5,"netMgCPerHa":-0.1349},"geometry":{"type":"Polygon","coordinates":[[[72.521,28.877],[72.615,28.929],[72.646,28.944],[72.674,28.965],[72.757,29.0],[72.85,29.025],[72.872,29.038],[72.895,29.068],[72.906,29.109],[72.922,29.145],[72.998,29.237],[73.019,29.261],[73.043,29.278],[73.066,29.318],[73.09,29.373],[73.125,29.435],[73.145,29.456],[73.194,29.531],[73.205,29.586],[73.225,29.609],[73.226,29.63],[73.235,29.657],[73.249,29.682],[73.256,29.706],[73.264,29.737],[73.278,29.761],[73.284,29.789],[73.288,29.825],[73.306,29.861],[73.321,29.943],[73.324,29.949],[73.361,29.97],[73.379,29.977],[73.405,29.98],[73.436,29.988],[73.486,30.009],[73.516,30.026],[73.575,30.035],[73.603,30.048],[73.671,30.059],[73.709,30.066],[73.727,30.072],[73.76,30.09],[73.825,30.136],[73.849,30.157],[73.885,30.181],[73.897,30.2],[73.908,30.24],[73.901,30.259],[73.899,30.286],[73.893,30.326],[73.875,30.343],[73.846,30.355],[73.817,30.37],[73.816,30.385],[73.794,30.383],[73.774,30.374],[73.764,30.363],[73.72,30.326],[73.697,30.31],[73.687,30.306],[73.675,30.303],[73.654,30.31],[73.63,30.325],[73.613,30.328],[73.612,30.328],[73.598,30.325],[73.581,30.316],[73.577,30.309],[73.562,30.3],[73.551,30.299],[73.528,30.288],[73.5,30.266],[73.485,30.257],[73.474,30.256],[73.461,30.247],[73.46,30.234],[73.435,30.218],[73.428,30.21],[73.421,30.206],[73.404,30.202],[73.389,30.201],[73.373,30.198],[73.365,30.194],[73.356,30.183],[73.346,30.175],[73.338,30.173],[73.297,30.172],[73.275,30.161],[73.234,30.13],[73.226,30.126],[73.208,30.124],[73.188,30.107],[73.151,30.102],[73.141,30.095],[73.132,30.085],[73.123,30.079],[73.112,30.077],[73.05,30.076],[73.033,30.073],[73.025,30.062],[73.02,30.04],[73.012,30.032],[72.998,30.025],[72.98,30.023],[72.962,30.025],[72.915,30.042],[72.912,30.042],[72.894,30.041],[72.879,30.029],[72.866,30.027],[72.835,30.03],[72.812,30.036],[72.801,30.036],[72.783,30.028],[72.774,30.021],[72.754,29.985],[72.74,29.977],[72.727,29.976],[72.714,29.972],[72.702,29.949],[72.694,29.941],[72.679,29.933],[72.626,29.921],[72.614,29.902],[72.604,29.897],[72.611,29.889],[72.61,29.88],[72.603,29.85],[72.607,29.831],[72.618,29.822],[72.63,29.796],[72.647,29.782],[72.659,29.78],[72.673,29.771],[72.679,29.763],[72.682,29.752],[72.702,29.741],[72.707,29.732],[72.709,29.706],[72.713,29.692],[72.737,29.676],[72.741,29.664],[72.756,29.656],[72.763,29.656],[72.768,29.647],[72.779,29.633],[72.785,29.613],[72.786,29.595],[72.777,29.579],[72.768,29.564],[72.767,29.547],[72.763,29.538],[72.749,29.529],[72.742,29.51],[72.728,29.499],[72.717,29.494],[72.708,29.484],[72.709,29.467],[72.704,29.455],[72.683,29.438],[72.68,29.426],[72.691,29.415],[72.713,29.413],[72.742,29.414],[72.757,29.408],[72.767,29.394],[72.793,29.379],[72.798,29.371],[72.8,29.354],[72.791,29.323],[72.785,29.314],[72.771,29.308],[72.766,29.3],[72.777,29.252],[72.766,29.244],[72.724,29.246],[72.712,29.255],[72.698,29.271],[72.686,29.272],[72.653,29.272],[72.62,29.27],[72.562,29.261],[72.546,29.257],[72.533,29.244],[72.517,29.241],[72.497,29.239],[72.429,29.239],[72.363,29.234],[72.341,29.215],[72.337,29.207],[72.325,29.2],[72.314,29.188],[72.309,29.173],[72.314,29.145],[72.327,29.133],[72.337,29.109],[72.335,29.089],[72.344,29.079],[72.367,29.069],[72.385,29.073],[72.393,29.08],[72.398,29.093],[72.434,29.092],[72.455,29.073],[72.468,29.072],[72.478,29.062],[72.481,29.043],[72.48,29.002],[72.481,28.987],[72.486,28.972],[72.504,28.972],[72.512,28.96],[72.517,28.926],[72.517,28.895],[72.521,28.877]]]}},{"type":"Feature","properties":{"name":"Muzaffargarh","province":"Punjab","areaHa":767021.2,"builtupPct":4.83,"builtupGainHa":13776.2,"vegChangeHa":-23481.3,"netMgC":424455.5,"netMgCPerHa":0.5534},"geometry":{"type":"Polygon","coordinates":[[[70.492,28.944],[70.509,28.944],[70.519,28.946],[70.525,28.953],[70.544,28.964],[70.544,28.981],[70.553,28.984],[70.586,28.984],[70.6,28.993],[70.603,29.01],[70.603,29.026],[70.601,29.037],[70.613,29.049],[70.635,29.058],[70.649,29.057],[70.66,29.042],[70.667,29.027],[70.682,29.014],[70.693,29.009],[70.742,29.01],[70.754,29.012],[70.766,29.018],[70.77,29.041],[70.769,29.062],[70.76,29.086],[70.774,29.106],[70.795,29.108],[70.805,29.111],[70.82,29.128],[70.832,29.134],[70.842,29.149],[70.845,29.165],[70.839,29.174],[70.837,29.183],[70.861,29.184],[70.878,29.184],[70.885,29.21],[70.888,29.233],[70.893,29.241],[70.901,29.245],[70.907,29.254],[70.91,29.261],[70.91,29.292],[70.915,29.302],[70.931,29.305],[70.942,29.311],[70.952,29.326],[70.988,29.329],[70.993,29.34],[70.998,29.355],[71.019,29.357],[71.025,29.366],[71.027,29.396],[71.036,29.405],[71.044,29.408],[71.038,29.426],[71.032,29.451],[71.026,29.469],[71.008,29.487],[71.008,29.496],[71.02,29.517],[71.025,29.532],[71.029,29.589],[71.036,29.594],[71.046,29.597],[71.057,29.604],[71.058,29.617],[71.079,29.622],[71.114,29.626],[71.133,29.641],[71.145,29.656],[71.148,29.665],[71.161,29.672],[71.169,29.684],[71.17,29.697],[71.165,29.712],[71.152,29.72],[71.143,29.729],[71.138,29.744],[71.138,29.76],[71.144,29.772],[71.155,29.777],[71.167,29.789],[71.173,29.803],[71.174,29.819],[71.169,29.83],[71.157,29.837],[71.145,29.846],[71.141,29.854],[71.141,29.869],[71.149,29.878],[71.162,29.886],[71.167,29.897],[71.17,29.927],[71.18,29.933],[71.191,29.937],[71.218,29.941],[71.229,29.952],[71.222,29.972],[71.224,30.007],[71.236,30.014],[71.251,30.02],[71.257,30.034],[71.252,30.054],[71.242,30.066],[71.243,30.081],[71.25,30.097],[71.26,30.108],[71.278,30.111],[71.285,30.121],[71.287,30.157],[71.296,30.167],[71.308,30.176],[71.313,30.186],[71.319,30.191],[71.33,30.197],[71.343,30.219],[71.354,30.224],[71.365,30.233],[71.367,30.244],[71.366,30.271],[71.37,30.306],[71.376,30.314],[71.392,30.326],[71.413,30.339],[71.425,30.357],[71.445,30.359],[71.451,30.366],[71.458,30.391],[71.455,30.393],[71.438,30.406],[71.428,30.406],[71.417,30.412],[71.416,30.425],[71.426,30.449],[71.434,30.457],[71.44,30.466],[71.448,30.474],[71.458,30.491],[71.454,30.504],[71.454,30.529],[71.481,30.55],[71.49,30.554],[71.49,30.555],[71.489,30.571],[71.472,30.579],[71.431,30.577],[71.414,30.583],[71.398,30.599],[71.371,30.607],[71.36,30.619],[71.347,30.629],[71.344,30.645],[71.316,30.658],[71.314,30.67],[71.309,30.674],[71.294,30.676],[71.288,30.685],[71.285,30.695],[71.271,30.7],[71.264,30.706],[71.257,30.718],[71.247,30.725],[71.233,30.725],[71.222,30.727],[71.21,30.733],[71.2,30.747],[71.172,30.752],[71.156,30.751],[71.143,30.73],[71.127,30.727],[71.118,30.721],[71.122,30.703],[71.12,30.683],[71.117,30.677],[71.108,30.669],[71.098,30.656],[71.088,30.655],[71.079,30.65],[71.066,30.63],[71.026,30.626],[70.992,30.629],[70.971,30.632],[70.954,30.639],[70.943,30.649],[70.932,30.652],[70.908,30.654],[70.871,30.654],[70.85,30.647],[70.843,30.632],[70.836,30.629],[70.817,30.628],[70.767,30.629],[70.767,30.616],[70.773,30.581],[70.776,30.547],[70.772,30.527],[70.757,30.509],[70.767,30.496],[70.777,30.477],[70.784,30.455],[70.802,30.436],[70.806,30.426],[70.805,30.413],[70.797,30.402],[70.785,30.397],[70.774,30.38],[70.76,30.37],[70.763,30.359],[70.772,30.345],[70.781,30.328],[70.782,30.31],[70.774,30.278],[70.767,30.262],[70.761,30.237],[70.762,30.205],[70.778,30.183],[70.789,30.178],[70.801,30.167],[70.806,30.128],[70.806,30.106],[70.802,30.088],[70.802,30.067],[70.795,30.052],[70.783,30.04],[70.776,30.029],[70.774,30.018],[70.774,29.998],[70.78,29.983],[70.799,29.96],[70.8,29.946],[70.809,29.936],[70.823,29.933],[70.831,29.923],[70.828,29.903],[70.817,29.896],[70.797,29.886],[70.793,29.879],[70.792,29.866],[70.802,29.837],[70.803,29.811],[70.799,29.789],[70.792,29.779],[70.78,29.774],[70.776,29.759],[70.767,29.751],[70.754,29.746],[70.744,29.736],[70.738,29.724],[70.728,29.717],[70.718,29.693],[70.707,29.679],[70.686,29.67],[70.69,29.658],[70.688,29.64],[70.662,29.615],[70.661,29.6],[70.653,29.589],[70.637,29.578],[70.629,29.569],[70.629,29.529],[70.635,29.516],[70.64,29.494],[70.647,29.48],[70.641,29.47],[70.632,29.463],[70.631,29.435],[70.624,29.417],[70.605,29.393],[70.604,29.38],[70.596,29.37],[70.581,29.36],[70.575,29.355],[70.574,29.345],[70.583,29.334],[70.604,29.319],[70.602,29.286],[70.596,29.268],[70.588,29.259],[70.566,29.249],[70.548,29.231],[70.529,29.193],[70.537,29.18],[70.552,29.157],[70.553,29.139],[70.547,29.119],[70.543,29.094],[70.539,29.083],[70.517,29.065],[70.516,29.01],[70.505,29.0],[70.492,28.992],[70.49,28.986],[70.49,28.974],[70.495,28.959],[70.495,28.947],[70.492,28.944]]]}},{"type":"Feature","properties":{"name":"Multan","province":"Punjab","areaHa":365088.8,"builtupPct":11.77,"builtupGainHa":16725.4,"vegChangeHa":-17853.4,"netMgC":-215369.4,"netMgCPerHa":-0.5899},"geometry":{"type":"Polygon","coordinates":[[[71.369,29.411],[71.37,29.432],[71.382,29.442],[71.391,29.455],[71.39,29.472],[71.379,29.481],[71.367,29.496],[71.357,29.518],[71.356,29.535],[71.364,29.547],[71.381,29.558],[71.394,29.574],[71.398,29.593],[71.409,29.608],[71.42,29.618],[71.424,29.639],[71.424,29.715],[71.413,29.76],[71.411,29.78],[71.423,29.797],[71.447,29.814],[71.465,29.82],[71.483,29.834],[71.49,29.845],[71.507,29.847],[71.511,29.863],[71.511,29.876],[71.516,29.892],[71.54,29.898],[71.548,29.916],[71.558,29.922],[71.564,29.93],[71.566,29.948],[71.571,29.962],[71.582,29.967],[71.598,29.972],[71.603,29.99],[71.613,29.992],[71.616,29.996],[71.623,30.004],[71.627,30.013],[71.652,30.018],[71.665,30.023],[71.675,30.04],[71.686,30.049],[71.691,30.06],[71.703,30.064],[71.732,30.068],[71.739,30.072],[71.744,30.079],[71.743,30.099],[71.75,30.108],[71.762,30.113],[71.769,30.122],[71.769,30.133],[71.774,30.142],[71.789,30.151],[71.794,30.158],[71.799,30.174],[71.798,30.192],[71.806,30.211],[71.804,30.227],[71.793,30.236],[71.766,30.236],[71.748,30.24],[71.74,30.248],[71.735,30.262],[71.699,30.265],[71.686,30.275],[71.68,30.283],[71.667,30.285],[71.655,30.29],[71.651,30.3],[71.646,30.308],[71.627,30.32],[71.626,30.332],[71.621,30.347],[71.583,30.367],[71.574,30.378],[71.563,30.387],[71.554,30.387],[71.546,30.391],[71.543,30.401],[71.534,30.408],[71.482,30.411],[71.474,30.407],[71.468,30.402],[71.455,30.393],[71.458,30.391],[71.451,30.366],[71.445,30.359],[71.425,30.357],[71.413,30.339],[71.392,30.326],[71.376,30.314],[71.37,30.306],[71.366,30.271],[71.367,30.244],[71.365,30.233],[71.354,30.224],[71.343,30.219],[71.33,30.197],[71.319,30.191],[71.313,30.186],[71.308,30.176],[71.296,30.167],[71.287,30.157],[71.285,30.121],[71.278,30.111],[71.26,30.108],[71.25,30.097],[71.243,30.081],[71.242,30.066],[71.252,30.054],[71.257,30.034],[71.251,30.02],[71.236,30.014],[71.224,30.007],[71.222,29.972],[71.229,29.952],[71.218,29.941],[71.191,29.937],[71.18,29.933],[71.17,29.927],[71.167,29.897],[71.162,29.886],[71.149,29.878],[71.141,29.869],[71.141,29.854],[71.145,29.846],[71.157,29.837],[71.169,29.83],[71.174,29.819],[71.173,29.803],[71.167,29.789],[71.155,29.777],[71.144,29.772],[71.138,29.76],[71.138,29.744],[71.143,29.729],[71.152,29.72],[71.165,29.712],[71.17,29.697],[71.169,29.684],[71.161,29.672],[71.148,29.665],[71.145,29.656],[71.133,29.641],[71.114,29.626],[71.079,29.622],[71.058,29.617],[71.057,29.604],[71.046,29.597],[71.036,29.594],[71.029,29.589],[71.025,29.532],[71.02,29.517],[71.008,29.496],[71.008,29.487],[71.026,29.469],[71.032,29.451],[71.038,29.426],[71.044,29.408],[71.055,29.413],[71.061,29.425],[71.084,29.425],[71.132,29.434],[71.141,29.446],[71.143,29.456],[71.151,29.466],[71.167,29.473],[71.183,29.475],[71.204,29.474],[71.217,29.464],[71.23,29.458],[71.243,29.455],[71.258,29.45],[71.286,29.418],[71.303,29.411],[71.349,29.411],[71.369,29.411]]]}},{"type":"Feature","properties":{"name":"Lodhran","province":"Punjab","areaHa":264710.7,"builtupPct":6.95,"builtupGainHa":4009.7,"vegChangeHa":-4018.8,"netMgC":-98849.0,"netMgCPerHa":-0.3734},"geometry":{"type":"Polygon","coordinates":[[[72.171,29.676],[72.162,29.689],[72.154,29.705],[72.132,29.705],[72.116,29.716],[72.103,29.727],[72.091,29.73],[72.079,29.744],[72.075,29.758],[72.053,29.769],[72.047,29.783],[72.039,29.795],[72.028,29.799],[72.022,29.808],[72.02,29.825],[72.022,29.845],[72.02,29.861],[72.009,29.872],[71.979,29.875],[71.966,29.885],[71.961,29.896],[71.939,29.904],[71.935,29.913],[71.938,29.924],[71.933,29.938],[71.922,29.944],[71.909,29.945],[71.902,29.966],[71.888,29.969],[71.852,29.97],[71.845,29.958],[71.833,29.948],[71.824,29.948],[71.811,29.953],[71.794,29.968],[71.793,29.97],[71.759,29.974],[71.711,29.973],[71.703,29.967],[71.696,29.96],[71.674,29.953],[71.651,29.958],[71.644,29.975],[71.633,29.984],[71.616,29.996],[71.613,29.992],[71.603,29.99],[71.598,29.972],[71.582,29.967],[71.571,29.962],[71.566,29.948],[71.564,29.93],[71.558,29.922],[71.548,29.916],[71.54,29.898],[71.516,29.892],[71.511,29.876],[71.511,29.863],[71.507,29.847],[71.49,29.845],[71.483,29.834],[71.465,29.82],[71.447,29.814],[71.423,29.797],[71.411,29.78],[71.413,29.76],[71.424,29.715],[71.424,29.639],[71.42,29.618],[71.409,29.608],[71.398,29.593],[71.394,29.574],[71.381,29.558],[71.364,29.547],[71.356,29.535],[71.357,29.518],[71.367,29.496],[71.379,29.481],[71.39,29.472],[71.391,29.455],[71.382,29.442],[71.37,29.432],[71.369,29.411],[71.37,29.411],[71.384,29.404],[71.425,29.404],[71.437,29.399],[71.45,29.388],[71.464,29.381],[71.496,29.379],[71.511,29.386],[71.516,29.393],[71.521,29.398],[71.534,29.401],[71.543,29.409],[71.544,29.42],[71.549,29.425],[71.571,29.429],[71.604,29.432],[71.617,29.439],[71.631,29.469],[71.637,29.475],[71.656,29.481],[71.68,29.481],[71.703,29.478],[71.724,29.479],[71.738,29.498],[71.762,29.498],[71.767,29.513],[71.779,29.524],[71.791,29.53],[71.824,29.531],[71.831,29.535],[71.836,29.545],[71.843,29.549],[71.86,29.551],[71.873,29.555],[71.932,29.556],[71.945,29.559],[71.961,29.579],[71.963,29.587],[71.979,29.597],[71.995,29.601],[72.019,29.602],[72.073,29.6],[72.086,29.602],[72.099,29.622],[72.11,29.626],[72.129,29.627],[72.144,29.631],[72.153,29.637],[72.164,29.658],[72.164,29.663],[72.171,29.676]]]}},{"type":"Feature","properties":{"name":"Vihari","province":"Punjab","areaHa":449897.3,"builtupPct":6.99,"builtupGainHa":5803.4,"vegChangeHa":-5800.8,"netMgC":-45528.6,"netMgCPerHa":-0.1012},"geometry":{"type":"Polygon","coordinates":[[[72.604,29.897],[72.614,29.902],[72.626,29.921],[72.679,29.933],[72.694,29.941],[72.702,29.949],[72.714,29.972],[72.727,29.976],[72.74,29.977],[72.754,29.985],[72.774,30.021],[72.783,30.028],[72.801,30.036],[72.812,30.036],[72.835,30.03],[72.866,30.027],[72.879,30.029],[72.894,30.041],[72.912,30.042],[72.914,30.049],[72.911,30.093],[72.913,30.184],[72.911,30.231],[72.913,30.254],[72.923,30.269],[72.929,30.273],[72.929,30.285],[72.922,30.294],[72.913,30.299],[72.907,30.309],[72.904,30.323],[72.887,30.324],[72.881,30.344],[72.87,30.344],[72.86,30.349],[72.852,30.365],[72.846,30.37],[72.829,30.37],[72.828,30.37],[72.79,30.362],[72.783,30.349],[72.767,30.343],[72.751,30.34],[72.737,30.335],[72.726,30.318],[72.707,30.316],[72.663,30.316],[72.646,30.306],[72.645,30.29],[72.633,30.271],[72.617,30.269],[72.567,30.269],[72.545,30.262],[72.534,30.245],[72.528,30.23],[72.505,30.218],[72.493,30.207],[72.483,30.2],[72.465,30.2],[72.452,30.209],[72.451,30.221],[72.454,30.238],[72.442,30.245],[72.413,30.246],[72.405,30.245],[72.39,30.245],[72.343,30.245],[72.321,30.235],[72.31,30.228],[72.293,30.2],[72.269,30.192],[72.251,30.192],[72.228,30.187],[72.224,30.171],[72.204,30.162],[72.193,30.146],[72.192,30.125],[72.184,30.111],[72.172,30.101],[72.139,30.094],[72.118,30.093],[72.103,30.094],[72.09,30.111],[72.078,30.119],[72.059,30.129],[72.043,30.129],[72.028,30.118],[72.024,30.108],[72.022,30.087],[72.013,30.073],[71.997,30.069],[71.951,30.065],[71.937,30.048],[71.925,30.038],[71.909,30.019],[71.891,30.014],[71.848,30.018],[71.822,30.017],[71.801,30.001],[71.797,29.986],[71.794,29.968],[71.811,29.953],[71.824,29.948],[71.833,29.948],[71.845,29.958],[71.852,29.97],[71.888,29.969],[71.902,29.966],[71.909,29.945],[71.922,29.944],[71.933,29.938],[71.938,29.924],[71.935,29.913],[71.939,29.904],[71.961,29.896],[71.966,29.885],[71.979,29.875],[72.009,29.872],[72.02,29.861],[72.022,29.845],[72.02,29.825],[72.022,29.808],[72.028,29.799],[72.039,29.795],[72.047,29.783],[72.053,29.769],[72.075,29.758],[72.079,29.744],[72.091,29.73],[72.103,29.727],[72.116,29.716],[72.132,29.705],[72.154,29.705],[72.162,29.689],[72.171,29.676],[72.172,29.677],[72.19,29.677],[72.24,29.681],[72.247,29.695],[72.247,29.728],[72.25,29.745],[72.249,29.757],[72.251,29.773],[72.27,29.783],[72.278,29.794],[72.282,29.83],[72.287,29.842],[72.296,29.846],[72.301,29.853],[72.307,29.871],[72.314,29.871],[72.329,29.874],[72.331,29.882],[72.337,29.894],[72.346,29.9],[72.376,29.903],[72.394,29.906],[72.398,29.915],[72.403,29.922],[72.425,29.925],[72.44,29.925],[72.452,29.93],[72.464,29.942],[72.477,29.946],[72.496,29.941],[72.526,29.912],[72.54,29.904],[72.585,29.903],[72.599,29.901],[72.604,29.897]]]}},{"type":"Feature","properties":{"name":"Pakpattan","province":"Punjab","areaHa":289941.4,"builtupPct":5.4,"builtupGainHa":2534.5,"vegChangeHa":-2447.8,"netMgC":-24399.4,"netMgCPerHa":-0.0842},"geometry":{"type":"Polygon","coordinates":[[[73.612,30.328],[73.612,30.347],[73.608,30.401],[73.606,30.464],[73.6,30.503],[73.596,30.518],[73.588,30.522],[73.57,30.522],[73.555,30.524],[73.546,30.533],[73.543,30.544],[73.526,30.548],[73.516,30.548],[73.496,30.553],[73.491,30.566],[73.476,30.567],[73.462,30.571],[73.462,30.58],[73.459,30.589],[73.413,30.589],[73.402,30.576],[73.4,30.562],[73.378,30.548],[73.366,30.536],[73.355,30.518],[73.344,30.516],[73.328,30.516],[73.32,30.528],[73.316,30.558],[73.308,30.568],[73.308,30.568],[73.294,30.568],[73.243,30.565],[73.217,30.545],[73.202,30.545],[73.191,30.538],[73.181,30.522],[73.17,30.515],[73.169,30.505],[73.157,30.501],[73.141,30.492],[73.134,30.475],[73.122,30.465],[73.108,30.461],[73.101,30.447],[73.082,30.443],[73.067,30.437],[73.037,30.42],[73.016,30.413],[72.99,30.413],[72.96,30.424],[72.952,30.442],[72.943,30.443],[72.922,30.441],[72.914,30.426],[72.887,30.413],[72.878,30.396],[72.834,30.386],[72.828,30.37],[72.829,30.37],[72.846,30.37],[72.852,30.365],[72.86,30.349],[72.87,30.344],[72.881,30.344],[72.887,30.324],[72.904,30.323],[72.907,30.309],[72.913,30.299],[72.922,30.294],[72.929,30.285],[72.929,30.273],[72.923,30.269],[72.913,30.254],[72.911,30.231],[72.913,30.184],[72.911,30.093],[72.914,30.049],[72.912,30.042],[72.915,30.042],[72.962,30.025],[72.98,30.023],[72.998,30.025],[73.012,30.032],[73.02,30.04],[73.025,30.062],[73.033,30.073],[73.05,30.076],[73.112,30.077],[73.123,30.079],[73.132,30.085],[73.141,30.095],[73.151,30.102],[73.188,30.107],[73.208,30.124],[73.226,30.126],[73.234,30.13],[73.275,30.161],[73.297,30.172],[73.338,30.173],[73.346,30.175],[73.356,30.183],[73.365,30.194],[73.373,30.198],[73.389,30.201],[73.404,30.202],[73.421,30.206],[73.428,30.21],[73.435,30.218],[73.46,30.234],[73.461,30.247],[73.474,30.256],[73.485,30.257],[73.5,30.266],[73.528,30.288],[73.551,30.299],[73.562,30.3],[73.577,30.309],[73.581,30.316],[73.598,30.325],[73.612,30.328]]]}},{"type":"Feature","properties":{"name":"Khanewal","province":"Punjab","areaHa":436264.1,"builtupPct":6.7,"builtupGainHa":6413.2,"vegChangeHa":-8122.8,"netMgC":-150223.9,"netMgCPerHa":-0.3443},"geometry":{"type":"Polygon","coordinates":[[[71.455,30.393],[71.468,30.402],[71.474,30.407],[71.482,30.411],[71.534,30.408],[71.543,30.401],[71.546,30.391],[71.554,30.387],[71.563,30.387],[71.574,30.378],[71.583,30.367],[71.621,30.347],[71.626,30.332],[71.627,30.32],[71.646,30.308],[71.651,30.3],[71.655,30.29],[71.667,30.285],[71.68,30.283],[71.686,30.275],[71.699,30.265],[71.735,30.262],[71.74,30.248],[71.748,30.24],[71.766,30.236],[71.793,30.236],[71.804,30.227],[71.806,30.211],[71.798,30.192],[71.799,30.174],[71.794,30.158],[71.789,30.151],[71.774,30.142],[71.769,30.133],[71.769,30.122],[71.762,30.113],[71.75,30.108],[71.743,30.099],[71.744,30.079],[71.739,30.072],[71.732,30.068],[71.703,30.064],[71.691,30.06],[71.686,30.049],[71.675,30.04],[71.665,30.023],[71.652,30.018],[71.627,30.013],[71.623,30.004],[71.616,29.996],[71.633,29.984],[71.644,29.975],[71.651,29.958],[71.674,29.953],[71.696,29.96],[71.703,29.967],[71.711,29.973],[71.759,29.974],[71.793,29.97],[71.794,29.968],[71.797,29.986],[71.801,30.001],[71.822,30.017],[71.848,30.018],[71.891,30.014],[71.909,30.019],[71.925,30.038],[71.937,30.048],[71.951,30.065],[71.997,30.069],[72.013,30.073],[72.022,30.087],[72.024,30.108],[72.028,30.118],[72.043,30.129],[72.059,30.129],[72.078,30.119],[72.09,30.111],[72.103,30.094],[72.118,30.093],[72.139,30.094],[72.172,30.101],[72.184,30.111],[72.192,30.125],[72.193,30.146],[72.204,30.162],[72.224,30.171],[72.228,30.187],[72.251,30.192],[72.269,30.192],[72.293,30.2],[72.31,30.228],[72.321,30.235],[72.343,30.245],[72.39,30.245],[72.405,30.245],[72.406,30.25],[72.411,30.262],[72.423,30.271],[72.425,30.3],[72.432,30.315],[72.443,30.327],[72.451,30.331],[72.449,30.343],[72.445,30.358],[72.424,30.37],[72.427,30.387],[72.424,30.404],[72.43,30.414],[72.449,30.422],[72.451,30.434],[72.46,30.443],[72.475,30.463],[72.481,30.484],[72.484,30.505],[72.481,30.527],[72.492,30.538],[72.514,30.554],[72.508,30.575],[72.521,30.587],[72.53,30.61],[72.531,30.611],[72.466,30.611],[72.416,30.608],[72.377,30.613],[72.322,30.611],[72.305,30.6],[72.305,30.592],[72.287,30.585],[72.268,30.583],[72.245,30.576],[72.23,30.567],[72.212,30.571],[72.198,30.58],[72.181,30.588],[72.16,30.588],[72.125,30.585],[72.118,30.596],[72.118,30.602],[72.133,30.623],[72.14,30.662],[72.14,30.681],[72.136,30.7],[72.136,30.701],[72.092,30.704],[72.057,30.712],[72.034,30.709],[72.015,30.704],[71.986,30.703],[71.966,30.7],[71.951,30.678],[71.937,30.678],[71.919,30.669],[71.904,30.657],[71.878,30.658],[71.804,30.654],[71.792,30.644],[71.774,30.632],[71.762,30.632],[71.744,30.608],[71.722,30.593],[71.7,30.584],[71.671,30.583],[71.659,30.593],[71.65,30.61],[71.626,30.633],[71.58,30.635],[71.569,30.629],[71.562,30.626],[71.552,30.611],[71.551,30.593],[71.552,30.575],[71.559,30.56],[71.543,30.528],[71.529,30.526],[71.51,30.536],[71.501,30.55],[71.49,30.555],[71.49,30.554],[71.481,30.55],[71.454,30.529],[71.454,30.504],[71.458,30.491],[71.448,30.474],[71.44,30.466],[71.434,30.457],[71.426,30.449],[71.416,30.425],[71.417,30.412],[71.428,30.406],[71.438,30.406],[71.455,30.393]]]}},{"type":"Feature","properties":{"name":"Layyah","province":"Punjab","areaHa":637352.3,"builtupPct":2.19,"builtupGainHa":2515.0,"vegChangeHa":-7149.4,"netMgC":656850.8,"netMgCPerHa":1.0306},"geometry":{"type":"Polygon","coordinates":[[[70.767,30.629],[70.817,30.628],[70.836,30.629],[70.843,30.632],[70.85,30.647],[70.871,30.654],[70.908,30.654],[70.932,30.652],[70.943,30.649],[70.954,30.639],[70.971,30.632],[70.992,30.629],[71.026,30.626],[71.066,30.63],[71.079,30.65],[71.088,30.655],[71.098,30.656],[71.108,30.669],[71.117,30.677],[71.12,30.683],[71.122,30.703],[71.118,30.721],[71.127,30.727],[71.143,30.73],[71.156,30.751],[71.172,30.752],[71.2,30.747],[71.21,30.733],[71.222,30.727],[71.233,30.725],[71.247,30.725],[71.257,30.718],[71.264,30.706],[71.271,30.7],[71.285,30.695],[71.288,30.685],[71.294,30.676],[71.309,30.674],[71.314,30.67],[71.316,30.658],[71.344,30.645],[71.347,30.629],[71.36,30.619],[71.371,30.607],[71.398,30.599],[71.414,30.583],[71.431,30.577],[71.472,30.579],[71.489,30.571],[71.49,30.555],[71.501,30.55],[71.51,30.536],[71.529,30.526],[71.543,30.528],[71.559,30.56],[71.552,30.575],[71.551,30.593],[71.552,30.611],[71.562,30.626],[71.569,30.629],[71.574,30.651],[71.592,30.659],[71.599,30.68],[71.599,30.69],[71.601,30.702],[71.627,30.711],[71.629,30.736],[71.638,30.746],[71.646,30.746],[71.658,30.766],[71.683,30.774],[71.689,30.778],[71.691,30.788],[71.7,30.796],[71.707,30.797],[71.713,30.808],[71.715,30.819],[71.74,30.83],[71.746,30.848],[71.754,30.849],[71.766,30.852],[71.775,30.899],[71.769,30.916],[71.76,30.925],[71.745,30.927],[71.745,30.934],[71.725,30.957],[71.726,30.979],[71.742,30.996],[71.75,31.008],[71.749,31.023],[71.757,31.052],[71.745,31.088],[71.726,31.094],[71.72,31.107],[71.717,31.12],[71.718,31.133],[71.716,31.155],[71.714,31.158],[71.701,31.171],[71.687,31.174],[71.666,31.171],[71.639,31.15],[71.624,31.149],[71.614,31.155],[71.598,31.17],[71.595,31.182],[71.579,31.19],[71.575,31.203],[71.573,31.217],[71.544,31.219],[71.518,31.225],[71.504,31.225],[71.492,31.219],[71.476,31.218],[71.454,31.21],[71.446,31.203],[71.435,31.197],[71.43,31.186],[71.429,31.155],[71.421,31.145],[71.405,31.144],[71.398,31.131],[71.379,31.126],[71.351,31.122],[71.313,31.125],[71.276,31.147],[71.267,31.156],[71.266,31.175],[71.261,31.193],[71.261,31.209],[71.243,31.218],[71.213,31.238],[71.203,31.251],[71.179,31.272],[71.179,31.284],[71.167,31.291],[71.152,31.297],[71.15,31.304],[71.142,31.31],[71.12,31.315],[71.077,31.318],[71.064,31.324],[71.062,31.333],[71.052,31.339],[71.029,31.338],[70.984,31.339],[70.942,31.338],[70.913,31.341],[70.902,31.35],[70.885,31.357],[70.872,31.354],[70.858,31.353],[70.857,31.351],[70.824,31.333],[70.813,31.318],[70.813,31.285],[70.803,31.261],[70.792,31.249],[70.783,31.222],[70.757,31.21],[70.76,31.198],[70.759,31.18],[70.751,31.168],[70.733,31.16],[70.728,31.149],[70.735,31.132],[70.75,31.121],[70.753,31.104],[70.753,31.087],[70.757,31.068],[70.771,31.049],[70.778,31.034],[70.781,31.004],[70.78,30.971],[70.783,30.959],[70.775,30.946],[70.761,30.937],[70.755,30.928],[70.752,30.913],[70.752,30.824],[70.748,30.805],[70.736,30.802],[70.724,30.794],[70.72,30.781],[70.721,30.77],[70.729,30.753],[70.744,30.742],[70.746,30.732],[70.751,30.726],[70.757,30.723],[70.781,30.703],[70.783,30.69],[70.776,30.667],[70.775,30.655],[70.767,30.63],[70.767,30.629]]]}},{"type":"Feature","properties":{"name":"Bhakkar","province":"Punjab","areaHa":852490.2,"builtupPct":2.27,"builtupGainHa":8155.1,"vegChangeHa":-7206.4,"netMgC":351972.3,"netMgCPerHa":0.4129},"geometry":{"type":"Polygon","coordinates":[[[71.714,31.158],[71.715,31.162],[71.711,31.184],[71.717,31.212],[71.757,31.221],[71.762,31.226],[71.762,31.235],[71.765,31.24],[71.776,31.243],[71.81,31.244],[71.832,31.253],[71.838,31.252],[71.852,31.244],[71.864,31.243],[71.873,31.235],[71.892,31.234],[71.899,31.239],[71.913,31.244],[71.914,31.257],[71.92,31.283],[71.924,31.291],[71.939,31.298],[71.948,31.307],[71.947,31.322],[71.943,31.336],[71.924,31.347],[71.916,31.356],[71.919,31.378],[71.916,31.406],[71.92,31.455],[71.917,31.48],[71.917,31.481],[71.894,31.493],[71.888,31.509],[71.862,31.515],[71.859,31.527],[71.84,31.535],[71.835,31.545],[71.825,31.552],[71.81,31.558],[71.806,31.569],[71.794,31.58],[71.78,31.588],[71.774,31.6],[71.762,31.61],[71.752,31.616],[71.743,31.62],[71.73,31.63],[71.724,31.639],[71.699,31.658],[71.674,31.671],[71.668,31.682],[71.665,31.701],[71.665,31.732],[71.662,31.745],[71.653,31.756],[71.642,31.756],[71.637,31.771],[71.616,31.78],[71.614,31.795],[71.606,31.802],[71.595,31.802],[71.564,31.818],[71.554,31.826],[71.557,31.844],[71.564,31.848],[71.581,31.85],[71.586,31.86],[71.597,31.863],[71.606,31.869],[71.614,31.896],[71.627,31.899],[71.64,31.911],[71.645,31.925],[71.641,31.953],[71.657,31.969],[71.673,31.972],[71.678,31.991],[71.699,31.999],[71.7,32.054],[71.695,32.128],[71.689,32.139],[71.687,32.139],[71.656,32.145],[71.618,32.145],[71.584,32.139],[71.548,32.139],[71.518,32.156],[71.489,32.168],[71.456,32.164],[71.44,32.152],[71.437,32.145],[71.386,32.147],[71.364,32.156],[71.36,32.168],[71.327,32.168],[71.303,32.164],[71.3,32.153],[71.259,32.145],[71.163,32.146],[71.162,32.13],[71.159,32.108],[71.15,32.101],[71.1,32.087],[71.086,32.081],[71.077,32.063],[71.074,32.038],[71.075,32.001],[71.067,31.978],[71.05,31.965],[71.044,31.956],[71.045,31.924],[71.041,31.904],[71.024,31.895],[71.019,31.88],[71.02,31.838],[71.016,31.799],[70.993,31.782],[70.973,31.765],[70.963,31.743],[70.951,31.722],[70.904,31.674],[70.893,31.655],[70.876,31.644],[70.868,31.612],[70.853,31.596],[70.845,31.577],[70.846,31.537],[70.852,31.507],[70.852,31.481],[70.859,31.444],[70.868,31.425],[70.865,31.366],[70.858,31.353],[70.872,31.354],[70.885,31.357],[70.902,31.35],[70.913,31.341],[70.942,31.338],[70.984,31.339],[71.029,31.338],[71.052,31.339],[71.062,31.333],[71.064,31.324],[71.077,31.318],[71.12,31.315],[71.142,31.31],[71.15,31.304],[71.152,31.297],[71.167,31.291],[71.179,31.284],[71.179,31.272],[71.203,31.251],[71.213,31.238],[71.243,31.218],[71.261,31.209],[71.261,31.193],[71.266,31.175],[71.267,31.156],[71.276,31.147],[71.313,31.125],[71.351,31.122],[71.379,31.126],[71.398,31.131],[71.405,31.144],[71.421,31.145],[71.429,31.155],[71.43,31.186],[71.435,31.197],[71.446,31.203],[71.454,31.21],[71.476,31.218],[71.492,31.219],[71.504,31.225],[71.518,31.225],[71.544,31.219],[71.573,31.217],[71.575,31.203],[71.579,31.19],[71.595,31.182],[71.598,31.17],[71.614,31.155],[71.624,31.149],[71.639,31.15],[71.666,31.171],[71.687,31.174],[71.701,31.171],[71.714,31.158]]]}},{"type":"Feature","properties":{"name":"Mianwali","province":"Punjab","areaHa":603004.7,"builtupPct":2.87,"builtupGainHa":6137.1,"vegChangeHa":-6609.5,"netMgC":326291.6,"netMgCPerHa":0.5411},"geometry":{"type":"Polygon","coordinates":[[[71.687,32.139],[71.681,32.158],[71.676,32.179],[71.675,32.238],[71.696,32.262],[71.712,32.273],[71.719,32.285],[71.73,32.314],[71.747,32.316],[71.77,32.369],[71.763,32.383],[71.742,32.389],[71.733,32.405],[71.733,32.418],[71.737,32.431],[71.758,32.434],[71.761,32.45],[71.779,32.464],[71.787,32.482],[71.802,32.489],[71.815,32.492],[71.824,32.496],[71.839,32.51],[71.841,32.516],[71.844,32.526],[71.846,32.575],[71.839,32.595],[71.822,32.608],[71.815,32.623],[71.817,32.651],[71.816,32.691],[71.821,32.708],[71.828,32.723],[71.874,32.754],[71.885,32.756],[71.899,32.769],[71.904,32.784],[71.897,32.8],[71.882,32.809],[71.866,32.817],[71.858,32.829],[71.855,32.841],[71.847,32.849],[71.831,32.855],[71.826,32.861],[71.825,32.884],[71.826,32.907],[71.819,32.927],[71.794,32.946],[71.791,32.973],[71.782,32.974],[71.777,32.974],[71.769,32.966],[71.755,32.959],[71.739,32.955],[71.689,32.955],[71.678,33.003],[71.659,33.013],[71.655,33.03],[71.655,33.056],[71.649,33.056],[71.632,33.061],[71.621,33.072],[71.609,33.091],[71.589,33.146],[71.581,33.158],[71.571,33.168],[71.547,33.171],[71.529,33.17],[71.513,33.163],[71.501,33.151],[71.485,33.149],[71.471,33.158],[71.458,33.172],[71.432,33.174],[71.431,33.174],[71.418,33.17],[71.41,33.157],[71.41,33.133],[71.419,33.12],[71.428,33.1],[71.43,33.038],[71.427,33.018],[71.439,33.005],[71.452,33.005],[71.461,33.0],[71.459,32.976],[71.445,32.963],[71.432,32.957],[71.374,32.956],[71.333,32.954],[71.31,32.948],[71.288,32.939],[71.208,32.926],[71.166,32.896],[71.143,32.874],[71.124,32.85],[71.117,32.774],[71.117,32.739],[71.117,32.714],[71.115,32.646],[71.119,32.626],[71.136,32.596],[71.137,32.579],[71.144,32.556],[71.154,32.547],[71.17,32.54],[71.207,32.539],[71.223,32.535],[71.23,32.484],[71.234,32.471],[71.24,32.47],[71.249,32.468],[71.284,32.466],[71.305,32.463],[71.308,32.449],[71.311,32.406],[71.308,32.367],[71.308,32.34],[71.296,32.314],[71.263,32.299],[71.237,32.291],[71.214,32.269],[71.195,32.253],[71.174,32.23],[71.166,32.211],[71.165,32.163],[71.163,32.146],[71.259,32.145],[71.3,32.153],[71.303,32.164],[71.327,32.168],[71.36,32.168],[71.364,32.156],[71.386,32.147],[71.437,32.145],[71.44,32.152],[71.456,32.164],[71.489,32.168],[71.518,32.156],[71.548,32.139],[71.584,32.139],[71.618,32.145],[71.656,32.145],[71.687,32.139]]]}},{"type":"Feature","properties":{"name":"Attock","province":"Punjab","areaHa":683129.5,"builtupPct":3.07,"builtupGainHa":6184.7,"vegChangeHa":9345.5,"netMgC":1317650.8,"netMgCPerHa":1.9288},"geometry":{"type":"Polygon","coordinates":[[[71.782,32.974],[71.801,33.0],[71.831,33.002],[71.843,33.005],[71.852,33.02],[71.865,33.025],[71.879,33.028],[71.885,33.045],[71.899,33.049],[71.939,33.055],[71.95,33.06],[71.965,33.071],[71.989,33.074],[72.016,33.074],[72.038,33.07],[72.049,33.064],[72.065,33.051],[72.085,33.051],[72.11,33.07],[72.127,33.08],[72.143,33.098],[72.154,33.099],[72.169,33.093],[72.188,33.078],[72.208,33.075],[72.255,33.075],[72.329,33.077],[72.355,33.076],[72.375,33.08],[72.386,33.092],[72.402,33.098],[72.421,33.098],[72.43,33.118],[72.449,33.119],[72.451,33.133],[72.457,33.144],[72.473,33.148],[72.48,33.159],[72.488,33.168],[72.503,33.179],[72.52,33.18],[72.537,33.178],[72.557,33.173],[72.581,33.171],[72.582,33.172],[72.593,33.183],[72.593,33.192],[72.596,33.204],[72.611,33.215],[72.624,33.219],[72.632,33.23],[72.643,33.241],[72.641,33.254],[72.631,33.263],[72.631,33.275],[72.651,33.298],[72.654,33.335],[72.668,33.343],[72.695,33.343],[72.707,33.355],[72.717,33.387],[72.733,33.394],[72.741,33.407],[72.743,33.417],[72.757,33.432],[72.775,33.433],[72.813,33.439],[72.825,33.447],[72.828,33.46],[72.828,33.476],[72.817,33.487],[72.808,33.492],[72.805,33.502],[72.795,33.51],[72.788,33.512],[72.779,33.518],[72.771,33.573],[72.759,33.581],[72.701,33.589],[72.697,33.598],[72.693,33.632],[72.709,33.642],[72.713,33.653],[72.707,33.666],[72.694,33.682],[72.68,33.688],[72.67,33.697],[72.664,33.706],[72.643,33.72],[72.63,33.736],[72.631,33.75],[72.635,33.763],[72.639,33.772],[72.654,33.775],[72.66,33.78],[72.673,33.803],[72.68,33.804],[72.708,33.778],[72.725,33.774],[72.743,33.774],[72.754,33.778],[72.787,33.785],[72.792,33.794],[72.807,33.801],[72.83,33.803],[72.83,33.81],[72.831,33.841],[72.827,33.853],[72.811,33.873],[72.809,33.884],[72.804,33.892],[72.792,33.901],[72.762,33.903],[72.754,33.915],[72.751,33.929],[72.739,33.941],[72.728,33.937],[72.702,33.92],[72.691,33.893],[72.669,33.883],[72.648,33.88],[72.624,33.884],[72.616,33.887],[72.614,33.897],[72.614,33.909],[72.625,33.919],[72.625,33.928],[72.616,33.942],[72.592,33.958],[72.576,33.958],[72.563,33.961],[72.557,33.968],[72.551,33.996],[72.541,34.003],[72.54,34.004],[72.497,34.005],[72.467,34.004],[72.451,34.001],[72.439,33.996],[72.42,33.983],[72.404,33.978],[72.391,33.968],[72.386,33.954],[72.37,33.937],[72.329,33.931],[72.315,33.917],[72.279,33.901],[72.276,33.894],[72.274,33.89],[72.264,33.882],[72.252,33.876],[72.241,33.869],[72.236,33.838],[72.237,33.794],[72.236,33.771],[72.226,33.756],[72.215,33.753],[72.208,33.744],[72.195,33.737],[72.086,33.736],[72.067,33.727],[72.04,33.704],[72.023,33.695],[72.023,33.695],[72.009,33.67],[72.003,33.651],[71.979,33.621],[71.972,33.601],[71.965,33.587],[71.95,33.575],[71.947,33.554],[71.943,33.458],[71.936,33.45],[71.918,33.446],[71.906,33.429],[71.894,33.407],[71.87,33.392],[71.859,33.378],[71.842,33.368],[71.822,33.369],[71.806,33.366],[71.781,33.351],[71.762,33.345],[71.747,33.334],[71.734,33.32],[71.719,33.317],[71.718,33.275],[71.695,33.257],[71.69,33.24],[71.697,33.217],[71.71,33.202],[71.734,33.191],[71.745,33.172],[71.747,33.13],[71.739,33.103],[71.723,33.094],[71.707,33.072],[71.693,33.063],[71.672,33.056],[71.655,33.056],[71.655,33.03],[71.659,33.013],[71.678,33.003],[71.689,32.955],[71.739,32.955],[71.755,32.959],[71.769,32.966],[71.777,32.974],[71.782,32.974]]]}},{"type":"Feature","properties":{"name":"Rawalpindi","province":"Punjab","areaHa":517034.0,"builtupPct":6.55,"builtupGainHa":12959.0,"vegChangeHa":-11306.4,"netMgC":1052459.6,"netMgCPerHa":2.0356},"geometry":{"type":"Polygon","coordinates":[[[73.473,34.062],[73.436,34.046],[73.374,34.026],[73.355,34.011],[73.348,33.996],[73.338,33.99],[73.326,33.969],[73.315,33.964],[73.302,33.949],[73.295,33.932],[73.274,33.917],[73.271,33.902],[73.26,33.887],[73.2,33.874],[73.189,33.861],[73.185,33.855],[73.179,33.837],[73.161,33.818],[73.149,33.811],[73.155,33.8],[73.162,33.792],[73.175,33.785],[73.196,33.777],[73.205,33.772],[73.211,33.765],[73.219,33.759],[73.227,33.755],[73.235,33.747],[73.242,33.735],[73.27,33.725],[73.29,33.703],[73.295,33.686],[73.294,33.675],[73.287,33.666],[73.275,33.662],[73.242,33.653],[73.236,33.632],[73.232,33.576],[73.225,33.568],[73.214,33.56],[73.2,33.54],[73.19,33.531],[73.17,33.516],[73.155,33.5],[73.146,33.494],[73.132,33.491],[73.11,33.491],[73.095,33.494],[73.077,33.5],[73.066,33.506],[73.064,33.515],[73.068,33.525],[73.08,33.538],[73.082,33.551],[73.078,33.571],[73.066,33.582],[73.058,33.601],[73.043,33.612],[73.026,33.636],[73.011,33.645],[72.995,33.643],[72.984,33.638],[72.956,33.633],[72.948,33.63],[72.935,33.62],[72.904,33.613],[72.894,33.606],[72.88,33.588],[72.864,33.581],[72.847,33.578],[72.837,33.587],[72.832,33.596],[72.822,33.602],[72.807,33.616],[72.803,33.627],[72.797,33.635],[72.787,33.642],[72.782,33.659],[72.783,33.677],[72.788,33.687],[72.806,33.7],[72.826,33.707],[72.841,33.71],[72.866,33.72],[72.876,33.727],[72.885,33.732],[72.863,33.738],[72.835,33.768],[72.83,33.789],[72.83,33.803],[72.807,33.801],[72.792,33.794],[72.787,33.785],[72.754,33.778],[72.743,33.774],[72.725,33.774],[72.708,33.778],[72.68,33.804],[72.673,33.803],[72.66,33.78],[72.654,33.775],[72.639,33.772],[72.635,33.763],[72.631,33.75],[72.63,33.736],[72.643,33.72],[72.664,33.706],[72.67,33.697],[72.68,33.688],[72.694,33.682],[72.707,33.666],[72.713,33.653],[72.709,33.642],[72.693,33.632],[72.697,33.598],[72.701,33.589],[72.759,33.581],[72.771,33.573],[72.779,33.518],[72.788,33.512],[72.795,33.51],[72.805,33.502],[72.808,33.492],[72.817,33.487],[72.828,33.476],[72.828,33.46],[72.825,33.447],[72.813,33.439],[72.775,33.433],[72.757,33.432],[72.743,33.417],[72.741,33.407],[72.733,33.394],[72.717,33.387],[72.707,33.355],[72.695,33.343],[72.668,33.343],[72.654,33.335],[72.651,33.298],[72.631,33.275],[72.631,33.263],[72.641,33.254],[72.643,33.241],[72.632,33.23],[72.624,33.219],[72.611,33.215],[72.596,33.204],[72.593,33.192],[72.593,33.183],[72.582,33.172],[72.598,33.167],[72.615,33.167],[72.627,33.153],[72.65,33.145],[72.658,33.13],[72.671,33.122],[72.693,33.123],[72.757,33.122],[72.769,33.111],[72.773,33.104],[72.835,33.101],[72.867,33.096],[72.878,33.081],[72.88,33.067],[72.887,33.058],[72.903,33.053],[72.922,33.052],[72.952,33.047],[72.963,33.041],[72.969,33.03],[73.009,33.022],[73.021,33.022],[73.034,33.048],[73.049,33.052],[73.067,33.051],[73.086,33.047],[73.105,33.04],[73.112,33.029],[73.122,33.026],[73.135,33.022],[73.154,33.027],[73.169,33.038],[73.179,33.048],[73.217,33.053],[73.234,33.074],[73.284,33.076],[73.301,33.079],[73.307,33.088],[73.313,33.118],[73.313,33.129],[73.32,33.142],[73.34,33.152],[73.343,33.166],[73.355,33.17],[73.376,33.17],[73.391,33.168],[73.399,33.152],[73.415,33.149],[73.432,33.149],[73.445,33.153],[73.463,33.169],[73.485,33.171],[73.551,33.17],[73.583,33.176],[73.594,33.182],[73.601,33.187],[73.596,33.193],[73.583,33.203],[73.577,33.223],[73.573,33.309],[73.562,33.315],[73.552,33.322],[73.547,33.387],[73.553,33.404],[73.567,33.414],[73.576,33.441],[73.575,33.487],[73.585,33.521],[73.589,33.548],[73.584,33.567],[73.559,33.592],[73.55,33.62],[73.555,33.725],[73.552,33.761],[73.543,33.771],[73.542,33.787],[73.548,33.8],[73.551,33.812],[73.554,33.876],[73.531,33.905],[73.521,33.921],[73.499,33.946],[73.493,33.974],[73.485,33.99],[73.482,34.016],[73.474,34.052],[73.473,34.062]]]}},{"type":"Feature","properties":{"name":"Chakwal","province":"Punjab","areaHa":663913.7,"builtupPct":2.22,"builtupGainHa":4396.3,"vegChangeHa":1687.9,"netMgC":1206007.8,"netMgCPerHa":1.8165},"geometry":{"type":"Polygon","coordinates":[[[71.841,32.516],[71.854,32.514],[71.873,32.512],[71.893,32.516],[71.903,32.529],[71.905,32.536],[71.918,32.544],[71.928,32.555],[71.941,32.562],[71.958,32.562],[71.964,32.573],[71.973,32.581],[71.989,32.585],[71.999,32.603],[72.027,32.609],[72.039,32.615],[72.042,32.623],[72.045,32.646],[72.053,32.661],[72.065,32.673],[72.078,32.677],[72.091,32.666],[72.101,32.661],[72.129,32.66],[72.233,32.658],[72.241,32.657],[72.249,32.645],[72.249,32.641],[72.269,32.633],[72.275,32.618],[72.297,32.608],[72.307,32.602],[72.315,32.59],[72.335,32.586],[72.347,32.588],[72.353,32.599],[72.363,32.605],[72.373,32.607],[72.379,32.611],[72.391,32.63],[72.405,32.635],[72.436,32.636],[72.445,32.635],[72.463,32.614],[72.472,32.61],[72.475,32.6],[72.473,32.587],[72.475,32.57],[72.487,32.564],[72.496,32.563],[72.507,32.556],[72.517,32.542],[72.541,32.537],[72.542,32.537],[72.564,32.537],[72.584,32.539],[72.611,32.559],[72.623,32.557],[72.641,32.538],[72.651,32.545],[72.66,32.557],[72.668,32.564],[72.671,32.575],[72.675,32.581],[72.701,32.585],[72.805,32.585],[72.851,32.586],[72.871,32.588],[72.884,32.594],[72.893,32.607],[72.91,32.61],[72.924,32.61],[72.933,32.616],[72.941,32.627],[72.958,32.632],[72.976,32.631],[72.986,32.625],[72.99,32.616],[73.01,32.611],[73.022,32.61],[73.037,32.617],[73.044,32.633],[73.062,32.635],[73.071,32.64],[73.075,32.653],[73.104,32.662],[73.111,32.67],[73.121,32.678],[73.132,32.68],[73.169,32.681],[73.186,32.684],[73.191,32.694],[73.192,32.712],[73.184,32.729],[73.166,32.734],[73.158,32.741],[73.155,32.754],[73.138,32.758],[73.109,32.76],[73.078,32.759],[73.059,32.763],[73.047,32.775],[73.047,32.785],[73.051,32.797],[73.069,32.8],[73.078,32.806],[73.081,32.82],[73.104,32.836],[73.108,32.848],[73.109,32.871],[73.123,32.878],[73.132,32.886],[73.135,32.905],[73.135,32.937],[73.132,32.969],[73.124,32.981],[73.119,32.998],[73.121,33.015],[73.122,33.026],[73.112,33.029],[73.105,33.04],[73.086,33.047],[73.067,33.051],[73.049,33.052],[73.034,33.048],[73.021,33.022],[73.009,33.022],[72.969,33.03],[72.963,33.041],[72.952,33.047],[72.922,33.052],[72.903,33.053],[72.887,33.058],[72.88,33.067],[72.878,33.081],[72.867,33.096],[72.835,33.101],[72.773,33.104],[72.769,33.111],[72.757,33.122],[72.693,33.123],[72.671,33.122],[72.658,33.13],[72.65,33.145],[72.627,33.153],[72.615,33.167],[72.598,33.167],[72.582,33.172],[72.581,33.171],[72.557,33.173],[72.537,33.178],[72.52,33.18],[72.503,33.179],[72.488,33.168],[72.48,33.159],[72.473,33.148],[72.457,33.144],[72.451,33.133],[72.449,33.119],[72.43,33.118],[72.421,33.098],[72.402,33.098],[72.386,33.092],[72.375,33.08],[72.355,33.076],[72.329,33.077],[72.255,33.075],[72.208,33.075],[72.188,33.078],[72.169,33.093],[72.154,33.099],[72.143,33.098],[72.127,33.08],[72.11,33.07],[72.085,33.051],[72.065,33.051],[72.049,33.064],[72.038,33.07],[72.016,33.074],[71.989,33.074],[71.965,33.071],[71.95,33.06],[71.939,33.055],[71.899,33.049],[71.885,33.045],[71.879,33.028],[71.865,33.025],[71.852,33.02],[71.843,33.005],[71.831,33.002],[71.801,33.0],[71.782,32.974],[71.791,32.973],[71.794,32.946],[71.819,32.927],[71.826,32.907],[71.825,32.884],[71.826,32.861],[71.831,32.855],[71.847,32.849],[71.855,32.841],[71.858,32.829],[71.866,32.817],[71.882,32.809],[71.897,32.8],[71.904,32.784],[71.899,32.769],[71.885,32.756],[71.874,32.754],[71.828,32.723],[71.821,32.708],[71.816,32.691],[71.817,32.651],[71.815,32.623],[71.822,32.608],[71.839,32.595],[71.846,32.575],[71.844,32.526],[71.841,32.516]]]}},{"type":"Feature","properties":{"name":"Jhelum","province":"Punjab","areaHa":358432.7,"builtupPct":3.35,"builtupGainHa":3606.6,"vegChangeHa":-19.8,"netMgC":1506132.9,"netMgCPerHa":4.202},"geometry":{"type":"Polygon","coordinates":[[[73.601,33.187],[73.594,33.182],[73.583,33.176],[73.551,33.17],[73.485,33.171],[73.463,33.169],[73.445,33.153],[73.432,33.149],[73.415,33.149],[73.399,33.152],[73.391,33.168],[73.376,33.17],[73.355,33.17],[73.343,33.166],[73.34,33.152],[73.32,33.142],[73.313,33.129],[73.313,33.118],[73.307,33.088],[73.301,33.079],[73.284,33.076],[73.234,33.074],[73.217,33.053],[73.179,33.048],[73.169,33.038],[73.154,33.027],[73.135,33.022],[73.122,33.026],[73.121,33.015],[73.119,32.998],[73.124,32.981],[73.132,32.969],[73.135,32.937],[73.135,32.905],[73.132,32.886],[73.123,32.878],[73.109,32.871],[73.108,32.848],[73.104,32.836],[73.081,32.82],[73.078,32.806],[73.069,32.8],[73.051,32.797],[73.047,32.785],[73.047,32.775],[73.059,32.763],[73.078,32.759],[73.109,32.76],[73.138,32.758],[73.155,32.754],[73.158,32.741],[73.166,32.734],[73.184,32.729],[73.192,32.712],[73.191,32.694],[73.186,32.684],[73.169,32.681],[73.132,32.68],[73.121,32.678],[73.111,32.67],[73.104,32.662],[73.075,32.653],[73.071,32.64],[73.062,32.635],[73.044,32.633],[73.037,32.617],[73.022,32.61],[73.01,32.611],[72.99,32.616],[72.986,32.625],[72.976,32.631],[72.958,32.632],[72.941,32.627],[72.933,32.616],[72.924,32.61],[72.91,32.61],[72.893,32.607],[72.884,32.594],[72.871,32.588],[72.851,32.586],[72.805,32.585],[72.701,32.585],[72.675,32.581],[72.671,32.575],[72.668,32.564],[72.66,32.557],[72.651,32.545],[72.641,32.538],[72.623,32.557],[72.611,32.559],[72.584,32.539],[72.564,32.537],[72.542,32.537],[72.541,32.537],[72.533,32.528],[72.525,32.5],[72.53,32.481],[72.542,32.468],[72.553,32.461],[72.558,32.42],[72.557,32.403],[72.566,32.391],[72.568,32.388],[72.595,32.388],[72.61,32.391],[72.622,32.41],[72.641,32.413],[72.684,32.414],[72.706,32.424],[72.75,32.425],[72.77,32.428],[72.81,32.442],[72.814,32.455],[72.857,32.485],[72.894,32.49],[72.946,32.49],[72.967,32.492],[72.979,32.499],[72.987,32.507],[73.019,32.516],[73.047,32.517],[73.064,32.527],[73.083,32.536],[73.143,32.541],[73.169,32.539],[73.175,32.538],[73.209,32.538],[73.223,32.546],[73.228,32.56],[73.246,32.563],[73.266,32.563],[73.295,32.544],[73.314,32.543],[73.327,32.553],[73.334,32.562],[73.35,32.563],[73.356,32.57],[73.363,32.587],[73.408,32.592],[73.419,32.598],[73.434,32.612],[73.451,32.613],[73.465,32.616],[73.476,32.623],[73.483,32.635],[73.502,32.637],[73.511,32.656],[73.526,32.659],[73.537,32.669],[73.539,32.681],[73.558,32.684],[73.563,32.691],[73.566,32.696],[73.568,32.739],[73.566,32.756],[73.578,32.769],[73.594,32.779],[73.594,32.788],[73.6,32.798],[73.631,32.817],[73.634,32.825],[73.651,32.834],[73.657,32.848],[73.676,32.861],[73.688,32.883],[73.707,32.902],[73.717,32.909],[73.745,32.934],[73.758,32.939],[73.766,32.944],[73.768,32.977],[73.771,33.008],[73.746,33.016],[73.695,33.052],[73.663,33.051],[73.634,33.058],[73.612,33.068],[73.6,33.08],[73.591,33.094],[73.588,33.113],[73.598,33.127],[73.615,33.157],[73.61,33.179],[73.601,33.187]]]}},{"type":"Feature","properties":{"name":"Khushab","province":"Punjab","areaHa":662616.7,"builtupPct":2.14,"builtupGainHa":4083.2,"vegChangeHa":13807.5,"netMgC":3075987.9,"netMgCPerHa":4.6422},"geometry":{"type":"Polygon","coordinates":[[[71.917,31.48],[71.92,31.481],[71.939,31.498],[71.944,31.512],[71.947,31.528],[71.976,31.544],[71.978,31.577],[71.985,31.592],[72.009,31.61],[72.027,31.628],[72.036,31.646],[72.048,31.654],[72.059,31.659],[72.068,31.675],[72.08,31.679],[72.094,31.681],[72.119,31.68],[72.136,31.682],[72.146,31.69],[72.154,31.703],[72.166,31.71],[72.179,31.734],[72.179,31.734],[72.179,31.749],[72.171,31.759],[72.16,31.769],[72.152,31.781],[72.152,31.793],[72.172,31.814],[72.174,31.829],[72.173,31.852],[72.177,31.906],[72.186,31.924],[72.2,31.93],[72.207,31.944],[72.207,31.97],[72.214,31.982],[72.226,31.988],[72.233,31.998],[72.236,32.01],[72.247,32.023],[72.259,32.027],[72.267,32.043],[72.265,32.133],[72.266,32.165],[72.277,32.178],[72.294,32.189],[72.305,32.204],[72.349,32.241],[72.378,32.262],[72.402,32.269],[72.411,32.279],[72.419,32.291],[72.442,32.295],[72.449,32.31],[72.467,32.315],[72.489,32.319],[72.505,32.339],[72.512,32.34],[72.522,32.351],[72.527,32.364],[72.55,32.368],[72.562,32.382],[72.566,32.391],[72.557,32.403],[72.558,32.42],[72.553,32.461],[72.542,32.468],[72.53,32.481],[72.525,32.5],[72.533,32.528],[72.541,32.537],[72.517,32.542],[72.507,32.556],[72.496,32.563],[72.487,32.564],[72.475,32.57],[72.473,32.587],[72.475,32.6],[72.472,32.61],[72.463,32.614],[72.445,32.635],[72.436,32.636],[72.405,32.635],[72.391,32.63],[72.379,32.611],[72.373,32.607],[72.363,32.605],[72.353,32.599],[72.347,32.588],[72.335,32.586],[72.315,32.59],[72.307,32.602],[72.297,32.608],[72.275,32.618],[72.269,32.633],[72.249,32.641],[72.249,32.645],[72.241,32.657],[72.233,32.658],[72.129,32.66],[72.101,32.661],[72.091,32.666],[72.078,32.677],[72.065,32.673],[72.053,32.661],[72.045,32.646],[72.042,32.623],[72.039,32.615],[72.027,32.609],[71.999,32.603],[71.989,32.585],[71.973,32.581],[71.964,32.573],[71.958,32.562],[71.941,32.562],[71.928,32.555],[71.918,32.544],[71.905,32.536],[71.903,32.529],[71.893,32.516],[71.873,32.512],[71.854,32.514],[71.841,32.516],[71.839,32.51],[71.824,32.496],[71.815,32.492],[71.802,32.489],[71.787,32.482],[71.779,32.464],[71.761,32.45],[71.758,32.434],[71.737,32.431],[71.733,32.418],[71.733,32.405],[71.742,32.389],[71.763,32.383],[71.77,32.369],[71.747,32.316],[71.73,32.314],[71.719,32.285],[71.712,32.273],[71.696,32.262],[71.675,32.238],[71.676,32.179],[71.681,32.158],[71.687,32.139],[71.689,32.139],[71.695,32.128],[71.7,32.054],[71.699,31.999],[71.678,31.991],[71.673,31.972],[71.657,31.969],[71.641,31.953],[71.645,31.925],[71.64,31.911],[71.627,31.899],[71.614,31.896],[71.606,31.869],[71.597,31.863],[71.586,31.86],[71.581,31.85],[71.564,31.848],[71.557,31.844],[71.554,31.826],[71.564,31.818],[71.595,31.802],[71.606,31.802],[71.614,31.795],[71.616,31.78],[71.637,31.771],[71.642,31.756],[71.653,31.756],[71.662,31.745],[71.665,31.732],[71.665,31.701],[71.668,31.682],[71.674,31.671],[71.699,31.658],[71.724,31.639],[71.73,31.63],[71.743,31.62],[71.752,31.616],[71.762,31.61],[71.774,31.6],[71.78,31.588],[71.794,31.58],[71.806,31.569],[71.81,31.558],[71.825,31.552],[71.835,31.545],[71.84,31.535],[71.859,31.527],[71.862,31.515],[71.888,31.509],[71.894,31.493],[71.917,31.481],[71.917,31.48]]]}},{"type":"Feature","properties":{"name":"Jhang","province":"Punjab","areaHa":635175.2,"builtupPct":4.91,"builtupGainHa":10830.3,"vegChangeHa":-13289.3,"netMgC":36209.7,"netMgCPerHa":0.057},"geometry":{"type":"Polygon","coordinates":[[[72.136,30.7],[72.152,30.707],[72.166,30.707],[72.169,30.723],[72.181,30.726],[72.234,30.73],[72.243,30.734],[72.261,30.746],[72.279,30.762],[72.27,30.777],[72.256,30.787],[72.25,30.798],[72.23,30.804],[72.176,30.808],[72.162,30.827],[72.162,30.846],[72.172,30.854],[72.19,30.86],[72.2,30.87],[72.215,30.875],[72.223,30.882],[72.23,30.893],[72.241,30.898],[72.249,30.908],[72.253,30.92],[72.261,30.926],[72.27,30.929],[72.279,30.942],[72.29,30.972],[72.301,30.98],[72.311,30.995],[72.313,31.014],[72.317,31.028],[72.324,31.04],[72.338,31.045],[72.351,31.064],[72.363,31.07],[72.37,31.114],[72.373,31.125],[72.378,31.135],[72.392,31.138],[72.401,31.17],[72.413,31.188],[72.424,31.193],[72.454,31.194],[72.49,31.206],[72.508,31.198],[72.521,31.196],[72.542,31.206],[72.551,31.217],[72.612,31.22],[72.63,31.225],[72.654,31.241],[72.683,31.265],[72.69,31.282],[72.702,31.289],[72.721,31.294],[72.754,31.296],[72.755,31.297],[72.758,31.307],[72.748,31.315],[72.745,31.33],[72.755,31.355],[72.768,31.363],[72.775,31.379],[72.775,31.389],[72.781,31.4],[72.799,31.421],[72.807,31.436],[72.82,31.44],[72.832,31.449],[72.841,31.461],[72.855,31.463],[72.864,31.484],[72.883,31.49],[72.894,31.491],[72.907,31.502],[72.919,31.51],[72.951,31.514],[72.98,31.516],[72.996,31.522],[73.002,31.545],[73.004,31.561],[73.009,31.577],[73.021,31.584],[73.035,31.588],[73.049,31.594],[73.057,31.602],[73.059,31.625],[73.091,31.656],[73.09,31.675],[73.104,31.687],[73.115,31.691],[73.12,31.705],[73.133,31.711],[73.149,31.713],[73.162,31.728],[73.163,31.729],[73.151,31.76],[73.149,31.777],[73.135,31.785],[73.125,31.793],[73.125,31.81],[73.12,31.85],[73.115,31.856],[73.114,31.857],[73.084,31.86],[73.073,31.868],[73.066,31.88],[73.049,31.882],[73.025,31.881],[73.002,31.884],[72.983,31.897],[72.975,31.908],[72.956,31.91],[72.945,31.924],[72.936,31.93],[72.918,31.931],[72.91,31.934],[72.9,31.941],[72.891,31.943],[72.883,31.934],[72.878,31.924],[72.876,31.912],[72.863,31.901],[72.861,31.889],[72.851,31.884],[72.834,31.881],[72.829,31.868],[72.822,31.857],[72.806,31.856],[72.803,31.847],[72.801,31.835],[72.792,31.83],[72.785,31.829],[72.776,31.823],[72.77,31.81],[72.761,31.808],[72.728,31.808],[72.698,31.804],[72.688,31.788],[72.675,31.781],[72.656,31.78],[72.637,31.776],[72.63,31.764],[72.625,31.758],[72.608,31.754],[72.605,31.746],[72.597,31.74],[72.579,31.734],[72.493,31.731],[72.479,31.728],[72.472,31.722],[72.461,31.708],[72.442,31.702],[72.435,31.694],[72.434,31.686],[72.412,31.68],[72.405,31.669],[72.404,31.66],[72.394,31.651],[72.385,31.648],[72.376,31.637],[72.363,31.633],[72.33,31.637],[72.313,31.631],[72.301,31.618],[72.291,31.601],[72.29,31.593],[72.284,31.589],[72.269,31.586],[72.26,31.577],[72.257,31.565],[72.249,31.563],[72.217,31.562],[72.2,31.56],[72.181,31.562],[72.169,31.571],[72.176,31.584],[72.195,31.592],[72.202,31.6],[72.204,31.612],[72.224,31.62],[72.233,31.626],[72.236,31.634],[72.254,31.656],[72.268,31.661],[72.284,31.67],[72.29,31.682],[72.291,31.701],[72.273,31.707],[72.259,31.708],[72.25,31.715],[72.243,31.726],[72.221,31.732],[72.204,31.734],[72.183,31.734],[72.179,31.734],[72.166,31.71],[72.154,31.703],[72.146,31.69],[72.136,31.682],[72.119,31.68],[72.094,31.681],[72.08,31.679],[72.068,31.675],[72.059,31.659],[72.048,31.654],[72.036,31.646],[72.027,31.628],[72.009,31.61],[71.985,31.592],[71.978,31.577],[71.976,31.544],[71.947,31.528],[71.944,31.512],[71.939,31.498],[71.92,31.481],[71.917,31.48],[71.92,31.455],[71.916,31.406],[71.919,31.378],[71.916,31.356],[71.924,31.347],[71.943,31.336],[71.947,31.322],[71.948,31.307],[71.939,31.298],[71.924,31.291],[71.92,31.283],[71.914,31.257],[71.913,31.244],[71.899,31.239],[71.892,31.234],[71.873,31.235],[71.864,31.243],[71.852,31.244],[71.838,31.252],[71.832,31.253],[71.81,31.244],[71.776,31.243],[71.765,31.24],[71.762,31.235],[71.762,31.226],[71.757,31.221],[71.717,31.212],[71.711,31.184],[71.715,31.162],[71.714,31.158],[71.716,31.155],[71.718,31.133],[71.717,31.12],[71.72,31.107],[71.726,31.094],[71.745,31.088],[71.757,31.052],[71.749,31.023],[71.75,31.008],[71.742,30.996],[71.726,30.979],[71.725,30.957],[71.745,30.934],[71.745,30.927],[71.76,30.925],[71.769,30.916],[71.775,30.899],[71.766,30.852],[71.754,30.849],[71.746,30.848],[71.74,30.83],[71.715,30.819],[71.713,30.808],[71.707,30.797],[71.7,30.796],[71.691,30.788],[71.689,30.778],[71.683,30.774],[71.658,30.766],[71.646,30.746],[71.638,30.746],[71.629,30.736],[71.627,30.711],[71.601,30.702],[71.599,30.69],[71.599,30.68],[71.592,30.659],[71.574,30.651],[71.569,30.629],[71.58,30.635],[71.626,30.633],[71.65,30.61],[71.659,30.593],[71.671,30.583],[71.7,30.584],[71.722,30.593],[71.744,30.608],[71.762,30.632],[71.774,30.632],[71.792,30.644],[71.804,30.654],[71.878,30.658],[71.904,30.657],[71.919,30.669],[71.937,30.678],[71.951,30.678],[71.966,30.7],[71.986,30.703],[72.015,30.704],[72.034,30.709],[72.057,30.712],[72.092,30.704],[72.136,30.701],[72.136,30.7]]]}},{"type":"Feature","properties":{"name":"Sargodha","province":"Punjab","areaHa":577938.0,"builtupPct":5.77,"builtupGainHa":3752.3,"vegChangeHa":-6112.1,"netMgC":-31016.9,"netMgCPerHa":-0.0537},"geometry":{"type":"Polygon","coordinates":[[[72.566,32.391],[72.562,32.382],[72.55,32.368],[72.527,32.364],[72.522,32.351],[72.512,32.34],[72.505,32.339],[72.489,32.319],[72.467,32.315],[72.449,32.31],[72.442,32.295],[72.419,32.291],[72.411,32.279],[72.402,32.269],[72.378,32.262],[72.349,32.241],[72.305,32.204],[72.294,32.189],[72.277,32.178],[72.266,32.165],[72.265,32.133],[72.267,32.043],[72.259,32.027],[72.247,32.023],[72.236,32.01],[72.233,31.998],[72.226,31.988],[72.214,31.982],[72.207,31.97],[72.207,31.944],[72.2,31.93],[72.186,31.924],[72.177,31.906],[72.173,31.852],[72.174,31.829],[72.172,31.814],[72.152,31.793],[72.152,31.781],[72.16,31.769],[72.171,31.759],[72.179,31.749],[72.179,31.734],[72.179,31.734],[72.183,31.734],[72.204,31.734],[72.221,31.732],[72.243,31.726],[72.25,31.715],[72.259,31.708],[72.273,31.707],[72.291,31.701],[72.29,31.682],[72.284,31.67],[72.268,31.661],[72.254,31.656],[72.236,31.634],[72.233,31.626],[72.224,31.62],[72.204,31.612],[72.202,31.6],[72.195,31.592],[72.176,31.584],[72.169,31.571],[72.181,31.562],[72.2,31.56],[72.217,31.562],[72.249,31.563],[72.257,31.565],[72.26,31.577],[72.269,31.586],[72.284,31.589],[72.29,31.593],[72.291,31.601],[72.301,31.618],[72.313,31.631],[72.33,31.637],[72.363,31.633],[72.376,31.637],[72.385,31.648],[72.394,31.651],[72.404,31.66],[72.405,31.669],[72.412,31.68],[72.434,31.686],[72.435,31.694],[72.442,31.702],[72.461,31.708],[72.472,31.722],[72.479,31.728],[72.493,31.731],[72.579,31.734],[72.597,31.74],[72.605,31.746],[72.608,31.754],[72.625,31.758],[72.63,31.764],[72.637,31.776],[72.656,31.78],[72.675,31.781],[72.688,31.788],[72.698,31.804],[72.728,31.808],[72.761,31.808],[72.77,31.81],[72.776,31.823],[72.785,31.829],[72.792,31.83],[72.801,31.835],[72.803,31.847],[72.806,31.856],[72.822,31.857],[72.829,31.868],[72.834,31.881],[72.851,31.884],[72.861,31.889],[72.863,31.901],[72.876,31.912],[72.878,31.924],[72.883,31.934],[72.891,31.943],[72.9,31.941],[72.91,31.934],[72.918,31.931],[72.936,31.93],[72.945,31.924],[72.956,31.91],[72.975,31.908],[72.983,31.897],[73.002,31.884],[73.025,31.881],[73.049,31.882],[73.066,31.88],[73.073,31.868],[73.084,31.86],[73.114,31.857],[73.115,31.856],[73.122,31.862],[73.122,31.871],[73.134,31.879],[73.144,31.882],[73.149,31.89],[73.149,31.899],[73.172,31.91],[73.177,31.924],[73.179,31.949],[73.177,31.97],[73.182,31.995],[73.197,32.005],[73.207,32.006],[73.213,32.024],[73.232,32.03],[73.241,32.043],[73.24,32.051],[73.239,32.052],[73.226,32.066],[73.218,32.072],[73.215,32.084],[73.215,32.12],[73.209,32.131],[73.181,32.15],[73.18,32.169],[73.175,32.189],[73.168,32.197],[73.108,32.2],[73.098,32.212],[73.083,32.223],[73.07,32.228],[73.067,32.246],[73.049,32.257],[73.041,32.27],[73.043,32.311],[73.049,32.324],[73.042,32.34],[73.032,32.349],[73.014,32.361],[73.005,32.371],[73.011,32.387],[73.02,32.392],[73.041,32.392],[73.053,32.396],[73.07,32.402],[73.078,32.41],[73.091,32.416],[73.108,32.419],[73.122,32.433],[73.128,32.442],[73.14,32.444],[73.16,32.458],[73.184,32.473],[73.189,32.493],[73.182,32.518],[73.175,32.538],[73.169,32.539],[73.143,32.541],[73.083,32.536],[73.064,32.527],[73.047,32.517],[73.019,32.516],[72.987,32.507],[72.979,32.499],[72.967,32.492],[72.946,32.49],[72.894,32.49],[72.857,32.485],[72.814,32.455],[72.81,32.442],[72.77,32.428],[72.75,32.425],[72.706,32.424],[72.684,32.414],[72.641,32.413],[72.622,32.41],[72.61,32.391],[72.595,32.388],[72.568,32.388],[72.566,32.391]]]}},{"type":"Feature","properties":{"name":"Mandi Bahauddin","province":"Punjab","areaHa":275761.0,"builtupPct":4.84,"builtupGainHa":1755.1,"vegChangeHa":-4461.5,"netMgC":129296.2,"netMgCPerHa":0.4689},"geometry":{"type":"Polygon","coordinates":[[[73.175,32.538],[73.182,32.518],[73.189,32.493],[73.184,32.473],[73.16,32.458],[73.14,32.444],[73.128,32.442],[73.122,32.433],[73.108,32.419],[73.091,32.416],[73.078,32.41],[73.07,32.402],[73.053,32.396],[73.041,32.392],[73.02,32.392],[73.011,32.387],[73.005,32.371],[73.014,32.361],[73.032,32.349],[73.042,32.34],[73.049,32.324],[73.043,32.311],[73.041,32.27],[73.049,32.257],[73.067,32.246],[73.07,32.228],[73.083,32.223],[73.098,32.212],[73.108,32.2],[73.168,32.197],[73.175,32.189],[73.18,32.169],[73.181,32.15],[73.209,32.131],[73.215,32.12],[73.215,32.084],[73.218,32.072],[73.226,32.066],[73.239,32.052],[73.24,32.051],[73.251,32.049],[73.277,32.053],[73.288,32.058],[73.297,32.07],[73.322,32.08],[73.329,32.095],[73.338,32.097],[73.359,32.1],[73.374,32.105],[73.383,32.11],[73.386,32.12],[73.395,32.126],[73.407,32.128],[73.416,32.147],[73.436,32.153],[73.444,32.166],[73.447,32.174],[73.466,32.18],[73.471,32.195],[73.48,32.206],[73.491,32.211],[73.501,32.226],[73.503,32.238],[73.518,32.245],[73.535,32.246],[73.559,32.252],[73.568,32.27],[73.583,32.27],[73.603,32.273],[73.617,32.285],[73.623,32.292],[73.638,32.296],[73.669,32.298],[73.676,32.298],[73.712,32.298],[73.745,32.3],[73.753,32.303],[73.759,32.315],[73.79,32.323],[73.796,32.341],[73.841,32.351],[73.854,32.375],[73.854,32.376],[73.854,32.41],[73.84,32.42],[73.826,32.423],[73.823,32.439],[73.794,32.449],[73.791,32.46],[73.78,32.463],[73.772,32.471],[73.768,32.479],[73.768,32.495],[73.762,32.509],[73.754,32.516],[73.743,32.518],[73.727,32.534],[73.717,32.539],[73.707,32.541],[73.69,32.548],[73.678,32.558],[73.675,32.586],[73.665,32.591],[73.655,32.592],[73.648,32.605],[73.637,32.614],[73.63,32.615],[73.622,32.625],[73.617,32.66],[73.606,32.667],[73.6,32.668],[73.59,32.68],[73.577,32.684],[73.563,32.691],[73.558,32.684],[73.539,32.681],[73.537,32.669],[73.526,32.659],[73.511,32.656],[73.502,32.637],[73.483,32.635],[73.476,32.623],[73.465,32.616],[73.451,32.613],[73.434,32.612],[73.419,32.598],[73.408,32.592],[73.363,32.587],[73.356,32.57],[73.35,32.563],[73.334,32.562],[73.327,32.553],[73.314,32.543],[73.295,32.544],[73.266,32.563],[73.246,32.563],[73.228,32.56],[73.223,32.546],[73.209,32.538],[73.175,32.538]]]}},{"type":"Feature","properties":{"name":"Gujrat","province":"Punjab","areaHa":308503.5,"builtupPct":6.94,"builtupGainHa":3745.3,"vegChangeHa":-4367.8,"netMgC":694480.0,"netMgCPerHa":2.2511},"geometry":{"type":"Polygon","coordinates":[[[73.771,33.008],[73.768,32.977],[73.766,32.944],[73.758,32.939],[73.745,32.934],[73.717,32.909],[73.707,32.902],[73.688,32.883],[73.676,32.861],[73.657,32.848],[73.651,32.834],[73.634,32.825],[73.631,32.817],[73.6,32.798],[73.594,32.788],[73.594,32.779],[73.578,32.769],[73.566,32.756],[73.568,32.739],[73.566,32.696],[73.563,32.691],[73.577,32.684],[73.59,32.68],[73.6,32.668],[73.606,32.667],[73.617,32.66],[73.622,32.625],[73.63,32.615],[73.637,32.614],[73.648,32.605],[73.655,32.592],[73.665,32.591],[73.675,32.586],[73.678,32.558],[73.69,32.548],[73.707,32.541],[73.717,32.539],[73.727,32.534],[73.743,32.518],[73.754,32.516],[73.762,32.509],[73.768,32.495],[73.768,32.479],[73.772,32.471],[73.78,32.463],[73.791,32.46],[73.794,32.449],[73.823,32.439],[73.826,32.423],[73.84,32.42],[73.854,32.41],[73.854,32.376],[73.854,32.375],[73.872,32.372],[73.918,32.372],[73.932,32.376],[73.96,32.393],[73.983,32.396],[74.0,32.416],[74.015,32.419],[74.025,32.423],[74.029,32.434],[74.036,32.444],[74.052,32.449],[74.068,32.449],[74.082,32.457],[74.089,32.47],[74.104,32.473],[74.113,32.484],[74.118,32.494],[74.134,32.498],[74.143,32.504],[74.147,32.514],[74.172,32.52],[74.177,32.52],[74.188,32.52],[74.201,32.53],[74.225,32.545],[74.249,32.548],[74.31,32.548],[74.327,32.568],[74.352,32.573],[74.359,32.585],[74.379,32.596],[74.38,32.608],[74.384,32.615],[74.398,32.628],[74.407,32.656],[74.409,32.687],[74.41,32.757],[74.405,32.779],[74.399,32.775],[74.374,32.773],[74.356,32.775],[74.339,32.786],[74.338,32.798],[74.315,32.799],[74.261,32.827],[74.241,32.842],[74.144,32.874],[74.087,32.9],[74.054,32.913],[73.963,32.943],[73.944,32.954],[73.925,32.976],[73.917,32.995],[73.9,33.018],[73.872,33.031],[73.846,33.032],[73.791,33.008],[73.777,33.006],[73.771,33.008]]]}},{"type":"Feature","properties":{"name":"Sialkot","province":"Punjab","areaHa":304776.7,"builtupPct":7.53,"builtupGainHa":5776.9,"vegChangeHa":-6312.1,"netMgC":-546729.3,"netMgCPerHa":-1.7939},"geometry":{"type":"Polygon","coordinates":[[[74.573,32.088],[74.575,32.088],[74.588,32.107],[74.598,32.112],[74.607,32.119],[74.61,32.137],[74.626,32.138],[74.638,32.144],[74.645,32.155],[74.664,32.166],[74.67,32.184],[74.685,32.187],[74.696,32.196],[74.696,32.228],[74.702,32.25],[74.717,32.26],[74.731,32.272],[74.728,32.301],[74.744,32.308],[74.757,32.311],[74.762,32.329],[74.784,32.336],[74.792,32.341],[74.794,32.351],[74.807,32.357],[74.818,32.371],[74.819,32.389],[74.823,32.404],[74.851,32.416],[74.853,32.435],[74.86,32.445],[74.891,32.459],[74.91,32.47],[74.912,32.479],[74.907,32.479],[74.886,32.485],[74.865,32.495],[74.687,32.495],[74.683,32.509],[74.668,32.525],[74.657,32.533],[74.657,32.553],[74.624,32.573],[74.619,32.597],[74.631,32.617],[74.664,32.641],[74.664,32.67],[74.65,32.694],[74.638,32.724],[74.65,32.74],[74.663,32.781],[74.672,32.802],[74.67,32.822],[74.653,32.829],[74.626,32.801],[74.62,32.782],[74.61,32.773],[74.569,32.763],[74.558,32.753],[74.533,32.745],[74.504,32.749],[74.48,32.758],[74.463,32.768],[74.452,32.784],[74.434,32.793],[74.425,32.791],[74.405,32.779],[74.41,32.757],[74.409,32.687],[74.407,32.656],[74.398,32.628],[74.384,32.615],[74.38,32.608],[74.379,32.596],[74.359,32.585],[74.352,32.573],[74.327,32.568],[74.31,32.548],[74.249,32.548],[74.225,32.545],[74.201,32.53],[74.188,32.52],[74.177,32.52],[74.174,32.508],[74.174,32.496],[74.169,32.466],[74.171,32.439],[74.175,32.41],[74.184,32.401],[74.198,32.392],[74.202,32.378],[74.199,32.314],[74.203,32.305],[74.219,32.305],[74.229,32.289],[74.23,32.275],[74.234,32.262],[74.25,32.255],[74.258,32.246],[74.262,32.237],[74.28,32.233],[74.287,32.225],[74.294,32.21],[74.315,32.205],[74.318,32.196],[74.325,32.186],[74.341,32.184],[74.357,32.184],[74.377,32.181],[74.381,32.169],[74.393,32.161],[74.439,32.163],[74.457,32.162],[74.467,32.15],[74.468,32.119],[74.483,32.116],[74.49,32.109],[74.493,32.097],[74.504,32.092],[74.555,32.086],[74.573,32.088],[74.573,32.088]]]}},{"type":"Feature","properties":{"name":"Toba Tek Singh","province":"Punjab","areaHa":307482.5,"builtupPct":7.03,"builtupGainHa":3239.8,"vegChangeHa":-3533.8,"netMgC":46199.9,"netMgCPerHa":0.1503},"geometry":{"type":"Polygon","coordinates":[[[72.53,30.61],[72.537,30.61],[72.563,30.591],[72.592,30.589],[72.614,30.596],[72.622,30.603],[72.637,30.605],[72.688,30.61],[72.697,30.613],[72.704,30.619],[72.705,30.651],[72.711,30.672],[72.722,30.681],[72.736,30.686],[72.744,30.695],[72.746,30.706],[72.747,30.708],[72.741,30.727],[72.722,30.732],[72.714,30.743],[72.709,30.753],[72.685,30.763],[72.68,30.778],[72.681,30.795],[72.692,30.809],[72.693,30.821],[72.688,30.839],[72.681,30.849],[72.666,30.856],[72.655,30.874],[72.656,30.9],[72.664,30.918],[72.682,30.921],[72.697,30.926],[72.707,30.932],[72.712,30.946],[72.714,30.958],[72.722,30.967],[72.742,30.98],[72.744,30.991],[72.762,31.011],[72.763,31.028],[72.748,31.041],[72.741,31.053],[72.727,31.068],[72.727,31.079],[72.737,31.111],[72.741,31.164],[72.745,31.183],[72.752,31.191],[72.763,31.194],[72.777,31.195],[72.793,31.205],[72.798,31.218],[72.8,31.233],[72.808,31.245],[72.805,31.265],[72.8,31.285],[72.796,31.292],[72.78,31.297],[72.755,31.297],[72.754,31.296],[72.721,31.294],[72.702,31.289],[72.69,31.282],[72.683,31.265],[72.654,31.241],[72.63,31.225],[72.612,31.22],[72.551,31.217],[72.542,31.206],[72.521,31.196],[72.508,31.198],[72.49,31.206],[72.454,31.194],[72.424,31.193],[72.413,31.188],[72.401,31.17],[72.392,31.138],[72.378,31.135],[72.373,31.125],[72.37,31.114],[72.363,31.07],[72.351,31.064],[72.338,31.045],[72.324,31.04],[72.317,31.028],[72.313,31.014],[72.311,30.995],[72.301,30.98],[72.29,30.972],[72.279,30.942],[72.27,30.929],[72.261,30.926],[72.253,30.92],[72.249,30.908],[72.241,30.898],[72.23,30.893],[72.223,30.882],[72.215,30.875],[72.2,30.87],[72.19,30.86],[72.172,30.854],[72.162,30.846],[72.162,30.827],[72.176,30.808],[72.23,30.804],[72.25,30.798],[72.256,30.787],[72.27,30.777],[72.279,30.762],[72.261,30.746],[72.243,30.734],[72.234,30.73],[72.181,30.726],[72.169,30.723],[72.166,30.707],[72.152,30.707],[72.136,30.7],[72.14,30.681],[72.14,30.662],[72.133,30.623],[72.118,30.602],[72.118,30.596],[72.125,30.585],[72.16,30.588],[72.181,30.588],[72.198,30.58],[72.212,30.571],[72.23,30.567],[72.245,30.576],[72.268,30.583],[72.287,30.585],[72.305,30.592],[72.305,30.6],[72.322,30.611],[72.377,30.613],[72.416,30.608],[72.466,30.611],[72.531,30.611],[72.53,30.61]]]}},{"type":"Feature","properties":{"name":"Sahiwal","province":"Punjab","areaHa":321433.6,"builtupPct":7.39,"builtupGainHa":2994.5,"vegChangeHa":-3114.3,"netMgC":-27675.5,"netMgCPerHa":-0.0861},"geometry":{"type":"Polygon","coordinates":[[[72.828,30.37],[72.834,30.386],[72.878,30.396],[72.887,30.413],[72.914,30.426],[72.922,30.441],[72.943,30.443],[72.952,30.442],[72.96,30.424],[72.99,30.413],[73.016,30.413],[73.037,30.42],[73.067,30.437],[73.082,30.443],[73.101,30.447],[73.108,30.461],[73.122,30.465],[73.134,30.475],[73.141,30.492],[73.157,30.501],[73.169,30.505],[73.17,30.515],[73.181,30.522],[73.191,30.538],[73.202,30.545],[73.217,30.545],[73.243,30.565],[73.294,30.568],[73.308,30.568],[73.316,30.591],[73.33,30.598],[73.341,30.621],[73.318,30.653],[73.316,30.672],[73.322,30.698],[73.337,30.712],[73.343,30.725],[73.336,30.744],[73.315,30.759],[73.297,30.763],[73.28,30.784],[73.26,30.796],[73.26,30.81],[73.256,30.833],[73.238,30.845],[73.232,30.858],[73.218,30.882],[73.206,30.882],[73.189,30.883],[73.171,30.883],[73.15,30.877],[73.14,30.859],[73.125,30.857],[73.095,30.857],[73.085,30.848],[73.08,30.832],[73.058,30.831],[73.052,30.813],[73.043,30.81],[73.026,30.809],[73.004,30.805],[72.998,30.787],[72.988,30.782],[72.966,30.782],[72.948,30.775],[72.945,30.763],[72.933,30.759],[72.89,30.758],[72.883,30.736],[72.863,30.728],[72.854,30.719],[72.848,30.709],[72.8,30.7],[72.757,30.706],[72.746,30.706],[72.744,30.695],[72.736,30.686],[72.722,30.681],[72.711,30.672],[72.705,30.651],[72.704,30.619],[72.697,30.613],[72.688,30.61],[72.637,30.605],[72.622,30.603],[72.614,30.596],[72.592,30.589],[72.563,30.591],[72.537,30.61],[72.53,30.61],[72.521,30.587],[72.508,30.575],[72.514,30.554],[72.492,30.538],[72.481,30.527],[72.484,30.505],[72.481,30.484],[72.475,30.463],[72.46,30.443],[72.451,30.434],[72.449,30.422],[72.43,30.414],[72.424,30.404],[72.427,30.387],[72.424,30.37],[72.445,30.358],[72.449,30.343],[72.451,30.331],[72.443,30.327],[72.432,30.315],[72.425,30.3],[72.423,30.271],[72.411,30.262],[72.406,30.25],[72.405,30.245],[72.413,30.246],[72.442,30.245],[72.454,30.238],[72.451,30.221],[72.452,30.209],[72.465,30.2],[72.483,30.2],[72.493,30.207],[72.505,30.218],[72.528,30.23],[72.534,30.245],[72.545,30.262],[72.567,30.269],[72.617,30.269],[72.633,30.271],[72.645,30.29],[72.646,30.306],[72.663,30.316],[72.707,30.316],[72.726,30.318],[72.737,30.335],[72.751,30.34],[72.767,30.343],[72.783,30.349],[72.79,30.362],[72.828,30.37]]]}},{"type":"Feature","properties":{"name":"Kasur","province":"Punjab","areaHa":390263.5,"builtupPct":7.06,"builtupGainHa":3449.5,"vegChangeHa":-1423.2,"netMgC":241122.5,"netMgCPerHa":0.6178},"geometry":{"type":"Polygon","coordinates":[[[73.63,31.105],[73.636,31.103],[73.638,31.083],[73.634,31.064],[73.655,31.054],[73.665,31.041],[73.666,31.03],[73.67,31.021],[73.679,31.015],[73.693,31.01],[73.698,31.0],[73.696,30.988],[73.698,30.971],[73.713,30.966],[73.721,30.96],[73.722,30.949],[73.735,30.937],[73.746,30.935],[73.753,30.915],[73.771,30.914],[73.782,30.912],[73.784,30.895],[73.801,30.889],[73.809,30.879],[73.807,30.87],[73.811,30.86],[73.819,30.85],[73.836,30.844],[73.92,30.845],[73.953,30.843],[73.961,30.828],[73.967,30.821],[73.989,30.822],[73.994,30.811],[74.003,30.803],[74.016,30.798],[74.035,30.795],[74.061,30.757],[74.074,30.751],[74.081,30.732],[74.101,30.723],[74.104,30.702],[74.113,30.679],[74.121,30.677],[74.129,30.667],[74.138,30.651],[74.165,30.651],[74.206,30.655],[74.235,30.664],[74.244,30.674],[74.253,30.722],[74.259,30.737],[74.28,30.765],[74.322,30.794],[74.345,30.815],[74.371,30.833],[74.386,30.847],[74.404,30.885],[74.43,30.915],[74.461,30.948],[74.504,30.981],[74.533,31.014],[74.554,31.045],[74.578,31.069],[74.626,31.069],[74.687,31.082],[74.696,31.1],[74.691,31.13],[74.67,31.143],[74.629,31.143],[74.604,31.134],[74.584,31.123],[74.543,31.128],[74.522,31.144],[74.496,31.167],[74.495,31.189],[74.504,31.206],[74.528,31.233],[74.525,31.323],[74.485,31.312],[74.468,31.312],[74.447,31.31],[74.431,31.301],[74.428,31.289],[74.42,31.269],[74.344,31.26],[74.321,31.26],[74.296,31.255],[74.283,31.242],[74.268,31.235],[74.244,31.231],[74.21,31.233],[74.159,31.238],[74.15,31.25],[74.131,31.259],[74.074,31.26],[74.042,31.262],[74.01,31.281],[73.998,31.281],[73.992,31.281],[73.966,31.278],[73.955,31.261],[73.935,31.257],[73.911,31.255],[73.905,31.246],[73.895,31.214],[73.871,31.207],[73.815,31.206],[73.791,31.199],[73.781,31.185],[73.759,31.182],[73.737,31.184],[73.714,31.16],[73.7,31.156],[73.695,31.141],[73.678,31.134],[73.641,31.127],[73.636,31.119],[73.63,31.105]]]}},{"type":"Feature","properties":{"name":"Faisalabad","province":"Punjab","areaHa":596535.8,"builtupPct":9.59,"builtupGainHa":14446.6,"vegChangeHa":-15299.2,"netMgC":-378657.4,"netMgCPerHa":-0.6348},"geometry":{"type":"Polygon","coordinates":[[[73.235,31.706],[73.235,31.707],[73.213,31.715],[73.192,31.717],[73.162,31.728],[73.149,31.713],[73.133,31.711],[73.12,31.705],[73.115,31.691],[73.104,31.687],[73.09,31.675],[73.091,31.656],[73.059,31.625],[73.057,31.602],[73.049,31.594],[73.035,31.588],[73.021,31.584],[73.009,31.577],[73.004,31.561],[73.002,31.545],[72.996,31.522],[72.98,31.516],[72.951,31.514],[72.919,31.51],[72.907,31.502],[72.894,31.491],[72.883,31.49],[72.864,31.484],[72.855,31.463],[72.841,31.461],[72.832,31.449],[72.82,31.44],[72.807,31.436],[72.799,31.421],[72.781,31.4],[72.775,31.389],[72.775,31.379],[72.768,31.363],[72.755,31.355],[72.745,31.33],[72.748,31.315],[72.758,31.307],[72.755,31.297],[72.78,31.297],[72.796,31.292],[72.8,31.285],[72.805,31.265],[72.808,31.245],[72.8,31.233],[72.798,31.218],[72.793,31.205],[72.777,31.195],[72.763,31.194],[72.752,31.191],[72.745,31.183],[72.741,31.164],[72.737,31.111],[72.727,31.079],[72.727,31.068],[72.741,31.053],[72.748,31.041],[72.763,31.028],[72.762,31.011],[72.744,30.991],[72.742,30.98],[72.722,30.967],[72.714,30.958],[72.712,30.946],[72.707,30.932],[72.697,30.926],[72.682,30.921],[72.664,30.918],[72.656,30.9],[72.655,30.874],[72.666,30.856],[72.681,30.849],[72.688,30.839],[72.693,30.821],[72.692,30.809],[72.681,30.795],[72.68,30.778],[72.685,30.763],[72.709,30.753],[72.714,30.743],[72.722,30.732],[72.741,30.727],[72.747,30.708],[72.746,30.706],[72.757,30.706],[72.8,30.7],[72.848,30.709],[72.854,30.719],[72.863,30.728],[72.883,30.736],[72.89,30.758],[72.933,30.759],[72.945,30.763],[72.948,30.775],[72.966,30.782],[72.988,30.782],[72.998,30.787],[73.004,30.805],[73.026,30.809],[73.043,30.81],[73.052,30.813],[73.058,30.831],[73.08,30.832],[73.085,30.848],[73.095,30.857],[73.125,30.857],[73.14,30.859],[73.15,30.877],[73.171,30.883],[73.189,30.883],[73.206,30.882],[73.217,30.905],[73.228,30.908],[73.232,30.922],[73.242,30.932],[73.256,30.936],[73.264,30.942],[73.268,30.951],[73.28,30.96],[73.291,30.965],[73.3,30.977],[73.3,30.977],[73.291,30.994],[73.29,31.013],[73.301,31.028],[73.322,31.039],[73.322,31.054],[73.341,31.058],[73.351,31.071],[73.36,31.078],[73.37,31.08],[73.377,31.104],[73.392,31.107],[73.411,31.126],[73.451,31.137],[73.469,31.139],[73.486,31.149],[73.491,31.16],[73.501,31.173],[73.516,31.178],[73.533,31.189],[73.545,31.199],[73.581,31.211],[73.584,31.222],[73.596,31.228],[73.612,31.243],[73.61,31.27],[73.617,31.289],[73.634,31.297],[73.64,31.307],[73.643,31.319],[73.659,31.332],[73.665,31.347],[73.654,31.368],[73.642,31.383],[73.64,31.393],[73.614,31.408],[73.606,31.421],[73.571,31.426],[73.563,31.419],[73.556,31.401],[73.54,31.393],[73.482,31.391],[73.465,31.398],[73.461,31.419],[73.457,31.423],[73.439,31.427],[73.435,31.44],[73.435,31.46],[73.432,31.484],[73.413,31.5],[73.409,31.515],[73.408,31.561],[73.403,31.578],[73.386,31.588],[73.372,31.591],[73.351,31.603],[73.344,31.612],[73.328,31.618],[73.304,31.642],[73.277,31.642],[73.265,31.647],[73.261,31.661],[73.241,31.67],[73.235,31.684],[73.234,31.694],[73.235,31.706]]]}},{"type":"Feature","properties":{"name":"Lahore","province":"Punjab","areaHa":167417.8,"builtupPct":34.94,"builtupGainHa":19671.2,"vegChangeHa":-19430.1,"netMgC":-481770.2,"netMgCPerHa":-2.8777},"geometry":{"type":"Polygon","coordinates":[[[73.998,31.281],[74.01,31.281],[74.042,31.262],[74.074,31.26],[74.131,31.259],[74.15,31.25],[74.159,31.238],[74.21,31.233],[74.244,31.231],[74.268,31.235],[74.283,31.242],[74.296,31.255],[74.321,31.26],[74.344,31.26],[74.42,31.269],[74.428,31.289],[74.431,31.301],[74.447,31.31],[74.468,31.312],[74.485,31.312],[74.525,31.323],[74.526,31.364],[74.545,31.388],[74.56,31.401],[74.588,31.419],[74.605,31.464],[74.604,31.49],[74.596,31.505],[74.578,31.516],[74.572,31.535],[74.569,31.556],[74.557,31.58],[74.555,31.607],[74.549,31.639],[74.534,31.651],[74.513,31.689],[74.492,31.688],[74.464,31.676],[74.459,31.65],[74.442,31.65],[74.427,31.632],[74.402,31.639],[74.387,31.651],[74.359,31.643],[74.334,31.629],[74.268,31.617],[74.254,31.603],[74.25,31.58],[74.231,31.569],[74.224,31.548],[74.224,31.533],[74.217,31.512],[74.207,31.503],[74.196,31.499],[74.19,31.483],[74.188,31.462],[74.184,31.452],[74.17,31.449],[74.165,31.436],[74.155,31.426],[74.115,31.422],[74.103,31.406],[74.086,31.405],[74.074,31.394],[74.071,31.379],[74.064,31.359],[74.046,31.356],[74.031,31.356],[73.994,31.306],[73.998,31.281]]]}},{"type":"Feature","properties":{"name":"Hafizabad","province":"Punjab","areaHa":228008.8,"builtupPct":3.75,"builtupGainHa":2310.6,"vegChangeHa":-3860.5,"netMgC":-78092.4,"netMgCPerHa":-0.3425},"geometry":{"type":"Polygon","coordinates":[[[73.8,31.933],[73.797,31.952],[73.811,31.964],[73.817,31.991],[73.817,32.019],[73.81,32.037],[73.791,32.051],[73.792,32.095],[73.775,32.108],[73.757,32.124],[73.733,32.136],[73.731,32.179],[73.705,32.212],[73.705,32.228],[73.672,32.256],[73.676,32.298],[73.669,32.298],[73.638,32.296],[73.623,32.292],[73.617,32.285],[73.603,32.273],[73.583,32.27],[73.568,32.27],[73.559,32.252],[73.535,32.246],[73.518,32.245],[73.503,32.238],[73.501,32.226],[73.491,32.211],[73.48,32.206],[73.471,32.195],[73.466,32.18],[73.447,32.174],[73.444,32.166],[73.436,32.153],[73.416,32.147],[73.407,32.128],[73.395,32.126],[73.386,32.12],[73.383,32.11],[73.374,32.105],[73.359,32.1],[73.338,32.097],[73.329,32.095],[73.322,32.08],[73.297,32.07],[73.288,32.058],[73.277,32.053],[73.251,32.049],[73.24,32.051],[73.241,32.043],[73.232,32.03],[73.213,32.024],[73.207,32.006],[73.197,32.005],[73.182,31.995],[73.177,31.97],[73.179,31.949],[73.177,31.924],[73.172,31.91],[73.149,31.899],[73.149,31.89],[73.144,31.882],[73.134,31.879],[73.122,31.871],[73.122,31.862],[73.115,31.856],[73.12,31.85],[73.125,31.81],[73.125,31.793],[73.135,31.785],[73.149,31.777],[73.151,31.76],[73.163,31.729],[73.162,31.728],[73.192,31.717],[73.213,31.715],[73.235,31.707],[73.235,31.706],[73.267,31.712],[73.289,31.717],[73.292,31.732],[73.314,31.738],[73.338,31.739],[73.361,31.756],[73.389,31.763],[73.465,31.763],[73.483,31.769],[73.501,31.792],[73.521,31.81],[73.554,31.813],[73.564,31.83],[73.587,31.834],[73.671,31.84],[73.692,31.846],[73.702,31.855],[73.715,31.859],[73.726,31.865],[73.729,31.876],[73.734,31.883],[73.758,31.892],[73.763,31.904],[73.781,31.914],[73.79,31.922],[73.797,31.932],[73.8,31.933]]]}},{"type":"Feature","properties":{"name":"Dera Ismail Khan","province":"Khyber Pakhtunkhwa","areaHa":737649.0,"builtupPct":1.99,"builtupGainHa":4929.1,"vegChangeHa":918.0,"netMgC":943954.6,"netMgCPerHa":1.2797},"geometry":{"type":"Polygon","coordinates":[[[70.757,31.21],[70.783,31.222],[70.792,31.249],[70.803,31.261],[70.813,31.285],[70.813,31.318],[70.824,31.333],[70.857,31.351],[70.858,31.353],[70.865,31.366],[70.868,31.425],[70.859,31.444],[70.852,31.481],[70.852,31.507],[70.846,31.537],[70.845,31.577],[70.853,31.596],[70.868,31.612],[70.876,31.644],[70.893,31.655],[70.904,31.674],[70.951,31.722],[70.963,31.743],[70.973,31.765],[70.993,31.782],[71.016,31.799],[71.02,31.838],[71.019,31.88],[71.024,31.895],[71.041,31.904],[71.045,31.924],[71.044,31.956],[71.05,31.965],[71.067,31.978],[71.075,32.001],[71.074,32.038],[71.077,32.063],[71.086,32.081],[71.1,32.087],[71.15,32.101],[71.159,32.108],[71.162,32.13],[71.163,32.146],[71.165,32.163],[71.166,32.211],[71.174,32.23],[71.195,32.253],[71.214,32.269],[71.237,32.291],[71.263,32.299],[71.296,32.314],[71.308,32.34],[71.308,32.367],[71.311,32.406],[71.308,32.449],[71.305,32.463],[71.284,32.466],[71.249,32.468],[71.24,32.47],[71.235,32.455],[71.222,32.432],[71.209,32.423],[71.19,32.418],[71.157,32.418],[71.12,32.407],[71.112,32.398],[71.107,32.374],[71.094,32.368],[71.08,32.359],[71.08,32.345],[71.073,32.341],[71.063,32.34],[71.047,32.328],[71.028,32.319],[71.002,32.319],[70.99,32.313],[70.973,32.299],[70.957,32.294],[70.94,32.294],[70.924,32.282],[70.899,32.274],[70.87,32.273],[70.85,32.269],[70.843,32.255],[70.822,32.247],[70.805,32.246],[70.793,32.234],[70.779,32.225],[70.749,32.219],[70.727,32.2],[70.697,32.196],[70.678,32.191],[70.67,32.186],[70.655,32.174],[70.607,32.174],[70.589,32.168],[70.576,32.146],[70.572,32.133],[70.572,32.108],[70.562,32.097],[70.552,32.093],[70.542,32.075],[70.54,32.054],[70.535,32.034],[70.514,32.029],[70.482,32.029],[70.454,32.027],[70.419,32.027],[70.404,32.024],[70.387,32.004],[70.329,32.004],[70.286,32.018],[70.27,32.011],[70.248,32.008],[70.228,32.002],[70.225,31.983],[70.209,31.975],[70.208,31.963],[70.193,31.953],[70.179,31.935],[70.173,31.907],[70.168,31.883],[70.167,31.88],[70.174,31.779],[70.177,31.71],[70.177,31.65],[70.184,31.624],[70.202,31.613],[70.222,31.613],[70.232,31.593],[70.25,31.586],[70.257,31.541],[70.258,31.513],[70.271,31.493],[70.284,31.482],[70.286,31.47],[70.309,31.435],[70.31,31.392],[70.307,31.366],[70.31,31.339],[70.313,31.33],[70.332,31.318],[70.336,31.308],[70.336,31.268],[70.339,31.24],[70.345,31.22],[70.357,31.22],[70.367,31.2],[70.386,31.19],[70.422,31.186],[70.423,31.188],[70.434,31.203],[70.455,31.214],[70.488,31.22],[70.507,31.23],[70.516,31.243],[70.533,31.255],[70.55,31.259],[70.574,31.247],[70.589,31.243],[70.661,31.241],[70.688,31.243],[70.71,31.251],[70.726,31.246],[70.742,31.22],[70.756,31.209],[70.757,31.21]]]}},{"type":"Feature","properties":{"name":"Mohmand","province":"Federally Administered Tribal Areas","areaHa":220787.9,"builtupPct":2.04,"builtupGainHa":1961.5,"vegChangeHa":-2444.4,"netMgC":295618.2,"netMgCPerHa":1.3389},"geometry":{"type":"Polygon","coordinates":[[[71.651,34.498],[71.635,34.499],[71.551,34.499],[71.525,34.491],[71.502,34.498],[71.49,34.511],[71.485,34.529],[71.485,34.601],[71.483,34.62],[71.478,34.64],[71.459,34.649],[71.441,34.656],[71.432,34.658],[71.401,34.651],[71.371,34.64],[71.368,34.628],[71.355,34.624],[71.337,34.616],[71.322,34.605],[71.26,34.603],[71.228,34.609],[71.212,34.614],[71.207,34.628],[71.182,34.632],[71.177,34.647],[71.158,34.648],[71.148,34.663],[71.138,34.69],[71.125,34.716],[71.104,34.703],[71.087,34.675],[71.085,34.648],[71.085,34.557],[71.023,34.557],[70.974,34.555],[70.974,34.475],[70.99,34.454],[71.004,34.43],[71.066,34.37],[71.097,34.36],[71.127,34.356],[71.141,34.337],[71.143,34.282],[71.169,34.276],[71.179,34.255],[71.195,34.255],[71.225,34.241],[71.227,34.22],[71.227,34.157],[71.238,34.139],[71.266,34.133],[71.337,34.133],[71.365,34.116],[71.367,34.101],[71.373,34.088],[71.399,34.076],[71.413,34.073],[71.415,34.078],[71.425,34.094],[71.433,34.101],[71.448,34.107],[71.452,34.12],[71.463,34.13],[71.48,34.136],[71.481,34.139],[71.482,34.157],[71.488,34.172],[71.505,34.187],[71.512,34.221],[71.525,34.226],[71.537,34.24],[71.543,34.251],[71.559,34.251],[71.567,34.261],[71.568,34.278],[71.578,34.294],[71.594,34.305],[71.621,34.316],[71.627,34.327],[71.651,34.338],[71.655,34.353],[71.671,34.361],[71.68,34.381],[71.682,34.399],[71.682,34.405],[71.653,34.437],[71.647,34.449],[71.633,34.459],[71.63,34.476],[71.638,34.491],[71.651,34.498]]]}},{"type":"Feature","properties":{"name":"South Waziristan","province":"Federally Administered Tribal Areas","areaHa":625339.1,"builtupPct":0.57,"builtupGainHa":154.9,"vegChangeHa":11153.2,"netMgC":170203.7,"netMgCPerHa":0.2722},"geometry":{"type":"Polygon","coordinates":[[[70.07,31.322],[70.081,31.331],[70.083,31.353],[70.107,31.383],[70.165,31.398],[70.186,31.415],[70.214,31.428],[70.23,31.426],[70.252,31.411],[70.251,31.351],[70.254,31.237],[70.251,31.117],[70.25,31.07],[70.267,31.085],[70.29,31.094],[70.31,31.1],[70.326,31.116],[70.351,31.12],[70.4,31.12],[70.416,31.125],[70.42,31.148],[70.417,31.174],[70.422,31.186],[70.386,31.19],[70.367,31.2],[70.357,31.22],[70.345,31.22],[70.339,31.24],[70.336,31.268],[70.336,31.308],[70.332,31.318],[70.313,31.33],[70.31,31.339],[70.307,31.366],[70.31,31.392],[70.309,31.435],[70.286,31.47],[70.284,31.482],[70.271,31.493],[70.258,31.513],[70.257,31.541],[70.25,31.586],[70.232,31.593],[70.222,31.613],[70.202,31.613],[70.184,31.624],[70.177,31.65],[70.177,31.71],[70.174,31.779],[70.167,31.88],[70.168,31.883],[70.158,31.887],[70.142,31.923],[70.116,31.934],[70.096,31.936],[70.093,31.999],[70.082,32.018],[70.072,32.031],[70.063,32.064],[70.051,32.072],[70.046,32.087],[70.056,32.105],[70.076,32.108],[70.089,32.121],[70.101,32.129],[70.118,32.129],[70.124,32.143],[70.135,32.159],[70.147,32.163],[70.156,32.176],[70.174,32.181],[70.18,32.196],[70.183,32.209],[70.212,32.22],[70.245,32.22],[70.27,32.224],[70.289,32.231],[70.293,32.245],[70.314,32.249],[70.327,32.271],[70.342,32.278],[70.353,32.292],[70.366,32.297],[70.374,32.305],[70.379,32.318],[70.395,32.321],[70.404,32.336],[70.409,32.358],[70.415,32.369],[70.43,32.381],[70.435,32.392],[70.436,32.408],[70.447,32.425],[70.466,32.434],[70.49,32.434],[70.51,32.422],[70.532,32.399],[70.553,32.397],[70.57,32.399],[70.578,32.414],[70.578,32.424],[70.578,32.428],[70.572,32.45],[70.556,32.467],[70.552,32.481],[70.536,32.495],[70.519,32.496],[70.503,32.499],[70.495,32.518],[70.474,32.52],[70.46,32.553],[70.438,32.566],[70.422,32.571],[70.411,32.587],[70.41,32.604],[70.406,32.614],[70.393,32.621],[70.388,32.633],[70.388,32.643],[70.388,32.646],[70.384,32.66],[70.356,32.671],[70.355,32.687],[70.355,32.695],[70.318,32.688],[70.302,32.678],[70.29,32.665],[70.278,32.659],[70.263,32.645],[70.247,32.641],[70.217,32.64],[70.204,32.635],[70.191,32.625],[70.176,32.62],[70.136,32.618],[70.103,32.619],[70.079,32.616],[70.072,32.602],[70.058,32.598],[70.042,32.597],[69.993,32.577],[69.97,32.57],[69.93,32.572],[69.901,32.575],[69.875,32.597],[69.843,32.605],[69.812,32.604],[69.766,32.6],[69.678,32.6],[69.655,32.597],[69.632,32.581],[69.623,32.563],[69.626,32.543],[69.621,32.527],[69.617,32.522],[69.58,32.501],[69.517,32.501],[69.475,32.531],[69.469,32.543],[69.332,32.465],[69.268,32.423],[69.252,32.388],[69.252,32.3],[69.247,32.216],[69.247,32.142],[69.252,32.09],[69.266,32.058],[69.287,32.026],[69.301,31.97],[69.306,31.927],[69.318,31.925],[69.341,31.913],[69.354,31.88],[69.381,31.859],[69.418,31.858],[69.528,31.859],[69.578,31.863],[69.588,31.881],[69.626,31.882],[69.641,31.902],[69.673,31.922],[69.675,31.95],[69.682,31.975],[69.699,31.986],[69.731,31.985],[69.773,31.99],[69.787,32.004],[69.812,32.009],[69.846,31.999],[69.87,31.984],[69.867,31.962],[69.852,31.947],[69.844,31.935],[69.844,31.916],[69.862,31.909],[69.886,31.909],[69.9,31.904],[69.901,31.866],[69.907,31.814],[69.923,31.808],[69.951,31.808],[69.985,31.794],[69.983,31.764],[69.966,31.741],[69.95,31.732],[69.945,31.709],[69.944,31.678],[69.948,31.637],[69.965,31.618],[69.977,31.598],[69.977,31.557],[69.974,31.512],[69.957,31.503],[69.947,31.485],[69.95,31.463],[69.959,31.45],[69.977,31.438],[70.004,31.438],[70.028,31.429],[70.033,31.4],[70.033,31.349],[70.042,31.331],[70.054,31.316],[70.068,31.32],[70.07,31.322]]]}},{"type":"Feature","properties":{"name":"North Waziristan","province":"Federally Administered Tribal Areas","areaHa":491564.8,"builtupPct":0.83,"builtupGainHa":1266.7,"vegChangeHa":-223.0,"netMgC":-1017837.7,"netMgCPerHa":-2.0706},"geometry":{"type":"Polygon","coordinates":[[[70.355,32.695],[70.355,32.703],[70.367,32.717],[70.382,32.723],[70.394,32.738],[70.411,32.745],[70.413,32.758],[70.421,32.768],[70.433,32.77],[70.441,32.781],[70.444,32.829],[70.464,32.843],[70.467,32.857],[70.469,32.873],[70.48,32.894],[70.49,32.898],[70.498,32.912],[70.501,32.93],[70.508,32.941],[70.528,32.952],[70.559,32.946],[70.591,32.944],[70.645,32.949],[70.677,32.96],[70.688,32.973],[70.721,32.979],[70.734,32.988],[70.745,33.003],[70.769,33.006],[70.769,33.007],[70.795,33.031],[70.807,33.035],[70.812,33.05],[70.825,33.052],[70.847,33.063],[70.86,33.076],[70.86,33.101],[70.847,33.117],[70.827,33.129],[70.813,33.131],[70.796,33.147],[70.777,33.152],[70.758,33.152],[70.753,33.152],[70.7,33.154],[70.678,33.158],[70.664,33.168],[70.648,33.176],[70.632,33.176],[70.605,33.184],[70.592,33.201],[70.566,33.206],[70.559,33.229],[70.56,33.247],[70.546,33.257],[70.537,33.262],[70.532,33.273],[70.515,33.279],[70.507,33.29],[70.491,33.285],[70.471,33.278],[70.444,33.278],[70.412,33.28],[70.388,33.286],[70.379,33.301],[70.355,33.301],[70.333,33.286],[70.292,33.286],[70.275,33.291],[70.253,33.271],[70.189,33.233],[70.088,33.178],[70.031,33.138],[70.0,33.125],[69.941,33.103],[69.894,33.089],[69.823,33.087],[69.781,33.091],[69.691,33.105],[69.66,33.113],[69.625,33.119],[69.587,33.109],[69.549,33.091],[69.516,33.073],[69.49,33.041],[69.478,33.014],[69.478,32.99],[69.49,32.964],[69.504,32.95],[69.549,32.94],[69.625,32.94],[69.637,32.925],[69.634,32.8],[69.608,32.792],[69.58,32.786],[69.547,32.774],[69.526,32.752],[69.507,32.722],[69.509,32.674],[69.523,32.641],[69.523,32.591],[69.507,32.563],[69.469,32.543],[69.475,32.531],[69.517,32.501],[69.58,32.501],[69.617,32.522],[69.621,32.527],[69.626,32.543],[69.623,32.563],[69.632,32.581],[69.655,32.597],[69.678,32.6],[69.766,32.6],[69.812,32.604],[69.843,32.605],[69.875,32.597],[69.901,32.575],[69.93,32.572],[69.97,32.57],[69.993,32.577],[70.042,32.597],[70.058,32.598],[70.072,32.602],[70.079,32.616],[70.103,32.619],[70.136,32.618],[70.176,32.62],[70.191,32.625],[70.204,32.635],[70.217,32.64],[70.247,32.641],[70.263,32.645],[70.278,32.659],[70.29,32.665],[70.302,32.678],[70.318,32.688],[70.355,32.695]]]}},{"type":"Feature","properties":{"name":"Kurram","province":"Federally Administered Tribal Areas","areaHa":338809.1,"builtupPct":1.22,"builtupGainHa":627.3,"vegChangeHa":8598.6,"netMgC":2013540.1,"netMgCPerHa":5.943},"geometry":{"type":"Polygon","coordinates":[[[70.507,33.29],[70.505,33.293],[70.505,33.324],[70.528,33.329],[70.574,33.329],[70.601,33.335],[70.613,33.344],[70.618,33.357],[70.621,33.379],[70.639,33.392],[70.659,33.389],[70.686,33.384],[70.702,33.394],[70.709,33.411],[70.718,33.416],[70.731,33.43],[70.731,33.454],[70.742,33.471],[70.76,33.474],[70.762,33.488],[70.781,33.497],[70.777,33.504],[70.763,33.517],[70.722,33.522],[70.709,33.528],[70.708,33.545],[70.698,33.553],[70.682,33.558],[70.676,33.573],[70.641,33.577],[70.627,33.588],[70.621,33.604],[70.605,33.615],[70.597,33.626],[70.596,33.637],[70.588,33.651],[70.572,33.662],[70.571,33.69],[70.566,33.72],[70.563,33.723],[70.555,33.728],[70.548,33.742],[70.532,33.749],[70.515,33.752],[70.51,33.766],[70.503,33.776],[70.49,33.778],[70.486,33.782],[70.486,33.791],[70.475,33.8],[70.463,33.802],[70.459,33.815],[70.459,33.829],[70.455,33.843],[70.437,33.85],[70.43,33.89],[70.431,33.913],[70.41,33.926],[70.407,33.935],[70.409,33.946],[70.369,33.95],[70.338,33.969],[70.293,33.969],[70.239,33.985],[70.17,34.008],[70.135,34.022],[70.097,34.04],[70.036,34.051],[69.981,34.057],[69.941,34.055],[69.92,34.036],[69.889,34.012],[69.873,33.993],[69.868,33.897],[69.892,33.854],[69.93,33.795],[69.948,33.773],[69.977,33.744],[70.022,33.724],[70.055,33.722],[70.093,33.722],[70.121,33.71],[70.121,33.683],[70.135,33.647],[70.147,33.632],[70.168,33.62],[70.17,33.6],[70.166,33.578],[70.149,33.561],[70.144,33.537],[70.144,33.515],[70.149,33.506],[70.192,33.458],[70.225,33.435],[70.272,33.409],[70.286,33.366],[70.298,33.342],[70.286,33.306],[70.275,33.291],[70.292,33.286],[70.333,33.286],[70.355,33.301],[70.379,33.301],[70.388,33.286],[70.412,33.28],[70.444,33.278],[70.471,33.278],[70.491,33.285],[70.507,33.29]]]}},{"type":"Feature","properties":{"name":"Orakzai","province":"Federally Administered Tribal Areas","areaHa":137296.7,"builtupPct":0.07,"builtupGainHa":-63.1,"vegChangeHa":1619.5,"netMgC":1936837.2,"netMgCPerHa":14.1069},"geometry":{"type":"Polygon","coordinates":[[[70.781,33.497],[70.789,33.5],[70.81,33.504],[70.85,33.5],[70.915,33.5],[70.929,33.495],[70.936,33.477],[70.946,33.473],[70.963,33.468],[71.008,33.467],[71.028,33.47],[71.049,33.484],[71.056,33.494],[71.074,33.499],[71.073,33.511],[71.091,33.518],[71.1,33.528],[71.102,33.529],[71.101,33.548],[71.116,33.567],[71.152,33.57],[71.167,33.585],[71.168,33.602],[71.158,33.622],[71.158,33.637],[71.176,33.65],[71.202,33.648],[71.219,33.642],[71.233,33.642],[71.243,33.632],[71.247,33.622],[71.261,33.619],[71.282,33.593],[71.309,33.593],[71.328,33.571],[71.368,33.57],[71.383,33.573],[71.394,33.586],[71.414,33.592],[71.475,33.59],[71.494,33.585],[71.547,33.58],[71.575,33.574],[71.588,33.566],[71.587,33.554],[71.582,33.549],[71.575,33.513],[71.58,33.499],[71.595,33.487],[71.633,33.48],[71.68,33.484],[71.703,33.498],[71.714,33.511],[71.742,33.519],[71.747,33.527],[71.766,33.541],[71.802,33.541],[71.819,33.55],[71.834,33.568],[71.819,33.582],[71.802,33.592],[71.79,33.607],[71.797,33.628],[71.809,33.639],[71.809,33.639],[71.812,33.657],[71.826,33.664],[71.836,33.672],[71.849,33.7],[71.85,33.717],[71.842,33.733],[71.818,33.736],[71.8,33.736],[71.782,33.746],[71.772,33.758],[71.754,33.761],[71.752,33.761],[71.732,33.76],[71.722,33.743],[71.698,33.736],[71.697,33.727],[71.691,33.716],[71.686,33.715],[71.675,33.707],[71.667,33.691],[71.652,33.689],[71.643,33.684],[71.635,33.667],[71.604,33.659],[71.567,33.659],[71.54,33.669],[71.528,33.685],[71.527,33.69],[71.489,33.69],[71.466,33.692],[71.449,33.697],[71.431,33.709],[71.32,33.706],[71.262,33.717],[71.249,33.723],[71.247,33.735],[71.218,33.746],[71.216,33.759],[71.204,33.766],[71.168,33.773],[71.165,33.786],[71.157,33.794],[71.146,33.801],[71.143,33.813],[71.121,33.817],[71.108,33.822],[71.105,33.835],[71.093,33.837],[71.075,33.825],[71.049,33.81],[71.046,33.799],[71.029,33.791],[71.019,33.788],[70.995,33.785],[70.976,33.778],[70.963,33.765],[70.937,33.757],[70.932,33.746],[70.917,33.735],[70.894,33.721],[70.827,33.72],[70.807,33.714],[70.795,33.7],[70.782,33.7],[70.713,33.673],[70.669,33.677],[70.662,33.691],[70.644,33.696],[70.624,33.707],[70.613,33.724],[70.593,33.724],[70.563,33.723],[70.566,33.72],[70.571,33.69],[70.572,33.662],[70.588,33.651],[70.596,33.637],[70.597,33.626],[70.605,33.615],[70.621,33.604],[70.627,33.588],[70.641,33.577],[70.676,33.573],[70.682,33.558],[70.698,33.553],[70.708,33.545],[70.709,33.528],[70.722,33.522],[70.763,33.517],[70.777,33.504],[70.781,33.497]]]}},{"type":"Feature","properties":{"name":"Khyber","province":"Federally Administered Tribal Areas","areaHa":273757.2,"builtupPct":2.4,"builtupGainHa":1876.9,"vegChangeHa":-1251.4,"netMgC":1414395.4,"netMgCPerHa":5.1666},"geometry":{"type":"Polygon","coordinates":[[[71.143,34.282],[71.139,34.169],[71.123,34.153],[71.12,34.12],[71.089,34.104],[71.085,34.083],[71.063,34.051],[71.045,34.034],[70.988,34.003],[70.929,33.975],[70.884,33.957],[70.844,33.944],[70.745,33.94],[70.489,33.946],[70.409,33.946],[70.407,33.935],[70.41,33.926],[70.431,33.913],[70.43,33.89],[70.437,33.85],[70.455,33.843],[70.459,33.829],[70.459,33.815],[70.463,33.802],[70.475,33.8],[70.486,33.791],[70.486,33.782],[70.49,33.778],[70.503,33.776],[70.51,33.766],[70.515,33.752],[70.532,33.749],[70.548,33.742],[70.555,33.728],[70.563,33.723],[70.593,33.724],[70.613,33.724],[70.624,33.707],[70.644,33.696],[70.662,33.691],[70.669,33.677],[70.713,33.673],[70.782,33.7],[70.795,33.7],[70.807,33.714],[70.827,33.72],[70.894,33.721],[70.917,33.735],[70.932,33.746],[70.937,33.757],[70.963,33.765],[70.976,33.778],[70.995,33.785],[71.019,33.788],[71.029,33.791],[71.046,33.799],[71.049,33.81],[71.075,33.825],[71.093,33.837],[71.105,33.835],[71.108,33.822],[71.121,33.817],[71.143,33.813],[71.146,33.801],[71.157,33.794],[71.165,33.786],[71.168,33.773],[71.204,33.766],[71.216,33.759],[71.218,33.746],[71.247,33.735],[71.249,33.723],[71.262,33.717],[71.32,33.706],[71.431,33.709],[71.449,33.697],[71.466,33.692],[71.489,33.69],[71.527,33.69],[71.523,33.709],[71.527,33.733],[71.51,33.744],[71.502,33.752],[71.497,33.771],[71.479,33.776],[71.473,33.789],[71.473,33.81],[71.46,33.819],[71.454,33.833],[71.449,33.854],[71.436,33.866],[71.424,33.872],[71.419,33.885],[71.417,33.898],[71.41,33.905],[71.396,33.914],[71.393,33.931],[71.358,33.958],[71.362,34.059],[71.385,34.065],[71.41,34.067],[71.413,34.073],[71.399,34.076],[71.373,34.088],[71.367,34.101],[71.365,34.116],[71.337,34.133],[71.266,34.133],[71.238,34.139],[71.227,34.157],[71.227,34.22],[71.225,34.241],[71.195,34.255],[71.179,34.255],[71.169,34.276],[71.143,34.282]]]}},{"type":"Feature","properties":{"name":"Bajaur","province":"Federally Administered Tribal Areas","areaHa":136568.4,"builtupPct":1.08,"builtupGainHa":95.5,"vegChangeHa":2549.4,"netMgC":835455.6,"netMgCPerHa":6.1175},"geometry":{"type":"Polygon","coordinates":[[[71.651,34.498],[71.656,34.501],[71.657,34.523],[71.665,34.543],[71.682,34.546],[71.686,34.561],[71.694,34.573],[71.712,34.577],[71.722,34.594],[71.744,34.6],[71.746,34.605],[71.751,34.616],[71.766,34.624],[71.774,34.655],[71.773,34.68],[71.779,34.702],[71.779,34.723],[71.765,34.728],[71.735,34.724],[71.705,34.724],[71.689,34.734],[71.677,34.75],[71.666,34.753],[71.659,34.768],[71.641,34.779],[71.635,34.804],[71.632,34.823],[71.604,34.842],[71.604,34.864],[71.586,34.87],[71.584,34.885],[71.568,34.896],[71.559,34.898],[71.552,34.915],[71.53,34.918],[71.517,34.937],[71.497,34.949],[71.484,34.959],[71.482,34.953],[71.446,34.941],[71.408,34.924],[71.34,34.897],[71.312,34.873],[71.295,34.854],[71.286,34.833],[71.236,34.784],[71.193,34.751],[71.144,34.728],[71.125,34.716],[71.138,34.69],[71.148,34.663],[71.158,34.648],[71.177,34.647],[71.182,34.632],[71.207,34.628],[71.212,34.614],[71.228,34.609],[71.26,34.603],[71.322,34.605],[71.337,34.616],[71.355,34.624],[71.368,34.628],[71.371,34.64],[71.401,34.651],[71.432,34.658],[71.441,34.656],[71.459,34.649],[71.478,34.64],[71.483,34.62],[71.485,34.601],[71.485,34.529],[71.49,34.511],[71.502,34.498],[71.525,34.491],[71.551,34.499],[71.635,34.499],[71.651,34.498]]]}},{"type":"Feature","properties":{"name":"Tank","province":"Khyber Pakhtunkhwa","areaHa":167432.5,"builtupPct":2.14,"builtupGainHa":1639.4,"vegChangeHa":-2402.9,"netMgC":48083.3,"netMgCPerHa":0.2872},"geometry":{"type":"Polygon","coordinates":[[[70.67,32.186],[70.653,32.199],[70.654,32.216],[70.658,32.24],[70.663,32.258],[70.684,32.271],[70.694,32.292],[70.692,32.316],[70.67,32.319],[70.652,32.343],[70.631,32.347],[70.614,32.348],[70.603,32.368],[70.603,32.39],[70.598,32.413],[70.578,32.424],[70.578,32.414],[70.57,32.399],[70.553,32.397],[70.532,32.399],[70.51,32.422],[70.49,32.434],[70.466,32.434],[70.447,32.425],[70.436,32.408],[70.435,32.392],[70.43,32.381],[70.415,32.369],[70.409,32.358],[70.404,32.336],[70.395,32.321],[70.379,32.318],[70.374,32.305],[70.366,32.297],[70.353,32.292],[70.342,32.278],[70.327,32.271],[70.314,32.249],[70.293,32.245],[70.289,32.231],[70.27,32.224],[70.245,32.22],[70.212,32.22],[70.183,32.209],[70.18,32.196],[70.174,32.181],[70.156,32.176],[70.147,32.163],[70.135,32.159],[70.124,32.143],[70.118,32.129],[70.101,32.129],[70.089,32.121],[70.076,32.108],[70.056,32.105],[70.046,32.087],[70.051,32.072],[70.063,32.064],[70.072,32.031],[70.082,32.018],[70.093,31.999],[70.096,31.936],[70.116,31.934],[70.142,31.923],[70.158,31.887],[70.168,31.883],[70.173,31.907],[70.179,31.935],[70.193,31.953],[70.208,31.963],[70.209,31.975],[70.225,31.983],[70.228,32.002],[70.248,32.008],[70.27,32.011],[70.286,32.018],[70.329,32.004],[70.387,32.004],[70.404,32.024],[70.419,32.027],[70.454,32.027],[70.482,32.029],[70.514,32.029],[70.535,32.034],[70.54,32.054],[70.542,32.075],[70.552,32.093],[70.562,32.097],[70.572,32.108],[70.572,32.133],[70.576,32.146],[70.589,32.168],[70.607,32.174],[70.655,32.174],[70.67,32.186]]]}},{"type":"Feature","properties":{"name":"Bannu","province":"Khyber Pakhtunkhwa","areaHa":118447.8,"builtupPct":9.11,"builtupGainHa":4376.7,"vegChangeHa":-4971.8,"netMgC":-74523.7,"netMgCPerHa":-0.6292},"geometry":{"type":"Polygon","coordinates":[[[70.388,32.643],[70.461,32.641],[70.47,32.658],[70.489,32.669],[70.504,32.669],[70.519,32.689],[70.53,32.713],[70.545,32.714],[70.556,32.736],[70.577,32.74],[70.628,32.74],[70.644,32.746],[70.659,32.755],[70.679,32.756],[70.692,32.746],[70.696,32.734],[70.708,32.719],[70.733,32.718],[70.751,32.721],[70.771,32.73],[70.775,32.746],[70.782,32.761],[70.8,32.763],[70.805,32.775],[70.815,32.786],[70.893,32.789],[70.9,32.804],[70.925,32.811],[70.927,32.811],[70.945,32.826],[70.947,32.866],[70.92,32.885],[70.914,32.909],[70.895,32.925],[70.894,32.932],[70.874,32.938],[70.864,32.953],[70.847,32.956],[70.821,32.956],[70.808,32.982],[70.781,32.991],[70.769,33.006],[70.745,33.003],[70.734,32.988],[70.721,32.979],[70.688,32.973],[70.677,32.96],[70.645,32.949],[70.591,32.944],[70.559,32.946],[70.528,32.952],[70.508,32.941],[70.501,32.93],[70.498,32.912],[70.49,32.898],[70.48,32.894],[70.469,32.873],[70.467,32.857],[70.464,32.843],[70.444,32.829],[70.441,32.781],[70.433,32.77],[70.421,32.768],[70.413,32.758],[70.411,32.745],[70.394,32.738],[70.382,32.723],[70.367,32.717],[70.355,32.703],[70.355,32.695],[70.355,32.687],[70.356,32.671],[70.384,32.66],[70.388,32.646],[70.388,32.643]]]}},{"type":"Feature","properties":{"name":"Lakki Marwat","province":"Khyber Pakhtunkhwa","areaHa":318400.7,"builtupPct":1.76,"builtupGainHa":3211.8,"vegChangeHa":-3418.1,"netMgC":17722.1,"netMgCPerHa":0.0557},"geometry":{"type":"Polygon","coordinates":[[[71.117,32.739],[71.077,32.736],[71.019,32.735],[71.007,32.742],[71.004,32.754],[70.992,32.762],[70.975,32.762],[70.957,32.765],[70.945,32.784],[70.93,32.792],[70.93,32.801],[70.925,32.811],[70.9,32.804],[70.893,32.789],[70.815,32.786],[70.805,32.775],[70.8,32.763],[70.782,32.761],[70.775,32.746],[70.771,32.73],[70.751,32.721],[70.733,32.718],[70.708,32.719],[70.696,32.734],[70.692,32.746],[70.679,32.756],[70.659,32.755],[70.644,32.746],[70.628,32.74],[70.577,32.74],[70.556,32.736],[70.545,32.714],[70.53,32.713],[70.519,32.689],[70.504,32.669],[70.489,32.669],[70.47,32.658],[70.461,32.641],[70.388,32.643],[70.388,32.633],[70.393,32.621],[70.406,32.614],[70.41,32.604],[70.411,32.587],[70.422,32.571],[70.438,32.566],[70.46,32.553],[70.474,32.52],[70.495,32.518],[70.503,32.499],[70.519,32.496],[70.536,32.495],[70.552,32.481],[70.556,32.467],[70.572,32.45],[70.578,32.428],[70.578,32.424],[70.598,32.413],[70.603,32.39],[70.603,32.368],[70.614,32.348],[70.631,32.347],[70.652,32.343],[70.67,32.319],[70.692,32.316],[70.694,32.292],[70.684,32.271],[70.663,32.258],[70.658,32.24],[70.654,32.216],[70.653,32.199],[70.67,32.186],[70.678,32.191],[70.697,32.196],[70.727,32.2],[70.749,32.219],[70.779,32.225],[70.793,32.234],[70.805,32.246],[70.822,32.247],[70.843,32.255],[70.85,32.269],[70.87,32.273],[70.899,32.274],[70.924,32.282],[70.94,32.294],[70.957,32.294],[70.973,32.299],[70.99,32.313],[71.002,32.319],[71.028,32.319],[71.047,32.328],[71.063,32.34],[71.073,32.341],[71.08,32.345],[71.08,32.359],[71.094,32.368],[71.107,32.374],[71.112,32.398],[71.12,32.407],[71.157,32.418],[71.19,32.418],[71.209,32.423],[71.222,32.432],[71.235,32.455],[71.24,32.47],[71.234,32.471],[71.23,32.484],[71.223,32.535],[71.207,32.539],[71.17,32.54],[71.154,32.547],[71.144,32.556],[71.137,32.579],[71.136,32.596],[71.119,32.626],[71.115,32.646],[71.117,32.714],[71.117,32.739]]]}},{"type":"Feature","properties":{"name":"Hangu","province":"Khyber Pakhtunkhwa","areaHa":137823.5,"builtupPct":1.36,"builtupGainHa":-542.8,"vegChangeHa":8953.6,"netMgC":883710.2,"netMgCPerHa":6.4119},"geometry":{"type":"Polygon","coordinates":[[[70.758,33.152],[70.756,33.168],[70.757,33.21],[70.761,33.234],[70.779,33.249],[70.809,33.251],[70.825,33.243],[70.84,33.231],[70.857,33.231],[70.877,33.237],[70.895,33.247],[70.906,33.262],[70.918,33.276],[70.93,33.277],[70.937,33.29],[70.958,33.299],[71.046,33.298],[71.075,33.307],[71.079,33.312],[71.087,33.322],[71.107,33.328],[71.124,33.342],[71.132,33.398],[71.147,33.4],[71.161,33.425],[71.183,33.429],[71.189,33.441],[71.209,33.446],[71.217,33.473],[71.221,33.495],[71.211,33.516],[71.186,33.52],[71.165,33.52],[71.138,33.524],[71.115,33.524],[71.1,33.528],[71.091,33.518],[71.073,33.511],[71.074,33.499],[71.056,33.494],[71.049,33.484],[71.028,33.47],[71.008,33.467],[70.963,33.468],[70.946,33.473],[70.936,33.477],[70.929,33.495],[70.915,33.5],[70.85,33.5],[70.81,33.504],[70.789,33.5],[70.781,33.497],[70.762,33.488],[70.76,33.474],[70.742,33.471],[70.731,33.454],[70.731,33.43],[70.718,33.416],[70.709,33.411],[70.702,33.394],[70.686,33.384],[70.659,33.389],[70.639,33.392],[70.621,33.379],[70.618,33.357],[70.613,33.344],[70.601,33.335],[70.574,33.329],[70.528,33.329],[70.505,33.324],[70.505,33.293],[70.507,33.29],[70.515,33.279],[70.532,33.273],[70.537,33.262],[70.546,33.257],[70.56,33.247],[70.559,33.229],[70.566,33.206],[70.592,33.201],[70.605,33.184],[70.632,33.176],[70.648,33.176],[70.664,33.168],[70.678,33.158],[70.7,33.154],[70.753,33.152],[70.758,33.152]]]}},{"type":"Feature","properties":{"name":"Karak","province":"Khyber Pakhtunkhwa","areaHa":265742.8,"builtupPct":2.28,"builtupGainHa":2412.7,"vegChangeHa":242.5,"netMgC":601332.6,"netMgCPerHa":2.2628},"geometry":{"type":"Polygon","coordinates":[[[71.431,33.174],[71.431,33.181],[71.437,33.197],[71.433,33.215],[71.426,33.226],[71.414,33.226],[71.39,33.231],[71.381,33.237],[71.37,33.243],[71.35,33.245],[71.324,33.25],[71.32,33.273],[71.314,33.29],[71.299,33.298],[71.274,33.299],[71.235,33.305],[71.219,33.312],[71.191,33.318],[71.168,33.307],[71.142,33.3],[71.126,33.3],[71.09,33.307],[71.079,33.312],[71.075,33.307],[71.046,33.298],[70.958,33.299],[70.937,33.29],[70.93,33.277],[70.918,33.276],[70.906,33.262],[70.895,33.247],[70.877,33.237],[70.857,33.231],[70.84,33.231],[70.825,33.243],[70.809,33.251],[70.779,33.249],[70.761,33.234],[70.757,33.21],[70.756,33.168],[70.758,33.152],[70.777,33.152],[70.796,33.147],[70.813,33.131],[70.827,33.129],[70.847,33.117],[70.86,33.101],[70.86,33.076],[70.847,33.063],[70.825,33.052],[70.812,33.05],[70.807,33.035],[70.795,33.031],[70.769,33.007],[70.769,33.006],[70.781,32.991],[70.808,32.982],[70.821,32.956],[70.847,32.956],[70.864,32.953],[70.874,32.938],[70.894,32.932],[70.895,32.925],[70.914,32.909],[70.92,32.885],[70.947,32.866],[70.945,32.826],[70.927,32.811],[70.925,32.811],[70.93,32.801],[70.93,32.792],[70.945,32.784],[70.957,32.765],[70.975,32.762],[70.992,32.762],[71.004,32.754],[71.007,32.742],[71.019,32.735],[71.077,32.736],[71.117,32.739],[71.117,32.774],[71.124,32.85],[71.143,32.874],[71.166,32.896],[71.208,32.926],[71.288,32.939],[71.31,32.948],[71.333,32.954],[71.374,32.956],[71.432,32.957],[71.445,32.963],[71.459,32.976],[71.461,33.0],[71.452,33.005],[71.439,33.005],[71.427,33.018],[71.43,33.038],[71.428,33.1],[71.419,33.12],[71.41,33.133],[71.41,33.157],[71.418,33.17],[71.431,33.174]]]}},{"type":"Feature","properties":{"name":"Kohat","province":"Khyber Pakhtunkhwa","areaHa":297395.9,"builtupPct":3.9,"builtupGainHa":1250.8,"vegChangeHa":13940.8,"netMgC":1250683.5,"netMgCPerHa":4.2055},"geometry":{"type":"Polygon","coordinates":[[[71.655,33.056],[71.672,33.056],[71.693,33.063],[71.707,33.072],[71.723,33.094],[71.739,33.103],[71.747,33.13],[71.745,33.172],[71.734,33.191],[71.71,33.202],[71.697,33.217],[71.69,33.24],[71.695,33.257],[71.718,33.275],[71.719,33.317],[71.734,33.32],[71.747,33.334],[71.762,33.345],[71.781,33.351],[71.806,33.366],[71.822,33.369],[71.842,33.368],[71.859,33.378],[71.87,33.392],[71.894,33.407],[71.906,33.429],[71.918,33.446],[71.936,33.45],[71.943,33.458],[71.947,33.554],[71.95,33.575],[71.965,33.587],[71.972,33.601],[71.979,33.621],[72.003,33.651],[72.009,33.67],[72.023,33.695],[72.023,33.695],[72.018,33.695],[71.99,33.688],[71.956,33.689],[71.928,33.687],[71.92,33.674],[71.909,33.663],[71.875,33.654],[71.86,33.644],[71.833,33.639],[71.809,33.639],[71.809,33.639],[71.797,33.628],[71.79,33.607],[71.802,33.592],[71.819,33.582],[71.834,33.568],[71.819,33.55],[71.802,33.541],[71.766,33.541],[71.747,33.527],[71.742,33.519],[71.714,33.511],[71.703,33.498],[71.68,33.484],[71.633,33.48],[71.595,33.487],[71.58,33.499],[71.575,33.513],[71.582,33.549],[71.587,33.554],[71.588,33.566],[71.575,33.574],[71.547,33.58],[71.494,33.585],[71.475,33.59],[71.414,33.592],[71.394,33.586],[71.383,33.573],[71.368,33.57],[71.328,33.571],[71.309,33.593],[71.282,33.593],[71.261,33.619],[71.247,33.622],[71.243,33.632],[71.233,33.642],[71.219,33.642],[71.202,33.648],[71.176,33.65],[71.158,33.637],[71.158,33.622],[71.168,33.602],[71.167,33.585],[71.152,33.57],[71.116,33.567],[71.101,33.548],[71.102,33.529],[71.1,33.528],[71.115,33.524],[71.138,33.524],[71.165,33.52],[71.186,33.52],[71.211,33.516],[71.221,33.495],[71.217,33.473],[71.209,33.446],[71.189,33.441],[71.183,33.429],[71.161,33.425],[71.147,33.4],[71.132,33.398],[71.124,33.342],[71.107,33.328],[71.087,33.322],[71.079,33.312],[71.09,33.307],[71.126,33.3],[71.142,33.3],[71.168,33.307],[71.191,33.318],[71.219,33.312],[71.235,33.305],[71.274,33.299],[71.299,33.298],[71.314,33.29],[71.32,33.273],[71.324,33.25],[71.35,33.245],[71.37,33.243],[71.381,33.237],[71.39,33.231],[71.414,33.226],[71.426,33.226],[71.433,33.215],[71.437,33.197],[71.431,33.181],[71.431,33.174],[71.432,33.174],[71.458,33.172],[71.471,33.158],[71.485,33.149],[71.501,33.151],[71.513,33.163],[71.529,33.17],[71.547,33.171],[71.571,33.168],[71.581,33.158],[71.589,33.146],[71.609,33.091],[71.621,33.072],[71.632,33.061],[71.649,33.056],[71.655,33.056]]]}},{"type":"Feature","properties":{"name":"Peshawar","province":"Khyber Pakhtunkhwa","areaHa":128638.0,"builtupPct":26.98,"builtupGainHa":9564.5,"vegChangeHa":-9943.7,"netMgC":-181805.7,"netMgCPerHa":-1.4133},"geometry":{"type":"Polygon","coordinates":[[[71.413,34.073],[71.41,34.067],[71.385,34.065],[71.362,34.059],[71.358,33.958],[71.393,33.931],[71.396,33.914],[71.41,33.905],[71.417,33.898],[71.419,33.885],[71.424,33.872],[71.436,33.866],[71.449,33.854],[71.454,33.833],[71.46,33.819],[71.473,33.81],[71.473,33.789],[71.479,33.776],[71.497,33.771],[71.502,33.752],[71.51,33.744],[71.527,33.733],[71.523,33.709],[71.527,33.69],[71.528,33.685],[71.54,33.669],[71.567,33.659],[71.604,33.659],[71.635,33.667],[71.643,33.684],[71.652,33.689],[71.667,33.691],[71.675,33.707],[71.686,33.715],[71.691,33.716],[71.697,33.727],[71.698,33.736],[71.722,33.743],[71.732,33.76],[71.752,33.761],[71.747,33.78],[71.73,33.793],[71.714,33.818],[71.709,33.836],[71.727,33.852],[71.748,33.859],[71.76,33.875],[71.76,33.897],[71.754,33.924],[71.739,33.932],[71.721,33.959],[71.698,33.967],[71.704,34.009],[71.7,34.047],[71.7,34.048],[71.7,34.058],[71.677,34.076],[71.665,34.078],[71.602,34.085],[71.592,34.091],[71.593,34.102],[71.57,34.109],[71.559,34.123],[71.547,34.132],[71.524,34.135],[71.499,34.135],[71.481,34.139],[71.48,34.136],[71.463,34.13],[71.452,34.12],[71.448,34.107],[71.433,34.101],[71.425,34.094],[71.415,34.078],[71.413,34.073]]]}},{"type":"Feature","properties":{"name":"Charsadda","province":"Khyber Pakhtunkhwa","areaHa":98473.1,"builtupPct":12.14,"builtupGainHa":2083.5,"vegChangeHa":-1453.7,"netMgC":323325.7,"netMgCPerHa":3.2834},"geometry":{"type":"Polygon","coordinates":[[[71.481,34.139],[71.499,34.135],[71.524,34.135],[71.547,34.132],[71.559,34.123],[71.57,34.109],[71.593,34.102],[71.592,34.091],[71.602,34.085],[71.665,34.078],[71.677,34.076],[71.7,34.058],[71.7,34.048],[71.719,34.052],[71.776,34.053],[71.788,34.045],[71.795,34.029],[71.805,34.029],[71.815,34.022],[71.816,34.011],[71.823,34.001],[71.846,33.997],[71.873,34.01],[71.877,34.031],[71.884,34.047],[71.896,34.051],[71.903,34.075],[71.907,34.108],[71.907,34.109],[71.908,34.149],[71.901,34.171],[71.88,34.185],[71.878,34.2],[71.861,34.211],[71.851,34.231],[71.82,34.249],[71.824,34.272],[71.838,34.294],[71.849,34.304],[71.846,34.321],[71.843,34.322],[71.83,34.326],[71.824,34.34],[71.809,34.348],[71.795,34.351],[71.792,34.369],[71.774,34.377],[71.76,34.377],[71.746,34.394],[71.708,34.399],[71.682,34.399],[71.68,34.381],[71.671,34.361],[71.655,34.353],[71.651,34.338],[71.627,34.327],[71.621,34.316],[71.594,34.305],[71.578,34.294],[71.568,34.278],[71.567,34.261],[71.559,34.251],[71.543,34.251],[71.537,34.24],[71.525,34.226],[71.512,34.221],[71.505,34.187],[71.488,34.172],[71.482,34.157],[71.481,34.139]]]}},{"type":"Feature","properties":{"name":"Nowshera","province":"Khyber Pakhtunkhwa","areaHa":172895.1,"builtupPct":9.56,"builtupGainHa":5279.5,"vegChangeHa":-1643.5,"netMgC":637999.9,"netMgCPerHa":3.6901},"geometry":{"type":"Polygon","coordinates":[[[72.276,33.894],[72.252,33.899],[72.221,33.908],[72.211,33.925],[72.211,33.944],[72.241,33.979],[72.245,34.009],[72.247,34.052],[72.241,34.077],[72.206,34.084],[72.182,34.084],[72.18,34.084],[72.163,34.08],[72.148,34.054],[72.125,34.052],[72.102,34.053],[72.073,34.058],[72.051,34.073],[72.025,34.08],[72.015,34.101],[72.0,34.103],[71.967,34.106],[71.921,34.106],[71.907,34.108],[71.903,34.075],[71.896,34.051],[71.884,34.047],[71.877,34.031],[71.873,34.01],[71.846,33.997],[71.823,34.001],[71.816,34.011],[71.815,34.022],[71.805,34.029],[71.795,34.029],[71.788,34.045],[71.776,34.053],[71.719,34.052],[71.7,34.048],[71.7,34.047],[71.704,34.009],[71.698,33.967],[71.721,33.959],[71.739,33.932],[71.754,33.924],[71.76,33.897],[71.76,33.875],[71.748,33.859],[71.727,33.852],[71.709,33.836],[71.714,33.818],[71.73,33.793],[71.747,33.78],[71.752,33.761],[71.754,33.761],[71.772,33.758],[71.782,33.746],[71.8,33.736],[71.818,33.736],[71.842,33.733],[71.85,33.717],[71.849,33.7],[71.836,33.672],[71.826,33.664],[71.812,33.657],[71.809,33.639],[71.833,33.639],[71.86,33.644],[71.875,33.654],[71.909,33.663],[71.92,33.674],[71.928,33.687],[71.956,33.689],[71.99,33.688],[72.018,33.695],[72.023,33.695],[72.04,33.704],[72.067,33.727],[72.086,33.736],[72.195,33.737],[72.208,33.744],[72.215,33.753],[72.226,33.756],[72.236,33.771],[72.237,33.794],[72.236,33.838],[72.241,33.869],[72.252,33.876],[72.264,33.882],[72.274,33.89],[72.276,33.894]]]}},{"type":"Feature","properties":{"name":"Chitral","province":"Khyber Pakhtunkhwa","areaHa":1451999.5,"builtupPct":0.19,"builtupGainHa":-168.9,"vegChangeHa":-16253.3,"netMgC":-722714.3,"netMgCPerHa":-0.4977},"geometry":{"type":"Polygon","coordinates":[[[72.567,35.85],[72.56,35.857],[72.54,35.874],[72.54,35.936],[72.549,35.951],[72.557,35.97],[72.559,35.994],[72.548,36.016],[72.543,36.036],[72.542,36.063],[72.546,36.154],[72.554,36.17],[72.567,36.19],[72.594,36.224],[72.628,36.234],[72.652,36.249],[72.668,36.252],[72.696,36.254],[72.709,36.258],[72.723,36.273],[72.739,36.278],[72.754,36.279],[72.764,36.287],[72.773,36.299],[72.798,36.304],[72.811,36.305],[72.829,36.32],[72.85,36.329],[72.879,36.355],[72.894,36.372],[72.898,36.404],[72.902,36.418],[72.915,36.429],[72.94,36.438],[72.96,36.442],[72.986,36.456],[72.993,36.464],[73.006,36.467],[73.023,36.492],[73.033,36.493],[73.047,36.509],[73.054,36.515],[73.066,36.521],[73.073,36.535],[73.098,36.558],[73.101,36.584],[73.098,36.604],[73.105,36.63],[73.115,36.645],[73.133,36.656],[73.168,36.662],[73.214,36.683],[73.256,36.682],[73.286,36.686],[73.317,36.703],[73.355,36.706],[73.4,36.703],[73.472,36.701],[73.5,36.697],[73.512,36.69],[73.527,36.679],[73.548,36.659],[73.566,36.652],[73.703,36.649],[73.807,36.651],[73.838,36.661],[73.857,36.67],[73.875,36.673],[73.891,36.685],[73.9,36.703],[73.897,36.727],[73.874,36.752],[73.858,36.765],[73.823,36.786],[73.799,36.79],[73.772,36.8],[73.745,36.805],[73.724,36.815],[73.715,36.83],[73.702,36.858],[73.695,36.855],[73.66,36.854],[73.396,36.855],[73.349,36.85],[73.311,36.843],[73.256,36.842],[73.191,36.837],[73.08,36.838],[73.033,36.841],[72.99,36.83],[72.96,36.815],[72.901,36.815],[72.764,36.822],[72.673,36.82],[72.623,36.814],[72.594,36.798],[72.553,36.779],[72.523,36.77],[72.481,36.766],[72.451,36.764],[72.398,36.744],[72.366,36.734],[72.274,36.729],[72.237,36.718],[72.213,36.703],[72.2,36.677],[72.186,36.644],[72.169,36.625],[72.119,36.593],[72.053,36.557],[72.016,36.542],[71.94,36.5],[71.881,36.474],[71.85,36.451],[71.834,36.436],[71.808,36.421],[71.779,36.419],[71.749,36.421],[71.739,36.443],[71.713,36.459],[71.673,36.459],[71.647,36.457],[71.642,36.428],[71.633,36.388],[71.616,36.362],[71.612,36.337],[71.512,36.287],[71.465,36.257],[71.432,36.23],[71.286,36.141],[71.21,36.068],[71.189,36.032],[71.203,36.019],[71.241,35.996],[71.267,35.986],[71.314,35.963],[71.361,35.932],[71.404,35.902],[71.472,35.835],[71.503,35.768],[71.538,35.72],[71.543,35.693],[71.51,35.637],[71.508,35.614],[71.517,35.597],[71.583,35.568],[71.597,35.545],[71.593,35.501],[71.64,35.464],[71.649,35.434],[71.642,35.395],[71.616,35.378],[71.595,35.358],[71.569,35.347],[71.548,35.32],[71.529,35.291],[71.536,35.266],[71.548,35.25],[71.574,35.241],[71.597,35.225],[71.609,35.202],[71.6,35.181],[71.589,35.167],[71.605,35.166],[71.624,35.17],[71.652,35.169],[71.669,35.162],[71.693,35.162],[71.713,35.166],[71.729,35.181],[71.742,35.184],[71.752,35.19],[71.758,35.204],[71.773,35.21],[71.785,35.223],[71.789,35.248],[71.807,35.258],[71.814,35.273],[71.814,35.288],[71.834,35.304],[71.879,35.306],[71.887,35.312],[71.898,35.333],[71.901,35.361],[71.912,35.373],[71.93,35.383],[71.932,35.397],[71.94,35.419],[71.953,35.425],[71.958,35.439],[71.961,35.478],[71.987,35.503],[72.0,35.523],[72.02,35.528],[72.025,35.548],[72.037,35.552],[72.05,35.561],[72.059,35.571],[72.089,35.576],[72.108,35.586],[72.113,35.592],[72.128,35.598],[72.143,35.618],[72.155,35.62],[72.164,35.641],[72.163,35.674],[72.167,35.697],[72.174,35.711],[72.198,35.719],[72.221,35.715],[72.226,35.704],[72.232,35.697],[72.243,35.696],[72.25,35.695],[72.269,35.694],[72.306,35.695],[72.385,35.693],[72.412,35.694],[72.427,35.713],[72.445,35.718],[72.457,35.736],[72.46,35.754],[72.502,35.766],[72.516,35.785],[72.534,35.787],[72.541,35.825],[72.567,35.85]]]}},{"type":"Feature","properties":{"name":"Upper Dir","province":"Khyber Pakhtunkhwa","areaHa":375371.6,"builtupPct":0.31,"builtupGainHa":476.8,"vegChangeHa":482.2,"netMgC":450258.9,"netMgCPerHa":1.1995},"geometry":{"type":"Polygon","coordinates":[[[71.589,35.167],[71.586,35.162],[71.574,35.123],[71.552,35.106],[71.536,35.086],[71.519,35.017],[71.498,35.001],[71.485,34.962],[71.505,34.966],[71.532,34.966],[71.577,34.963],[71.609,34.968],[71.631,34.974],[71.64,34.985],[71.659,34.99],[71.72,34.99],[71.748,34.992],[71.758,35.003],[71.773,35.011],[71.798,35.016],[71.818,35.026],[71.841,35.018],[71.873,35.012],[71.887,35.008],[71.894,34.99],[71.893,34.973],[71.924,34.96],[71.927,34.939],[71.939,34.936],[71.946,34.928],[71.946,34.899],[71.954,34.886],[71.965,34.883],[71.972,34.874],[71.98,34.846],[71.993,34.841],[72.013,34.838],[72.05,34.838],[72.112,34.84],[72.119,34.84],[72.134,34.842],[72.147,34.858],[72.151,34.879],[72.159,34.892],[72.172,34.896],[72.176,34.918],[72.177,34.939],[72.185,34.958],[72.199,34.962],[72.205,34.975],[72.208,35.039],[72.215,35.057],[72.228,35.062],[72.233,35.071],[72.236,35.092],[72.248,35.104],[72.262,35.108],[72.266,35.125],[72.267,35.139],[72.296,35.161],[72.302,35.173],[72.302,35.193],[72.296,35.208],[72.304,35.225],[72.315,35.23],[72.323,35.242],[72.326,35.263],[72.335,35.274],[72.348,35.276],[72.353,35.292],[72.354,35.309],[72.36,35.322],[72.379,35.325],[72.389,35.353],[72.39,35.397],[72.387,35.412],[72.383,35.422],[72.364,35.43],[72.356,35.439],[72.354,35.451],[72.354,35.467],[72.333,35.474],[72.329,35.488],[72.329,35.5],[72.324,35.513],[72.306,35.518],[72.3,35.527],[72.303,35.547],[72.298,35.565],[72.286,35.572],[72.277,35.582],[72.275,35.608],[72.269,35.616],[72.251,35.624],[72.248,35.636],[72.247,35.645],[72.25,35.67],[72.243,35.696],[72.232,35.697],[72.226,35.704],[72.221,35.715],[72.198,35.719],[72.174,35.711],[72.167,35.697],[72.163,35.674],[72.164,35.641],[72.155,35.62],[72.143,35.618],[72.128,35.598],[72.113,35.592],[72.108,35.586],[72.089,35.576],[72.059,35.571],[72.05,35.561],[72.037,35.552],[72.025,35.548],[72.02,35.528],[72.0,35.523],[71.987,35.503],[71.961,35.478],[71.958,35.439],[71.953,35.425],[71.94,35.419],[71.932,35.397],[71.93,35.383],[71.912,35.373],[71.901,35.361],[71.898,35.333],[71.887,35.312],[71.879,35.306],[71.834,35.304],[71.814,35.288],[71.814,35.273],[71.807,35.258],[71.789,35.248],[71.785,35.223],[71.773,35.21],[71.758,35.204],[71.752,35.19],[71.742,35.184],[71.729,35.181],[71.713,35.166],[71.693,35.162],[71.669,35.162],[71.652,35.169],[71.624,35.17],[71.605,35.166],[71.589,35.167]]]}},{"type":"Feature","properties":{"name":"Lower Dir","province":"Khyber Pakhtunkhwa","areaHa":159288.0,"builtupPct":2.19,"builtupGainHa":1397.8,"vegChangeHa":-1.6,"netMgC":1955318.6,"netMgCPerHa":12.2754},"geometry":{"type":"Polygon","coordinates":[[[71.746,34.605],[71.768,34.599],[71.799,34.597],[71.836,34.595],[71.882,34.595],[71.905,34.597],[71.967,34.612],[72.048,34.617],[72.055,34.63],[72.068,34.643],[72.092,34.644],[72.111,34.644],[72.124,34.644],[72.145,34.644],[72.168,34.648],[72.173,34.662],[72.193,34.667],[72.201,34.694],[72.201,34.741],[72.191,34.759],[72.176,34.771],[72.173,34.786],[72.155,34.793],[72.145,34.812],[72.119,34.84],[72.112,34.84],[72.05,34.838],[72.013,34.838],[71.993,34.841],[71.98,34.846],[71.972,34.874],[71.965,34.883],[71.954,34.886],[71.946,34.899],[71.946,34.928],[71.939,34.936],[71.927,34.939],[71.924,34.96],[71.893,34.973],[71.894,34.99],[71.887,35.008],[71.873,35.012],[71.841,35.018],[71.818,35.026],[71.798,35.016],[71.773,35.011],[71.758,35.003],[71.748,34.992],[71.72,34.99],[71.659,34.99],[71.64,34.985],[71.631,34.974],[71.609,34.968],[71.577,34.963],[71.532,34.966],[71.505,34.966],[71.485,34.962],[71.484,34.959],[71.497,34.949],[71.517,34.937],[71.53,34.918],[71.552,34.915],[71.559,34.898],[71.568,34.896],[71.584,34.885],[71.586,34.87],[71.604,34.864],[71.604,34.842],[71.632,34.823],[71.635,34.804],[71.641,34.779],[71.659,34.768],[71.666,34.753],[71.677,34.75],[71.689,34.734],[71.705,34.724],[71.735,34.724],[71.765,34.728],[71.779,34.723],[71.779,34.702],[71.773,34.68],[71.774,34.655],[71.766,34.624],[71.751,34.616],[71.746,34.605]]]}},{"type":"Feature","properties":{"name":"Malakand","province":"Khyber Pakhtunkhwa","areaHa":94660.2,"builtupPct":5.19,"builtupGainHa":1118.2,"vegChangeHa":19.6,"netMgC":740843.4,"netMgCPerHa":7.8263},"geometry":{"type":"Polygon","coordinates":[[[71.682,34.399],[71.708,34.399],[71.746,34.394],[71.76,34.377],[71.774,34.377],[71.792,34.369],[71.795,34.351],[71.809,34.348],[71.824,34.34],[71.83,34.326],[71.843,34.322],[71.892,34.366],[71.913,34.377],[71.939,34.393],[71.957,34.4],[71.964,34.416],[71.969,34.438],[71.989,34.445],[71.999,34.468],[72.041,34.47],[72.051,34.466],[72.071,34.455],[72.093,34.455],[72.112,34.462],[72.125,34.472],[72.145,34.482],[72.168,34.486],[72.187,34.486],[72.188,34.487],[72.201,34.5],[72.204,34.523],[72.193,34.537],[72.188,34.542],[72.154,34.549],[72.138,34.563],[72.11,34.581],[72.113,34.622],[72.111,34.644],[72.092,34.644],[72.068,34.643],[72.055,34.63],[72.048,34.617],[71.967,34.612],[71.905,34.597],[71.882,34.595],[71.836,34.595],[71.799,34.597],[71.768,34.599],[71.746,34.605],[71.744,34.6],[71.722,34.594],[71.712,34.577],[71.694,34.573],[71.686,34.561],[71.682,34.546],[71.665,34.543],[71.657,34.523],[71.656,34.501],[71.651,34.498],[71.638,34.491],[71.63,34.476],[71.633,34.459],[71.647,34.449],[71.653,34.437],[71.682,34.405],[71.682,34.399]]]}},{"type":"Feature","properties":{"name":"Swat","province":"Khyber Pakhtunkhwa","areaHa":535576.6,"builtupPct":1.16,"builtupGainHa":2618.2,"vegChangeHa":-1277.5,"netMgC":759240.6,"netMgCPerHa":1.4176},"geometry":{"type":"Polygon","coordinates":[[[72.243,35.696],[72.25,35.67],[72.247,35.645],[72.248,35.636],[72.251,35.624],[72.269,35.616],[72.275,35.608],[72.277,35.582],[72.286,35.572],[72.298,35.565],[72.303,35.547],[72.3,35.527],[72.306,35.518],[72.324,35.513],[72.329,35.5],[72.329,35.488],[72.333,35.474],[72.354,35.467],[72.354,35.451],[72.356,35.439],[72.364,35.43],[72.383,35.422],[72.387,35.412],[72.39,35.397],[72.389,35.353],[72.379,35.325],[72.36,35.322],[72.354,35.309],[72.353,35.292],[72.348,35.276],[72.335,35.274],[72.326,35.263],[72.323,35.242],[72.315,35.23],[72.304,35.225],[72.296,35.208],[72.302,35.193],[72.302,35.173],[72.296,35.161],[72.267,35.139],[72.266,35.125],[72.262,35.108],[72.248,35.104],[72.236,35.092],[72.233,35.071],[72.228,35.062],[72.215,35.057],[72.208,35.039],[72.205,34.975],[72.199,34.962],[72.185,34.958],[72.177,34.939],[72.176,34.918],[72.172,34.896],[72.159,34.892],[72.151,34.879],[72.147,34.858],[72.134,34.842],[72.119,34.84],[72.145,34.812],[72.155,34.793],[72.173,34.786],[72.176,34.771],[72.191,34.759],[72.201,34.741],[72.201,34.694],[72.193,34.667],[72.173,34.662],[72.168,34.648],[72.145,34.644],[72.124,34.644],[72.111,34.644],[72.113,34.622],[72.11,34.581],[72.138,34.563],[72.154,34.549],[72.188,34.542],[72.193,34.537],[72.199,34.54],[72.221,34.54],[72.23,34.546],[72.248,34.562],[72.275,34.567],[72.285,34.586],[72.329,34.588],[72.338,34.598],[72.342,34.611],[72.363,34.617],[72.368,34.626],[72.371,34.637],[72.387,34.641],[72.399,34.648],[72.406,34.655],[72.42,34.658],[72.45,34.662],[72.47,34.68],[72.495,34.684],[72.499,34.684],[72.513,34.687],[72.534,34.7],[72.542,34.727],[72.54,34.759],[72.546,34.792],[72.554,34.818],[72.571,34.833],[72.575,34.863],[72.573,34.961],[72.584,34.979],[72.602,34.982],[72.633,35.007],[72.634,35.017],[72.646,35.027],[72.66,35.031],[72.664,35.045],[72.664,35.053],[72.671,35.076],[72.693,35.087],[72.694,35.122],[72.694,35.124],[72.694,35.145],[72.699,35.163],[72.711,35.177],[72.733,35.212],[72.747,35.216],[72.753,35.226],[72.752,35.241],[72.754,35.259],[72.771,35.303],[72.757,35.336],[72.747,35.346],[72.728,35.354],[72.726,35.368],[72.718,35.383],[72.724,35.399],[72.727,35.412],[72.739,35.417],[72.751,35.428],[72.755,35.444],[72.756,35.482],[72.753,35.507],[72.755,35.53],[72.759,35.55],[72.772,35.582],[72.781,35.587],[72.79,35.602],[72.797,35.636],[72.804,35.652],[72.813,35.66],[72.82,35.676],[72.827,35.712],[72.824,35.831],[72.817,35.831],[72.803,35.821],[72.79,35.815],[72.763,35.811],[72.746,35.81],[72.726,35.805],[72.708,35.796],[72.683,35.796],[72.658,35.81],[72.63,35.817],[72.61,35.817],[72.595,35.828],[72.59,35.837],[72.573,35.845],[72.567,35.85],[72.541,35.825],[72.534,35.787],[72.516,35.785],[72.502,35.766],[72.46,35.754],[72.457,35.736],[72.445,35.718],[72.427,35.713],[72.412,35.694],[72.385,35.693],[72.306,35.695],[72.269,35.694],[72.25,35.695],[72.243,35.696]]]}},{"type":"Feature","properties":{"name":"Kohistan","province":"Khyber Pakhtunkhwa","areaHa":743433.4,"builtupPct":0.05,"builtupGainHa":8.9,"vegChangeHa":-1077.8,"netMgC":81248.0,"netMgCPerHa":0.1093},"geometry":{"type":"Polygon","coordinates":[[[73.934,35.16],[73.918,35.173],[73.9,35.182],[73.869,35.185],[73.84,35.19],[73.828,35.197],[73.808,35.201],[73.786,35.197],[73.767,35.192],[73.75,35.194],[73.739,35.204],[73.733,35.223],[73.723,35.239],[73.71,35.245],[73.703,35.286],[73.701,35.333],[73.713,35.355],[73.715,35.366],[73.723,35.379],[73.734,35.386],[73.741,35.402],[73.767,35.421],[73.771,35.445],[73.763,35.456],[73.748,35.463],[73.725,35.478],[73.698,35.479],[73.689,35.483],[73.678,35.498],[73.663,35.506],[73.627,35.504],[73.603,35.512],[73.588,35.523],[73.568,35.528],[73.502,35.528],[73.47,35.53],[73.428,35.534],[73.42,35.541],[73.414,35.549],[73.394,35.555],[73.363,35.557],[73.335,35.562],[73.328,35.572],[73.319,35.577],[73.299,35.578],[73.281,35.584],[73.261,35.6],[73.216,35.613],[73.211,35.626],[73.197,35.634],[73.187,35.646],[73.159,35.663],[73.145,35.674],[73.138,35.685],[73.134,35.703],[73.122,35.713],[73.115,35.731],[73.114,35.749],[73.131,35.763],[73.138,35.773],[73.138,35.817],[73.134,35.824],[73.129,35.825],[73.123,35.828],[73.088,35.829],[73.064,35.823],[73.04,35.813],[73.024,35.808],[72.992,35.806],[72.929,35.808],[72.888,35.815],[72.877,35.826],[72.856,35.831],[72.824,35.831],[72.827,35.712],[72.82,35.676],[72.813,35.66],[72.804,35.652],[72.797,35.636],[72.79,35.602],[72.781,35.587],[72.772,35.582],[72.759,35.55],[72.755,35.53],[72.753,35.507],[72.756,35.482],[72.755,35.444],[72.751,35.428],[72.739,35.417],[72.727,35.412],[72.724,35.399],[72.718,35.383],[72.726,35.368],[72.728,35.354],[72.747,35.346],[72.757,35.336],[72.771,35.303],[72.754,35.259],[72.752,35.241],[72.753,35.226],[72.747,35.216],[72.733,35.212],[72.711,35.177],[72.699,35.163],[72.694,35.145],[72.694,35.124],[72.727,35.124],[72.741,35.115],[72.744,35.103],[72.745,35.051],[72.749,35.027],[72.777,35.019],[72.781,35.0],[72.777,34.978],[72.797,34.972],[72.805,34.968],[72.808,34.958],[72.834,34.955],[72.859,34.955],[72.866,34.952],[72.872,34.946],[72.874,34.93],[72.869,34.914],[72.869,34.907],[72.879,34.902],[72.896,34.9],[72.903,34.899],[72.928,34.898],[72.946,34.909],[72.954,34.924],[72.971,34.931],[72.98,34.94],[72.988,34.952],[73.013,34.955],[73.028,34.95],[73.034,34.937],[73.047,34.929],[73.081,34.925],[73.087,34.913],[73.102,34.903],[73.131,34.901],[73.199,34.901],[73.211,34.909],[73.222,34.92],[73.243,34.923],[73.339,34.924],[73.387,34.923],[73.403,34.919],[73.412,34.907],[73.422,34.902],[73.441,34.898],[73.455,34.898],[73.463,34.899],[73.475,34.901],[73.501,34.921],[73.52,34.926],[73.531,34.95],[73.545,34.958],[73.569,35.013],[73.583,35.017],[73.604,35.015],[73.623,34.999],[73.636,34.999],[73.659,35.002],[73.672,35.015],[73.699,35.021],[73.759,35.022],[73.781,35.032],[73.783,35.047],[73.812,35.069],[73.822,35.103],[73.834,35.109],[73.902,35.118],[73.915,35.134],[73.92,35.145],[73.934,35.16]]]}},{"type":"Feature","properties":{"name":"Mardan","province":"Khyber Pakhtunkhwa","areaHa":164283.9,"builtupPct":10.44,"builtupGainHa":3779.1,"vegChangeHa":-3499.6,"netMgC":380921.1,"netMgCPerHa":2.3187},"geometry":{"type":"Polygon","coordinates":[[[71.907,34.108],[71.921,34.106],[71.967,34.106],[72.0,34.103],[72.015,34.101],[72.025,34.08],[72.051,34.073],[72.073,34.058],[72.102,34.053],[72.125,34.052],[72.148,34.054],[72.163,34.08],[72.18,34.084],[72.182,34.084],[72.181,34.102],[72.188,34.123],[72.208,34.135],[72.212,34.146],[72.212,34.165],[72.217,34.198],[72.217,34.213],[72.247,34.222],[72.292,34.225],[72.298,34.232],[72.301,34.248],[72.299,34.269],[72.316,34.275],[72.323,34.28],[72.33,34.29],[72.333,34.31],[72.347,34.318],[72.355,34.318],[72.39,34.338],[72.41,34.34],[72.424,34.355],[72.424,34.361],[72.426,34.368],[72.414,34.384],[72.395,34.392],[72.356,34.399],[72.338,34.415],[72.315,34.418],[72.296,34.413],[72.273,34.403],[72.246,34.42],[72.229,34.42],[72.227,34.439],[72.215,34.448],[72.198,34.455],[72.193,34.483],[72.188,34.487],[72.187,34.486],[72.168,34.486],[72.145,34.482],[72.125,34.472],[72.112,34.462],[72.093,34.455],[72.071,34.455],[72.051,34.466],[72.041,34.47],[71.999,34.468],[71.989,34.445],[71.969,34.438],[71.964,34.416],[71.957,34.4],[71.939,34.393],[71.913,34.377],[71.892,34.366],[71.843,34.322],[71.846,34.321],[71.849,34.304],[71.838,34.294],[71.824,34.272],[71.82,34.249],[71.851,34.231],[71.861,34.211],[71.878,34.2],[71.88,34.185],[71.901,34.171],[71.908,34.149],[71.907,34.109],[71.907,34.108]]]}},{"type":"Feature","properties":{"name":"Swabi","province":"Khyber Pakhtunkhwa","areaHa":148454.6,"builtupPct":8.14,"builtupGainHa":3690.9,"vegChangeHa":-733.7,"netMgC":440908.3,"netMgCPerHa":2.97},"geometry":{"type":"Polygon","coordinates":[[[72.541,34.003],[72.549,34.016],[72.563,34.023],[72.586,34.023],[72.604,34.025],[72.61,34.031],[72.612,34.035],[72.624,34.044],[72.639,34.047],[72.641,34.057],[72.65,34.068],[72.663,34.074],[72.676,34.096],[72.688,34.099],[72.697,34.104],[72.698,34.113],[72.706,34.12],[72.72,34.123],[72.73,34.141],[72.751,34.148],[72.76,34.163],[72.755,34.186],[72.733,34.202],[72.73,34.229],[72.73,34.249],[72.726,34.279],[72.707,34.305],[72.702,34.317],[72.701,34.316],[72.675,34.312],[72.655,34.301],[72.646,34.29],[72.639,34.278],[72.623,34.27],[72.612,34.268],[72.595,34.262],[72.591,34.235],[72.563,34.213],[72.558,34.203],[72.544,34.197],[72.517,34.174],[72.47,34.174],[72.447,34.176],[72.429,34.183],[72.42,34.2],[72.415,34.217],[72.416,34.231],[72.422,34.249],[72.43,34.252],[72.442,34.262],[72.446,34.293],[72.463,34.302],[72.472,34.321],[72.47,34.342],[72.459,34.359],[72.441,34.361],[72.424,34.361],[72.424,34.355],[72.41,34.34],[72.39,34.338],[72.355,34.318],[72.347,34.318],[72.333,34.31],[72.33,34.29],[72.323,34.28],[72.316,34.275],[72.299,34.269],[72.301,34.248],[72.298,34.232],[72.292,34.225],[72.247,34.222],[72.217,34.213],[72.217,34.198],[72.212,34.165],[72.212,34.146],[72.208,34.135],[72.188,34.123],[72.181,34.102],[72.182,34.084],[72.206,34.084],[72.241,34.077],[72.247,34.052],[72.245,34.009],[72.241,33.979],[72.211,33.944],[72.211,33.925],[72.221,33.908],[72.252,33.899],[72.276,33.894],[72.279,33.901],[72.315,33.917],[72.329,33.931],[72.37,33.937],[72.386,33.954],[72.391,33.968],[72.404,33.978],[72.42,33.983],[72.439,33.996],[72.451,34.001],[72.467,34.004],[72.497,34.005],[72.54,34.004],[72.541,34.003]]]}},{"type":"Feature","properties":{"name":"Buner","province":"Khyber Pakhtunkhwa","areaHa":173130.7,"builtupPct":1.44,"builtupGainHa":914.2,"vegChangeHa":-828.7,"netMgC":710609.0,"netMgCPerHa":4.1045},"geometry":{"type":"Polygon","coordinates":[[[72.712,34.526],[72.711,34.531],[72.694,34.543],[72.685,34.552],[72.68,34.581],[72.683,34.604],[72.683,34.653],[72.673,34.66],[72.649,34.663],[72.635,34.663],[72.627,34.65],[72.623,34.639],[72.601,34.634],[72.58,34.634],[72.571,34.626],[72.56,34.624],[72.543,34.624],[72.527,34.635],[72.515,34.64],[72.505,34.665],[72.499,34.684],[72.495,34.684],[72.47,34.68],[72.45,34.662],[72.42,34.658],[72.406,34.655],[72.399,34.648],[72.387,34.641],[72.371,34.637],[72.368,34.626],[72.363,34.617],[72.342,34.611],[72.338,34.598],[72.329,34.588],[72.285,34.586],[72.275,34.567],[72.248,34.562],[72.23,34.546],[72.221,34.54],[72.199,34.54],[72.193,34.537],[72.204,34.523],[72.201,34.5],[72.188,34.487],[72.193,34.483],[72.198,34.455],[72.215,34.448],[72.227,34.439],[72.229,34.42],[72.246,34.42],[72.273,34.403],[72.296,34.413],[72.315,34.418],[72.338,34.415],[72.356,34.399],[72.395,34.392],[72.414,34.384],[72.426,34.368],[72.424,34.361],[72.441,34.361],[72.459,34.359],[72.47,34.342],[72.472,34.321],[72.463,34.302],[72.446,34.293],[72.442,34.262],[72.43,34.252],[72.422,34.249],[72.416,34.231],[72.415,34.217],[72.42,34.2],[72.429,34.183],[72.447,34.176],[72.47,34.174],[72.517,34.174],[72.544,34.197],[72.558,34.203],[72.563,34.213],[72.591,34.235],[72.595,34.262],[72.612,34.268],[72.623,34.27],[72.639,34.278],[72.646,34.29],[72.655,34.301],[72.675,34.312],[72.701,34.316],[72.701,34.331],[72.709,34.344],[72.728,34.36],[72.732,34.374],[72.732,34.38],[72.732,34.393],[72.716,34.414],[72.71,34.418],[72.703,34.432],[72.693,34.439],[72.692,34.449],[72.697,34.464],[72.705,34.475],[72.715,34.498],[72.715,34.513],[72.712,34.526]]]}},{"type":"Feature","properties":{"name":"Haripur","province":"Khyber Pakhtunkhwa","areaHa":191939.2,"builtupPct":4.12,"builtupGainHa":2550.9,"vegChangeHa":-2492.0,"netMgC":1290515.1,"netMgCPerHa":6.7236},"geometry":{"type":"Polygon","coordinates":[[[72.732,34.38],[72.732,34.374],[72.728,34.36],[72.709,34.344],[72.701,34.331],[72.701,34.316],[72.702,34.317],[72.707,34.305],[72.726,34.279],[72.73,34.249],[72.73,34.229],[72.733,34.202],[72.755,34.186],[72.76,34.163],[72.751,34.148],[72.73,34.141],[72.72,34.123],[72.706,34.12],[72.698,34.113],[72.697,34.104],[72.688,34.099],[72.676,34.096],[72.663,34.074],[72.65,34.068],[72.641,34.057],[72.639,34.047],[72.624,34.044],[72.612,34.035],[72.61,34.031],[72.604,34.025],[72.586,34.023],[72.563,34.023],[72.549,34.016],[72.541,34.003],[72.551,33.996],[72.557,33.968],[72.563,33.961],[72.576,33.958],[72.592,33.958],[72.616,33.942],[72.625,33.928],[72.625,33.919],[72.614,33.909],[72.614,33.897],[72.616,33.887],[72.624,33.884],[72.648,33.88],[72.669,33.883],[72.691,33.893],[72.702,33.92],[72.728,33.937],[72.739,33.941],[72.751,33.929],[72.754,33.915],[72.762,33.903],[72.792,33.901],[72.804,33.892],[72.809,33.884],[72.811,33.873],[72.827,33.853],[72.831,33.841],[72.83,33.81],[72.83,33.803],[72.83,33.789],[72.835,33.768],[72.863,33.738],[72.885,33.732],[72.901,33.737],[72.947,33.767],[72.966,33.774],[73.006,33.782],[73.047,33.782],[73.064,33.789],[73.09,33.805],[73.119,33.811],[73.148,33.811],[73.149,33.811],[73.161,33.818],[73.179,33.837],[73.185,33.855],[73.189,33.861],[73.187,33.875],[73.182,33.89],[73.179,33.935],[73.167,33.947],[73.159,33.947],[73.143,33.951],[73.108,33.954],[73.092,33.963],[73.09,33.973],[73.093,33.987],[73.104,33.995],[73.124,34.003],[73.128,34.021],[73.126,34.035],[73.12,34.047],[73.111,34.049],[73.103,34.055],[73.103,34.063],[73.084,34.072],[73.06,34.08],[73.055,34.09],[73.061,34.101],[73.063,34.114],[73.059,34.124],[73.049,34.133],[73.043,34.143],[73.041,34.167],[73.034,34.173],[73.024,34.174],[73.015,34.179],[73.014,34.193],[73.002,34.195],[72.99,34.201],[72.985,34.212],[72.978,34.216],[72.97,34.216],[72.957,34.226],[72.955,34.241],[72.944,34.265],[72.944,34.265],[72.912,34.269],[72.905,34.271],[72.903,34.285],[72.892,34.292],[72.883,34.292],[72.876,34.299],[72.87,34.314],[72.863,34.317],[72.85,34.32],[72.85,34.335],[72.84,34.339],[72.826,34.34],[72.823,34.359],[72.817,34.371],[72.807,34.384],[72.763,34.388],[72.74,34.384],[72.732,34.38]]]}},{"type":"Feature","properties":{"name":"Abbottabad","province":"Khyber Pakhtunkhwa","areaHa":174061.6,"builtupPct":2.52,"builtupGainHa":1194.5,"vegChangeHa":-1182.8,"netMgC":146590.4,"netMgCPerHa":0.8422},"geometry":{"type":"Polygon","coordinates":[[[73.407,34.437],[73.363,34.438],[73.336,34.433],[73.314,34.427],[73.307,34.41],[73.31,34.389],[73.305,34.377],[73.296,34.364],[73.286,34.364],[73.274,34.358],[73.269,34.345],[73.224,34.333],[73.211,34.321],[73.199,34.318],[73.174,34.315],[73.163,34.311],[73.159,34.294],[73.152,34.291],[73.126,34.29],[73.104,34.287],[73.098,34.273],[73.074,34.267],[73.066,34.267],[73.047,34.29],[73.005,34.291],[72.989,34.288],[72.984,34.272],[72.975,34.267],[72.955,34.267],[72.944,34.265],[72.955,34.241],[72.957,34.226],[72.97,34.216],[72.978,34.216],[72.985,34.212],[72.99,34.201],[73.002,34.195],[73.014,34.193],[73.015,34.179],[73.024,34.174],[73.034,34.173],[73.041,34.167],[73.043,34.143],[73.049,34.133],[73.059,34.124],[73.063,34.114],[73.061,34.101],[73.055,34.09],[73.06,34.08],[73.084,34.072],[73.103,34.063],[73.103,34.055],[73.111,34.049],[73.12,34.047],[73.126,34.035],[73.128,34.021],[73.124,34.003],[73.104,33.995],[73.093,33.987],[73.09,33.973],[73.092,33.963],[73.108,33.954],[73.143,33.951],[73.159,33.947],[73.167,33.947],[73.179,33.935],[73.182,33.89],[73.187,33.875],[73.189,33.861],[73.2,33.874],[73.26,33.887],[73.271,33.902],[73.274,33.917],[73.295,33.932],[73.302,33.949],[73.315,33.964],[73.326,33.969],[73.338,33.99],[73.348,33.996],[73.355,34.011],[73.374,34.026],[73.436,34.046],[73.473,34.062],[73.472,34.088],[73.475,34.119],[73.476,34.152],[73.467,34.181],[73.45,34.216],[73.438,34.245],[73.411,34.269],[73.397,34.291],[73.391,34.322],[73.395,34.362],[73.397,34.421],[73.407,34.437]]]}},{"type":"Feature","properties":{"name":"Battagram","province":"Khyber Pakhtunkhwa","areaHa":135930.8,"builtupPct":0.26,"builtupGainHa":-16.9,"vegChangeHa":-107.9,"netMgC":-17290.1,"netMgCPerHa":-0.1272},"geometry":{"type":"Polygon","coordinates":[[[73.463,34.899],[73.455,34.898],[73.441,34.898],[73.422,34.902],[73.412,34.907],[73.403,34.919],[73.387,34.923],[73.339,34.924],[73.243,34.923],[73.222,34.92],[73.211,34.909],[73.199,34.901],[73.131,34.901],[73.102,34.903],[73.087,34.913],[73.081,34.925],[73.047,34.929],[73.034,34.937],[73.028,34.95],[73.013,34.955],[72.988,34.952],[72.98,34.94],[72.971,34.931],[72.954,34.924],[72.946,34.909],[72.928,34.898],[72.903,34.899],[72.896,34.9],[72.896,34.895],[72.906,34.881],[72.917,34.873],[72.926,34.861],[72.926,34.849],[72.917,34.832],[72.915,34.819],[72.89,34.799],[72.879,34.783],[72.854,34.782],[72.83,34.774],[72.825,34.764],[72.844,34.761],[72.856,34.745],[72.858,34.736],[72.875,34.731],[72.887,34.723],[72.882,34.702],[72.891,34.689],[72.905,34.684],[72.918,34.663],[72.918,34.647],[72.909,34.637],[72.895,34.633],[72.886,34.619],[72.886,34.611],[72.9,34.594],[72.924,34.59],[72.949,34.588],[72.969,34.589],[72.987,34.599],[72.996,34.602],[73.006,34.602],[73.021,34.592],[73.036,34.587],[73.061,34.586],[73.076,34.594],[73.084,34.612],[73.084,34.639],[73.093,34.653],[73.105,34.661],[73.112,34.671],[73.127,34.677],[73.145,34.681],[73.165,34.693],[73.176,34.75],[73.196,34.75],[73.239,34.755],[73.259,34.751],[73.261,34.74],[73.28,34.728],[73.289,34.719],[73.289,34.711],[73.307,34.705],[73.323,34.705],[73.338,34.707],[73.347,34.73],[73.345,34.748],[73.365,34.773],[73.388,34.783],[73.401,34.802],[73.412,34.823],[73.429,34.823],[73.436,34.838],[73.452,34.849],[73.462,34.867],[73.464,34.885],[73.463,34.899]]]}},{"type":"Feature","properties":{"name":"Shangla","province":"Khyber Pakhtunkhwa","areaHa":138842.0,"builtupPct":0.25,"builtupGainHa":-13.8,"vegChangeHa":-7.4,"netMgC":-14161.5,"netMgCPerHa":-0.102},"geometry":{"type":"Polygon","coordinates":[[[72.825,34.764],[72.83,34.774],[72.854,34.782],[72.879,34.783],[72.89,34.799],[72.915,34.819],[72.917,34.832],[72.926,34.849],[72.926,34.861],[72.917,34.873],[72.906,34.881],[72.896,34.895],[72.896,34.9],[72.879,34.902],[72.869,34.907],[72.869,34.914],[72.874,34.93],[72.872,34.946],[72.866,34.952],[72.859,34.955],[72.834,34.955],[72.808,34.958],[72.805,34.968],[72.797,34.972],[72.777,34.978],[72.781,35.0],[72.777,35.019],[72.749,35.027],[72.745,35.051],[72.744,35.103],[72.741,35.115],[72.727,35.124],[72.694,35.124],[72.694,35.122],[72.693,35.087],[72.671,35.076],[72.664,35.053],[72.664,35.045],[72.66,35.031],[72.646,35.027],[72.634,35.017],[72.633,35.007],[72.602,34.982],[72.584,34.979],[72.573,34.961],[72.575,34.863],[72.571,34.833],[72.554,34.818],[72.546,34.792],[72.54,34.759],[72.542,34.727],[72.534,34.7],[72.513,34.687],[72.499,34.684],[72.505,34.665],[72.515,34.64],[72.527,34.635],[72.543,34.624],[72.56,34.624],[72.571,34.626],[72.58,34.634],[72.601,34.634],[72.623,34.639],[72.627,34.65],[72.635,34.663],[72.649,34.663],[72.673,34.66],[72.683,34.653],[72.683,34.604],[72.68,34.581],[72.685,34.552],[72.694,34.543],[72.711,34.531],[72.712,34.526],[72.734,34.533],[72.748,34.533],[72.762,34.545],[72.768,34.57],[72.771,34.592],[72.758,34.607],[72.747,34.625],[72.768,34.663],[72.768,34.704],[72.771,34.725],[72.777,34.747],[72.797,34.756],[72.824,34.764],[72.825,34.764]]]}},{"type":"Feature","properties":{"name":"Diamer"},"geometry":{"type":"Polygon","coordinates":[[[74.408,35.065],[74.399,35.1],[74.401,35.142],[74.405,35.151],[74.423,35.163],[74.427,35.174],[74.431,35.198],[74.436,35.206],[74.448,35.21],[74.458,35.211],[74.465,35.226],[74.47,35.23],[74.505,35.231],[74.519,35.237],[74.523,35.247],[74.532,35.256],[74.555,35.256],[74.575,35.259],[74.608,35.26],[74.61,35.274],[74.621,35.282],[74.633,35.281],[74.646,35.299],[74.657,35.304],[74.668,35.306],[74.67,35.312],[74.668,35.319],[74.676,35.329],[74.695,35.335],[74.7,35.347],[74.703,35.363],[74.701,35.391],[74.702,35.44],[74.708,35.481],[74.698,35.493],[74.676,35.507],[74.675,35.53],[74.667,35.544],[74.654,35.548],[74.651,35.56],[74.649,35.576],[74.654,35.596],[74.651,35.618],[74.634,35.626],[74.612,35.626],[74.581,35.627],[74.578,35.627],[74.56,35.624],[74.543,35.623],[74.527,35.596],[74.508,35.592],[74.477,35.592],[74.403,35.598],[74.367,35.603],[74.352,35.619],[74.335,35.623],[74.314,35.624],[74.298,35.628],[74.293,35.637],[74.287,35.642],[74.261,35.648],[74.251,35.648],[74.244,35.668],[74.218,35.68],[74.212,35.686],[74.202,35.71],[74.18,35.717],[74.164,35.72],[74.154,35.725],[74.149,35.735],[74.14,35.74],[74.117,35.746],[74.103,35.763],[74.092,35.768],[74.074,35.768],[74.073,35.779],[74.07,35.789],[74.057,35.795],[74.035,35.796],[74.016,35.798],[74.013,35.809],[74.013,35.831],[74.01,35.839],[73.983,35.847],[73.971,35.86],[73.957,35.867],[73.942,35.867],[73.938,35.867],[73.911,35.87],[73.843,35.866],[73.79,35.86],[73.78,35.861],[73.76,35.869],[73.727,35.87],[73.708,35.875],[73.699,35.888],[73.683,35.897],[73.651,35.897],[73.614,35.896],[73.588,35.89],[73.575,35.876],[73.563,35.87],[73.545,35.868],[73.528,35.864],[73.509,35.861],[73.476,35.873],[73.453,35.892],[73.436,35.897],[73.423,35.897],[73.409,35.904],[73.406,35.918],[73.384,35.94],[73.372,35.948],[73.335,35.95],[73.314,35.964],[73.297,35.958],[73.278,35.946],[73.263,35.943],[73.252,35.902],[73.236,35.897],[73.233,35.881],[73.201,35.871],[73.191,35.854],[73.167,35.85],[73.136,35.838],[73.129,35.825],[73.134,35.824],[73.138,35.817],[73.138,35.773],[73.131,35.763],[73.114,35.749],[73.115,35.731],[73.122,35.713],[73.134,35.703],[73.138,35.685],[73.145,35.674],[73.159,35.663],[73.187,35.646],[73.197,35.634],[73.211,35.626],[73.216,35.613],[73.261,35.6],[73.281,35.584],[73.299,35.578],[73.319,35.577],[73.328,35.572],[73.335,35.562],[73.363,35.557],[73.394,35.555],[73.414,35.549],[73.42,35.541],[73.428,35.534],[73.47,35.53],[73.502,35.528],[73.568,35.528],[73.588,35.523],[73.603,35.512],[73.627,35.504],[73.663,35.506],[73.678,35.498],[73.689,35.483],[73.698,35.479],[73.725,35.478],[73.748,35.463],[73.763,35.456],[73.771,35.445],[73.767,35.421],[73.741,35.402],[73.734,35.386],[73.723,35.379],[73.715,35.366],[73.713,35.355],[73.701,35.333],[73.703,35.286],[73.71,35.245],[73.723,35.239],[73.733,35.223],[73.739,35.204],[73.75,35.194],[73.767,35.192],[73.786,35.197],[73.808,35.201],[73.828,35.197],[73.84,35.19],[73.869,35.185],[73.9,35.182],[73.918,35.173],[73.934,35.16],[73.942,35.153],[73.953,35.139],[73.976,35.14],[74.02,35.13],[74.025,35.12],[74.082,35.11],[74.105,35.099],[74.115,35.085],[74.118,35.081],[74.14,35.073],[74.164,35.067],[74.183,35.059],[74.212,35.042],[74.324,35.041],[74.345,35.049],[74.361,35.062],[74.378,35.064],[74.407,35.064],[74.408,35.065]]]}},{"type":"Feature","properties":{"name":"Ghizer"},"geometry":{"type":"Polygon","coordinates":[[[72.567,35.85],[72.573,35.845],[72.59,35.837],[72.595,35.828],[72.61,35.817],[72.63,35.817],[72.658,35.81],[72.683,35.796],[72.708,35.796],[72.726,35.805],[72.746,35.81],[72.763,35.811],[72.79,35.815],[72.803,35.821],[72.817,35.831],[72.824,35.831],[72.856,35.831],[72.877,35.826],[72.888,35.815],[72.929,35.808],[72.992,35.806],[73.024,35.808],[73.04,35.813],[73.064,35.823],[73.088,35.829],[73.123,35.828],[73.129,35.825],[73.136,35.838],[73.167,35.85],[73.191,35.854],[73.201,35.871],[73.233,35.881],[73.236,35.897],[73.252,35.902],[73.263,35.943],[73.278,35.946],[73.297,35.958],[73.314,35.964],[73.335,35.95],[73.372,35.948],[73.384,35.94],[73.406,35.918],[73.409,35.904],[73.423,35.897],[73.436,35.897],[73.453,35.892],[73.476,35.873],[73.509,35.861],[73.528,35.864],[73.545,35.868],[73.563,35.87],[73.575,35.876],[73.588,35.89],[73.614,35.896],[73.651,35.897],[73.683,35.897],[73.699,35.888],[73.708,35.875],[73.727,35.87],[73.76,35.869],[73.78,35.861],[73.79,35.86],[73.843,35.866],[73.911,35.87],[73.938,35.867],[73.934,35.885],[73.935,35.894],[73.945,35.907],[73.963,35.913],[73.989,35.913],[74.005,35.921],[74.01,35.934],[74.011,35.952],[74.014,35.963],[74.023,35.978],[74.04,35.99],[74.045,36.008],[74.068,36.016],[74.074,36.029],[74.075,36.045],[74.083,36.061],[74.087,36.085],[74.102,36.11],[74.109,36.126],[74.111,36.139],[74.106,36.177],[74.089,36.187],[74.083,36.194],[74.076,36.207],[74.058,36.216],[74.055,36.247],[74.049,36.254],[74.048,36.27],[74.033,36.274],[74.023,36.284],[74.023,36.33],[74.026,36.35],[74.064,36.364],[74.072,36.373],[74.076,36.38],[74.079,36.385],[74.084,36.412],[74.084,36.434],[74.105,36.445],[74.121,36.449],[74.137,36.46],[74.148,36.511],[74.173,36.52],[74.184,36.521],[74.205,36.54],[74.224,36.545],[74.233,36.551],[74.243,36.564],[74.258,36.568],[74.264,36.574],[74.27,36.586],[74.291,36.592],[74.297,36.598],[74.3,36.61],[74.299,36.621],[74.299,36.633],[74.277,36.64],[74.269,36.657],[74.258,36.664],[74.241,36.664],[74.217,36.686],[74.214,36.697],[74.205,36.709],[74.159,36.718],[74.147,36.718],[74.138,36.727],[74.145,36.741],[74.148,36.762],[74.134,36.768],[74.119,36.793],[74.092,36.825],[74.053,36.818],[74.003,36.824],[73.982,36.836],[73.963,36.854],[73.944,36.866],[73.931,36.879],[73.916,36.889],[73.875,36.893],[73.826,36.893],[73.784,36.888],[73.702,36.858],[73.715,36.83],[73.724,36.815],[73.745,36.805],[73.772,36.8],[73.799,36.79],[73.823,36.786],[73.858,36.765],[73.874,36.752],[73.897,36.727],[73.9,36.703],[73.891,36.685],[73.875,36.673],[73.857,36.67],[73.838,36.661],[73.807,36.651],[73.703,36.649],[73.566,36.652],[73.548,36.659],[73.527,36.679],[73.512,36.69],[73.5,36.697],[73.472,36.701],[73.4,36.703],[73.355,36.706],[73.317,36.703],[73.286,36.686],[73.256,36.682],[73.214,36.683],[73.168,36.662],[73.133,36.656],[73.115,36.645],[73.105,36.63],[73.098,36.604],[73.101,36.584],[73.098,36.558],[73.073,36.535],[73.066,36.521],[73.054,36.515],[73.047,36.509],[73.033,36.493],[73.023,36.492],[73.006,36.467],[72.993,36.464],[72.986,36.456],[72.96,36.442],[72.94,36.438],[72.915,36.429],[72.902,36.418],[72.898,36.404],[72.894,36.372],[72.879,36.355],[72.85,36.329],[72.829,36.32],[72.811,36.305],[72.798,36.304],[72.773,36.299],[72.764,36.287],[72.754,36.279],[72.739,36.278],[72.723,36.273],[72.709,36.258],[72.696,36.254],[72.668,36.252],[72.652,36.249],[72.628,36.234],[72.594,36.224],[72.567,36.19],[72.554,36.17],[72.546,36.154],[72.542,36.063],[72.543,36.036],[72.548,36.016],[72.559,35.994],[72.557,35.97],[72.549,35.951],[72.54,35.936],[72.54,35.874],[72.56,35.857],[72.567,35.85]]]}},{"type":"Feature","properties":{"name":"Hunza"},"geometry":{"type":"Polygon","coordinates":[[[75.991,36.058],[75.987,36.084],[75.993,36.105],[76.058,36.203],[76.064,36.217],[76.067,36.251],[76.063,36.259],[76.041,36.278],[76.04,36.3],[76.049,36.349],[76.064,36.39],[76.063,36.4],[76.054,36.415],[76.038,36.434],[76.026,36.461],[76.014,36.483],[75.985,36.527],[75.964,36.55],[75.952,36.572],[75.902,36.641],[75.869,36.661],[75.824,36.703],[75.798,36.717],[75.771,36.741],[75.724,36.751],[75.691,36.751],[75.647,36.747],[75.606,36.74],[75.589,36.729],[75.582,36.721],[75.567,36.712],[75.546,36.705],[75.533,36.705],[75.508,36.71],[75.496,36.717],[75.488,36.729],[75.49,36.799],[75.48,36.816],[75.465,36.824],[75.464,36.837],[75.455,36.858],[75.444,36.871],[75.441,36.884],[75.431,36.901],[75.415,36.908],[75.384,36.914],[75.311,36.917],[75.279,36.922],[75.26,36.936],[75.248,36.951],[75.228,36.97],[75.193,36.986],[75.165,36.989],[75.062,36.989],[75.036,36.986],[75.018,36.98],[75.003,36.97],[74.986,36.954],[74.965,36.939],[74.939,36.929],[74.927,36.929],[74.907,36.937],[74.903,36.959],[74.888,36.968],[74.832,36.981],[74.782,37.0],[74.731,37.004],[74.678,36.999],[74.616,36.966],[74.59,36.962],[74.563,36.962],[74.469,36.957],[74.436,36.957],[74.41,36.954],[74.38,36.943],[74.351,36.925],[74.322,36.918],[74.221,36.907],[74.204,36.902],[74.194,36.872],[74.159,36.847],[74.092,36.825],[74.119,36.793],[74.134,36.768],[74.148,36.762],[74.145,36.741],[74.138,36.727],[74.147,36.718],[74.159,36.718],[74.205,36.709],[74.214,36.697],[74.217,36.686],[74.241,36.664],[74.258,36.664],[74.269,36.657],[74.277,36.64],[74.299,36.633],[74.299,36.621],[74.312,36.624],[74.325,36.633],[74.363,36.641],[74.405,36.64],[74.431,36.636],[74.443,36.627],[74.443,36.604],[74.454,36.59],[74.466,36.585],[74.474,36.568],[74.473,36.542],[74.513,36.54],[74.526,36.528],[74.527,36.499],[74.507,36.493],[74.5,36.486],[74.495,36.469],[74.475,36.461],[74.465,36.445],[74.464,36.406],[74.468,36.353],[74.455,36.347],[74.436,36.34],[74.432,36.331],[74.421,36.324],[74.412,36.321],[74.405,36.322],[74.378,36.306],[74.374,36.301],[74.357,36.29],[74.348,36.287],[74.346,36.279],[74.348,36.266],[74.354,36.258],[74.365,36.254],[74.403,36.25],[74.473,36.246],[74.541,36.251],[74.552,36.257],[74.564,36.269],[74.582,36.275],[74.601,36.277],[74.61,36.284],[74.62,36.294],[74.646,36.298],[74.736,36.298],[74.76,36.313],[74.781,36.318],[74.931,36.32],[74.957,36.318],[75.001,36.321],[75.051,36.327],[75.106,36.326],[75.162,36.319],[75.184,36.321],[75.218,36.318],[75.228,36.316],[75.24,36.295],[75.247,36.293],[75.255,36.287],[75.258,36.277],[75.264,36.269],[75.281,36.265],[75.285,36.256],[75.287,36.243],[75.289,36.222],[75.294,36.219],[75.296,36.216],[75.363,36.218],[75.414,36.217],[75.428,36.214],[75.435,36.201],[75.449,36.191],[75.462,36.19],[75.472,36.172],[75.485,36.172],[75.495,36.165],[75.496,36.151],[75.528,36.143],[75.53,36.132],[75.539,36.125],[75.61,36.121],[75.709,36.125],[75.728,36.122],[75.739,36.103],[75.76,36.099],[75.762,36.094],[75.763,36.085],[75.769,36.075],[75.776,36.075],[75.784,36.071],[75.789,36.063],[75.792,36.05],[75.793,36.038],[75.795,36.032],[75.816,36.029],[75.83,36.005],[75.873,36.001],[75.896,36.002],[75.911,36.014],[75.927,36.024],[75.943,36.027],[75.945,36.039],[75.958,36.051],[75.991,36.058]]]}},{"type":"Feature","properties":{"name":"Gilgit"},"geometry":{"type":"Polygon","coordinates":[[[74.899,36.004],[74.894,36.015],[74.894,36.023],[74.874,36.029],[74.845,36.043],[74.838,36.052],[74.822,36.056],[74.802,36.076],[74.763,36.079],[74.743,36.082],[74.732,36.088],[74.717,36.099],[74.708,36.101],[74.683,36.109],[74.674,36.121],[74.656,36.13],[74.635,36.131],[74.625,36.141],[74.602,36.144],[74.565,36.147],[74.535,36.147],[74.513,36.142],[74.505,36.136],[74.487,36.13],[74.48,36.12],[74.477,36.108],[74.425,36.098],[74.401,36.108],[74.393,36.123],[74.372,36.14],[74.372,36.151],[74.352,36.158],[74.33,36.158],[74.309,36.16],[74.296,36.163],[74.278,36.175],[74.264,36.179],[74.25,36.178],[74.24,36.186],[74.221,36.206],[74.21,36.211],[74.199,36.221],[74.197,36.231],[74.199,36.244],[74.18,36.258],[74.169,36.273],[74.169,36.282],[74.165,36.29],[74.142,36.301],[74.136,36.325],[74.123,36.331],[74.112,36.34],[74.111,36.349],[74.1,36.354],[74.089,36.356],[74.083,36.371],[74.076,36.38],[74.072,36.373],[74.064,36.364],[74.026,36.35],[74.023,36.33],[74.023,36.284],[74.033,36.274],[74.048,36.27],[74.049,36.254],[74.055,36.247],[74.058,36.216],[74.076,36.207],[74.083,36.194],[74.089,36.187],[74.106,36.177],[74.111,36.139],[74.109,36.126],[74.102,36.11],[74.087,36.085],[74.083,36.061],[74.075,36.045],[74.074,36.029],[74.068,36.016],[74.045,36.008],[74.04,35.99],[74.023,35.978],[74.014,35.963],[74.011,35.952],[74.01,35.934],[74.005,35.921],[73.989,35.913],[73.963,35.913],[73.945,35.907],[73.935,35.894],[73.934,35.885],[73.938,35.867],[73.942,35.867],[73.957,35.867],[73.971,35.86],[73.983,35.847],[74.01,35.839],[74.013,35.831],[74.013,35.809],[74.016,35.798],[74.035,35.796],[74.057,35.795],[74.07,35.789],[74.073,35.779],[74.074,35.768],[74.092,35.768],[74.103,35.763],[74.117,35.746],[74.14,35.74],[74.149,35.735],[74.154,35.725],[74.164,35.72],[74.18,35.717],[74.202,35.71],[74.212,35.686],[74.218,35.68],[74.244,35.668],[74.251,35.648],[74.261,35.648],[74.287,35.642],[74.293,35.637],[74.298,35.628],[74.314,35.624],[74.335,35.623],[74.352,35.619],[74.367,35.603],[74.403,35.598],[74.477,35.592],[74.508,35.592],[74.527,35.596],[74.543,35.623],[74.56,35.624],[74.578,35.627],[74.581,35.627],[74.597,35.639],[74.609,35.649],[74.623,35.665],[74.62,35.739],[74.625,35.764],[74.634,35.775],[74.648,35.784],[74.657,35.847],[74.67,35.858],[74.711,35.861],[74.734,35.859],[74.75,35.844],[74.741,35.805],[74.743,35.777],[74.755,35.756],[74.767,35.751],[74.793,35.746],[74.82,35.753],[74.827,35.763],[74.827,35.764],[74.84,35.78],[74.858,35.787],[74.872,35.789],[74.887,35.802],[74.894,35.828],[74.915,35.835],[74.933,35.838],[74.947,35.852],[74.966,35.857],[74.979,35.859],[74.979,35.859],[74.983,35.873],[74.98,35.895],[74.977,35.903],[74.957,35.91],[74.949,35.927],[74.951,35.942],[74.948,35.951],[74.93,35.96],[74.918,35.976],[74.919,35.985],[74.899,36.003],[74.899,36.004]]]}},{"type":"Feature","properties":{"name":"Nagar"},"geometry":{"type":"Polygon","coordinates":[[[75.294,36.219],[75.289,36.222],[75.287,36.243],[75.285,36.256],[75.281,36.265],[75.264,36.269],[75.258,36.277],[75.255,36.287],[75.247,36.293],[75.24,36.295],[75.228,36.316],[75.218,36.318],[75.184,36.321],[75.162,36.319],[75.106,36.326],[75.051,36.327],[75.001,36.321],[74.957,36.318],[74.931,36.32],[74.781,36.318],[74.76,36.313],[74.736,36.298],[74.646,36.298],[74.62,36.294],[74.61,36.284],[74.601,36.277],[74.582,36.275],[74.564,36.269],[74.552,36.257],[74.541,36.251],[74.473,36.246],[74.403,36.25],[74.365,36.254],[74.354,36.258],[74.348,36.266],[74.346,36.279],[74.348,36.287],[74.357,36.29],[74.374,36.301],[74.378,36.306],[74.405,36.322],[74.412,36.321],[74.421,36.324],[74.432,36.331],[74.436,36.34],[74.455,36.347],[74.468,36.353],[74.464,36.406],[74.465,36.445],[74.475,36.461],[74.495,36.469],[74.5,36.486],[74.507,36.493],[74.527,36.499],[74.526,36.528],[74.513,36.54],[74.473,36.542],[74.474,36.568],[74.466,36.585],[74.454,36.59],[74.443,36.604],[74.443,36.627],[74.431,36.636],[74.405,36.64],[74.363,36.641],[74.325,36.633],[74.312,36.624],[74.299,36.621],[74.3,36.61],[74.297,36.598],[74.291,36.592],[74.27,36.586],[74.264,36.574],[74.258,36.568],[74.243,36.564],[74.233,36.551],[74.224,36.545],[74.205,36.54],[74.184,36.521],[74.173,36.52],[74.148,36.511],[74.137,36.46],[74.121,36.449],[74.105,36.445],[74.084,36.434],[74.084,36.412],[74.079,36.385],[74.076,36.38],[74.083,36.371],[74.089,36.356],[74.1,36.354],[74.111,36.349],[74.112,36.34],[74.123,36.331],[74.136,36.325],[74.142,36.301],[74.165,36.29],[74.169,36.282],[74.169,36.273],[74.18,36.258],[74.199,36.244],[74.197,36.231],[74.199,36.221],[74.21,36.211],[74.221,36.206],[74.24,36.186],[74.25,36.178],[74.264,36.179],[74.278,36.175],[74.296,36.163],[74.309,36.16],[74.33,36.158],[74.352,36.158],[74.372,36.151],[74.372,36.14],[74.393,36.123],[74.401,36.108],[74.425,36.098],[74.477,36.108],[74.48,36.12],[74.487,36.13],[74.505,36.136],[74.513,36.142],[74.535,36.147],[74.565,36.147],[74.602,36.144],[74.625,36.141],[74.635,36.131],[74.656,36.13],[74.674,36.121],[74.683,36.109],[74.708,36.101],[74.717,36.099],[74.732,36.088],[74.743,36.082],[74.763,36.079],[74.802,36.076],[74.822,36.056],[74.838,36.052],[74.845,36.043],[74.874,36.029],[74.894,36.023],[74.894,36.015],[74.899,36.004],[74.909,36.019],[74.927,36.028],[74.94,36.046],[74.962,36.05],[74.974,36.051],[74.983,36.054],[74.989,36.065],[75.003,36.076],[75.022,36.078],[75.057,36.078],[75.077,36.07],[75.083,36.055],[75.1,36.051],[75.118,36.053],[75.133,36.061],[75.144,36.07],[75.162,36.078],[75.168,36.093],[75.17,36.125],[75.166,36.151],[75.172,36.164],[75.187,36.17],[75.222,36.176],[75.232,36.19],[75.259,36.195],[75.294,36.219]]]}},{"type":"Feature","properties":{"name":"Astore"},"geometry":{"type":"Polygon","coordinates":[[[75.247,34.724],[75.248,34.744],[75.248,34.776],[75.247,34.796],[75.24,34.818],[75.222,34.827],[75.22,34.84],[75.22,34.857],[75.216,34.867],[75.202,34.874],[75.191,34.884],[75.188,34.894],[75.147,34.897],[75.132,34.9],[75.113,34.908],[75.108,34.92],[75.134,34.947],[75.138,34.961],[75.157,34.966],[75.174,34.988],[75.19,34.992],[75.194,35.003],[75.196,35.015],[75.214,35.028],[75.222,35.059],[75.223,35.134],[75.231,35.153],[75.248,35.161],[75.258,35.169],[75.259,35.182],[75.246,35.203],[75.233,35.208],[75.216,35.209],[75.201,35.216],[75.197,35.225],[75.187,35.229],[75.171,35.239],[75.171,35.282],[75.175,35.316],[75.171,35.348],[75.158,35.354],[75.145,35.368],[75.139,35.394],[75.122,35.405],[75.116,35.42],[75.099,35.427],[75.083,35.43],[75.08,35.445],[75.066,35.451],[75.042,35.452],[75.026,35.461],[75.021,35.47],[75.005,35.471],[74.998,35.481],[74.995,35.495],[74.958,35.504],[74.942,35.517],[74.926,35.523],[74.913,35.53],[74.911,35.541],[74.889,35.548],[74.88,35.565],[74.851,35.58],[74.855,35.637],[74.883,35.651],[74.889,35.671],[74.887,35.712],[74.874,35.714],[74.86,35.721],[74.854,35.738],[74.835,35.75],[74.827,35.763],[74.82,35.753],[74.793,35.746],[74.767,35.751],[74.755,35.756],[74.743,35.777],[74.741,35.805],[74.75,35.844],[74.734,35.859],[74.711,35.861],[74.67,35.858],[74.657,35.847],[74.648,35.784],[74.634,35.775],[74.625,35.764],[74.62,35.739],[74.623,35.665],[74.609,35.649],[74.597,35.639],[74.581,35.627],[74.612,35.626],[74.634,35.626],[74.651,35.618],[74.654,35.596],[74.649,35.576],[74.651,35.56],[74.654,35.548],[74.667,35.544],[74.675,35.53],[74.676,35.507],[74.698,35.493],[74.708,35.481],[74.702,35.44],[74.701,35.391],[74.703,35.363],[74.7,35.347],[74.695,35.335],[74.676,35.329],[74.668,35.319],[74.67,35.312],[74.668,35.306],[74.657,35.304],[74.646,35.299],[74.633,35.281],[74.621,35.282],[74.61,35.274],[74.608,35.26],[74.575,35.259],[74.555,35.256],[74.532,35.256],[74.523,35.247],[74.519,35.237],[74.505,35.231],[74.47,35.23],[74.465,35.226],[74.458,35.211],[74.448,35.21],[74.436,35.206],[74.431,35.198],[74.427,35.174],[74.423,35.163],[74.405,35.151],[74.401,35.142],[74.399,35.1],[74.408,35.065],[74.43,35.069],[74.449,35.084],[74.469,35.088],[74.508,35.087],[74.53,35.083],[74.547,35.073],[74.571,35.049],[74.574,35.034],[74.581,35.022],[74.599,35.013],[74.602,34.992],[74.603,34.95],[74.611,34.936],[74.623,34.922],[74.626,34.897],[74.635,34.876],[74.676,34.869],[74.691,34.856],[74.744,34.841],[74.778,34.818],[74.825,34.772],[74.864,34.751],[74.907,34.734],[74.955,34.726],[75.021,34.725],[75.201,34.725],[75.247,34.724]]]}},{"type":"Feature","properties":{"name":"Kharmang"},"geometry":{"type":"Polygon","coordinates":[[[76.538,34.852],[76.52,34.867],[76.521,34.887],[76.519,34.913],[76.493,34.928],[76.489,34.938],[76.492,34.953],[76.49,34.961],[76.481,34.972],[76.47,34.975],[76.461,34.986],[76.459,35.01],[76.451,35.023],[76.436,35.029],[76.431,35.047],[76.431,35.056],[76.426,35.066],[76.411,35.07],[76.371,35.071],[76.345,35.074],[76.338,35.082],[76.319,35.089],[76.306,35.089],[76.29,35.09],[76.284,35.1],[76.268,35.113],[76.246,35.117],[76.208,35.118],[76.199,35.122],[76.192,35.135],[76.189,35.144],[76.19,35.152],[76.173,35.163],[76.121,35.163],[76.078,35.16],[76.029,35.162],[76.014,35.169],[76.008,35.179],[75.986,35.185],[75.984,35.186],[75.964,35.185],[75.943,35.171],[75.929,35.166],[75.874,35.163],[75.848,35.159],[75.833,35.143],[75.828,35.129],[75.827,35.114],[75.822,35.1],[75.806,35.093],[75.795,35.083],[75.785,35.068],[75.764,35.062],[75.758,35.052],[75.752,34.989],[75.765,34.931],[75.773,34.922],[75.788,34.918],[75.797,34.905],[75.808,34.899],[75.817,34.892],[75.817,34.881],[75.82,34.866],[75.833,34.855],[75.848,34.85],[75.865,34.849],[75.877,34.843],[75.879,34.831],[75.928,34.822],[75.935,34.809],[75.953,34.786],[75.965,34.775],[75.971,34.736],[75.985,34.73],[76.002,34.722],[76.008,34.71],[76.008,34.694],[76.017,34.701],[76.037,34.709],[76.066,34.715],[76.108,34.715],[76.132,34.711],[76.152,34.689],[76.182,34.685],[76.298,34.687],[76.329,34.695],[76.345,34.718],[76.371,34.759],[76.394,34.772],[76.428,34.781],[76.48,34.798],[76.5,34.811],[76.521,34.842],[76.528,34.85],[76.538,34.852]]]}},{"type":"Feature","properties":{"name":"Skardu"},"geometry":{"type":"Polygon","coordinates":[[[74.979,35.859],[74.966,35.857],[74.947,35.852],[74.933,35.838],[74.915,35.835],[74.894,35.828],[74.887,35.802],[74.872,35.789],[74.858,35.787],[74.84,35.78],[74.827,35.764],[74.827,35.763],[74.835,35.75],[74.854,35.738],[74.86,35.721],[74.874,35.714],[74.887,35.712],[74.889,35.671],[74.883,35.651],[74.855,35.637],[74.851,35.58],[74.88,35.565],[74.889,35.548],[74.911,35.541],[74.913,35.53],[74.926,35.523],[74.942,35.517],[74.958,35.504],[74.995,35.495],[74.998,35.481],[75.005,35.471],[75.021,35.47],[75.026,35.461],[75.042,35.452],[75.066,35.451],[75.08,35.445],[75.083,35.43],[75.099,35.427],[75.116,35.42],[75.122,35.405],[75.139,35.394],[75.145,35.368],[75.158,35.354],[75.171,35.348],[75.175,35.316],[75.171,35.282],[75.171,35.239],[75.187,35.229],[75.197,35.225],[75.201,35.216],[75.216,35.209],[75.233,35.208],[75.246,35.203],[75.259,35.182],[75.258,35.169],[75.248,35.161],[75.231,35.153],[75.223,35.134],[75.222,35.059],[75.214,35.028],[75.196,35.015],[75.194,35.003],[75.19,34.992],[75.174,34.988],[75.157,34.966],[75.138,34.961],[75.134,34.947],[75.108,34.92],[75.113,34.908],[75.132,34.9],[75.147,34.897],[75.188,34.894],[75.191,34.884],[75.202,34.874],[75.216,34.867],[75.22,34.857],[75.22,34.84],[75.222,34.827],[75.24,34.818],[75.247,34.796],[75.248,34.776],[75.248,34.744],[75.247,34.724],[75.272,34.724],[75.299,34.708],[75.313,34.695],[75.334,34.683],[75.4,34.66],[75.426,34.652],[75.446,34.641],[75.477,34.628],[75.495,34.612],[75.588,34.612],[75.639,34.607],[75.65,34.596],[75.663,34.586],[75.682,34.583],[75.715,34.573],[75.744,34.572],[75.895,34.58],[75.922,34.607],[75.954,34.631],[75.987,34.67],[75.993,34.682],[76.008,34.694],[76.008,34.71],[76.002,34.722],[75.985,34.73],[75.971,34.736],[75.965,34.775],[75.953,34.786],[75.935,34.809],[75.928,34.822],[75.879,34.831],[75.877,34.843],[75.865,34.849],[75.848,34.85],[75.833,34.855],[75.82,34.866],[75.817,34.881],[75.817,34.892],[75.808,34.899],[75.797,34.905],[75.788,34.918],[75.773,34.922],[75.765,34.931],[75.752,34.989],[75.758,35.052],[75.764,35.062],[75.785,35.068],[75.795,35.083],[75.806,35.093],[75.822,35.1],[75.827,35.114],[75.828,35.129],[75.833,35.143],[75.848,35.159],[75.874,35.163],[75.929,35.166],[75.943,35.171],[75.964,35.185],[75.984,35.186],[75.986,35.185],[75.976,35.208],[75.955,35.211],[75.929,35.222],[75.921,35.233],[75.918,35.256],[75.921,35.28],[75.921,35.282],[75.922,35.304],[75.919,35.318],[75.911,35.326],[75.899,35.33],[75.887,35.344],[75.885,35.359],[75.881,35.37],[75.862,35.375],[75.831,35.374],[75.817,35.365],[75.807,35.352],[75.779,35.348],[75.767,35.335],[75.748,35.329],[75.723,35.327],[75.642,35.336],[75.625,35.345],[75.618,35.356],[75.597,35.368],[75.59,35.393],[75.554,35.408],[75.55,35.421],[75.541,35.427],[75.511,35.428],[75.506,35.441],[75.492,35.448],[75.481,35.451],[75.475,35.459],[75.47,35.489],[75.465,35.494],[75.455,35.499],[75.441,35.56],[75.43,35.569],[75.418,35.573],[75.408,35.59],[75.375,35.599],[75.358,35.611],[75.356,35.618],[75.341,35.62],[75.312,35.619],[75.306,35.623],[75.298,35.633],[75.291,35.637],[75.274,35.641],[75.25,35.64],[75.237,35.649],[75.233,35.659],[75.22,35.663],[75.206,35.666],[75.19,35.672],[75.181,35.703],[75.173,35.713],[75.163,35.716],[75.157,35.723],[75.152,35.733],[75.134,35.739],[75.127,35.746],[75.122,35.758],[75.099,35.762],[75.093,35.782],[75.081,35.785],[75.059,35.785],[75.048,35.787],[75.038,35.804],[75.025,35.811],[75.013,35.814],[75.008,35.823],[75.008,35.834],[74.987,35.842],[74.979,35.859]]]}},{"type":"Feature","properties":{"name":"Ghanche"},"geometry":{"type":"Polygon","coordinates":[[[75.921,35.282],[75.921,35.28],[75.918,35.256],[75.921,35.233],[75.929,35.222],[75.955,35.211],[75.976,35.208],[75.986,35.185],[76.008,35.179],[76.014,35.169],[76.029,35.162],[76.078,35.16],[76.121,35.163],[76.173,35.163],[76.19,35.152],[76.189,35.144],[76.192,35.135],[76.199,35.122],[76.208,35.118],[76.246,35.117],[76.268,35.113],[76.284,35.1],[76.29,35.09],[76.306,35.089],[76.319,35.089],[76.338,35.082],[76.345,35.074],[76.371,35.071],[76.411,35.07],[76.426,35.066],[76.431,35.056],[76.431,35.047],[76.436,35.029],[76.451,35.023],[76.459,35.01],[76.461,34.986],[76.47,34.975],[76.481,34.972],[76.49,34.961],[76.492,34.953],[76.489,34.938],[76.493,34.928],[76.519,34.913],[76.521,34.887],[76.52,34.867],[76.538,34.852],[76.549,34.854],[76.707,34.853],[76.767,34.862],[76.785,34.872],[76.8,34.909],[76.819,34.934],[76.852,34.948],[76.887,34.974],[76.906,34.986],[76.929,34.994],[76.958,35.0],[77.006,35.048],[77.054,35.065],[77.079,35.071],[77.109,35.072],[77.139,35.077],[77.184,35.091],[77.215,35.093],[77.275,35.102],[77.301,35.118],[77.331,35.159],[77.373,35.172],[77.408,35.176],[77.448,35.185],[77.496,35.238],[77.502,35.253],[77.537,35.284],[77.573,35.303],[77.602,35.307],[77.733,35.356],[77.745,35.381],[77.771,35.413],[77.797,35.435],[77.815,35.471],[77.809,35.492],[77.803,35.504],[77.75,35.518],[77.73,35.51],[77.715,35.497],[77.694,35.493],[77.659,35.494],[77.626,35.475],[77.59,35.469],[77.404,35.462],[77.375,35.473],[77.369,35.487],[77.361,35.489],[77.349,35.498],[77.345,35.509],[77.31,35.512],[77.284,35.528],[77.24,35.531],[77.216,35.531],[77.189,35.537],[77.178,35.547],[77.16,35.59],[77.15,35.599],[77.135,35.599],[77.13,35.611],[77.116,35.625],[77.068,35.626],[77.035,35.628],[77.024,35.647],[77.019,35.651],[76.986,35.642],[76.954,35.624],[76.94,35.619],[76.931,35.6],[76.912,35.592],[76.909,35.581],[76.903,35.568],[76.891,35.556],[76.872,35.552],[76.871,35.53],[76.874,35.512],[76.863,35.501],[76.851,35.498],[76.84,35.492],[76.835,35.478],[76.825,35.474],[76.805,35.471],[76.787,35.471],[76.762,35.476],[76.749,35.483],[76.745,35.499],[76.734,35.505],[76.724,35.516],[76.718,35.541],[76.707,35.551],[76.69,35.553],[76.689,35.565],[76.681,35.57],[76.668,35.571],[76.656,35.582],[76.653,35.593],[76.636,35.6],[76.634,35.609],[76.62,35.617],[76.605,35.619],[76.603,35.632],[76.59,35.641],[76.577,35.644],[76.569,35.652],[76.567,35.661],[76.56,35.666],[76.55,35.669],[76.541,35.675],[76.538,35.684],[76.527,35.691],[76.471,35.694],[76.45,35.69],[76.443,35.675],[76.426,35.667],[76.377,35.669],[76.367,35.667],[76.36,35.662],[76.356,35.654],[76.347,35.646],[76.328,35.643],[76.317,35.623],[76.307,35.621],[76.298,35.613],[76.293,35.601],[76.263,35.589],[76.254,35.577],[76.234,35.571],[76.225,35.566],[76.212,35.562],[76.197,35.548],[76.195,35.538],[76.18,35.528],[76.146,35.519],[76.13,35.501],[76.079,35.498],[76.076,35.486],[76.07,35.476],[76.053,35.471],[76.047,35.465],[76.042,35.455],[76.015,35.437],[76.015,35.415],[76.006,35.401],[75.991,35.395],[75.99,35.386],[75.985,35.366],[75.987,35.329],[75.98,35.311],[75.967,35.307],[75.953,35.298],[75.943,35.287],[75.93,35.284],[75.921,35.282]]]}},{"type":"Feature","properties":{"name":"Okara","province":"Punjab","areaHa":439722.8,"builtupPct":4.97,"builtupGainHa":2066.2,"vegChangeHa":-1505.8,"netMgC":-9373.5,"netMgCPerHa":-0.0213},"geometry":{"type":"Polygon","coordinates":[[[73.3,30.977],[73.3,30.977],[73.291,30.965],[73.28,30.96],[73.268,30.951],[73.264,30.942],[73.256,30.936],[73.242,30.932],[73.232,30.922],[73.228,30.908],[73.217,30.905],[73.206,30.882],[73.218,30.882],[73.232,30.858],[73.238,30.845],[73.256,30.833],[73.26,30.81],[73.26,30.796],[73.28,30.784],[73.297,30.763],[73.315,30.759],[73.336,30.744],[73.343,30.725],[73.337,30.712],[73.322,30.698],[73.316,30.672],[73.318,30.653],[73.341,30.621],[73.33,30.598],[73.316,30.591],[73.308,30.568],[73.308,30.568],[73.316,30.558],[73.32,30.528],[73.328,30.516],[73.344,30.516],[73.355,30.518],[73.366,30.536],[73.378,30.548],[73.4,30.562],[73.402,30.576],[73.413,30.589],[73.459,30.589],[73.462,30.58],[73.462,30.571],[73.476,30.567],[73.491,30.566],[73.496,30.553],[73.516,30.548],[73.526,30.548],[73.543,30.544],[73.546,30.533],[73.555,30.524],[73.57,30.522],[73.588,30.522],[73.596,30.518],[73.6,30.503],[73.606,30.464],[73.608,30.401],[73.612,30.347],[73.612,30.328],[73.613,30.328],[73.63,30.325],[73.654,30.31],[73.675,30.303],[73.687,30.306],[73.697,30.31],[73.72,30.326],[73.764,30.363],[73.774,30.374],[73.794,30.383],[73.816,30.385],[73.814,30.4],[73.837,30.413],[73.855,30.44],[73.861,30.453],[73.878,30.466],[73.901,30.476],[73.919,30.495],[73.934,30.519],[73.961,30.535],[74.011,30.544],[74.038,30.565],[74.041,30.599],[74.049,30.622],[74.071,30.644],[74.099,30.651],[74.138,30.651],[74.129,30.667],[74.121,30.677],[74.113,30.679],[74.104,30.702],[74.101,30.723],[74.081,30.732],[74.074,30.751],[74.061,30.757],[74.035,30.795],[74.016,30.798],[74.003,30.803],[73.994,30.811],[73.989,30.822],[73.967,30.821],[73.961,30.828],[73.953,30.843],[73.92,30.845],[73.836,30.844],[73.819,30.85],[73.811,30.86],[73.807,30.87],[73.809,30.879],[73.801,30.889],[73.784,30.895],[73.782,30.912],[73.771,30.914],[73.753,30.915],[73.746,30.935],[73.735,30.937],[73.722,30.949],[73.721,30.96],[73.713,30.966],[73.698,30.971],[73.696,30.988],[73.698,31.0],[73.693,31.01],[73.679,31.015],[73.67,31.021],[73.666,31.03],[73.665,31.041],[73.655,31.054],[73.634,31.064],[73.638,31.083],[73.636,31.103],[73.63,31.105],[73.624,31.107],[73.608,31.107],[73.594,31.104],[73.586,31.092],[73.571,31.087],[73.556,31.084],[73.523,31.082],[73.488,31.083],[73.471,31.075],[73.461,31.064],[73.44,31.057],[73.423,31.056],[73.411,31.051],[73.404,31.037],[73.397,31.029],[73.381,31.026],[73.373,31.013],[73.371,31.002],[73.359,30.988],[73.344,30.984],[73.315,30.98],[73.3,30.977]]]}},{"type":"Feature","properties":{"name":"Narowal","province":"Punjab","areaHa":231412.5,"builtupPct":5.64,"builtupGainHa":1688.7,"vegChangeHa":-1556.5,"netMgC":28347.9,"netMgCPerHa":0.1225},"geometry":{"type":"Polygon","coordinates":[[[74.686,31.95],[74.7,31.943],[74.746,31.947],[74.78,31.956],[74.784,31.976],[74.806,32.004],[74.85,32.036],[74.872,32.06],[74.898,32.078],[74.938,32.078],[74.95,32.066],[74.992,32.05],[75.054,32.058],[75.075,32.07],[75.113,32.088],[75.158,32.094],[75.221,32.098],[75.278,32.13],[75.287,32.15],[75.313,32.168],[75.323,32.186],[75.332,32.21],[75.382,32.246],[75.396,32.266],[75.389,32.292],[75.342,32.326],[75.339,32.336],[75.323,32.356],[75.299,32.378],[75.209,32.433],[75.174,32.435],[75.16,32.433],[75.146,32.433],[75.124,32.435],[75.11,32.461],[75.096,32.479],[75.077,32.497],[75.044,32.503],[75.02,32.489],[75.006,32.473],[74.98,32.461],[74.952,32.465],[74.924,32.479],[74.912,32.479],[74.91,32.47],[74.891,32.459],[74.86,32.445],[74.853,32.435],[74.851,32.416],[74.823,32.404],[74.819,32.389],[74.818,32.371],[74.807,32.357],[74.794,32.351],[74.792,32.341],[74.784,32.336],[74.762,32.329],[74.757,32.311],[74.744,32.308],[74.728,32.301],[74.731,32.272],[74.717,32.26],[74.702,32.25],[74.696,32.228],[74.696,32.196],[74.685,32.187],[74.67,32.184],[74.664,32.166],[74.645,32.155],[74.638,32.144],[74.626,32.138],[74.61,32.137],[74.607,32.119],[74.598,32.112],[74.588,32.107],[74.575,32.088],[74.573,32.088],[74.575,32.08],[74.581,32.069],[74.604,32.063],[74.611,32.055],[74.611,32.027],[74.626,32.015],[74.637,32.012],[74.645,31.998],[74.651,31.994],[74.664,31.992],[74.671,31.984],[74.67,31.977],[74.675,31.961],[74.686,31.95]]]}},{"type":"Feature","properties":{"name":"Gujranwala","province":"Punjab","areaHa":362421.7,"builtupPct":7.3,"builtupGainHa":7085.1,"vegChangeHa":-8554.9,"netMgC":-267497.3,"netMgCPerHa":-0.7381},"geometry":{"type":"Polygon","coordinates":[[[74.573,32.088],[74.555,32.086],[74.504,32.092],[74.493,32.097],[74.49,32.109],[74.483,32.116],[74.468,32.119],[74.467,32.15],[74.457,32.162],[74.439,32.163],[74.393,32.161],[74.381,32.169],[74.377,32.181],[74.357,32.184],[74.341,32.184],[74.325,32.186],[74.318,32.196],[74.315,32.205],[74.294,32.21],[74.287,32.225],[74.28,32.233],[74.262,32.237],[74.258,32.246],[74.25,32.255],[74.234,32.262],[74.23,32.275],[74.229,32.289],[74.219,32.305],[74.203,32.305],[74.199,32.314],[74.202,32.378],[74.198,32.392],[74.184,32.401],[74.175,32.41],[74.171,32.439],[74.169,32.466],[74.174,32.496],[74.174,32.508],[74.177,32.52],[74.172,32.52],[74.147,32.514],[74.143,32.504],[74.134,32.498],[74.118,32.494],[74.113,32.484],[74.104,32.473],[74.089,32.47],[74.082,32.457],[74.068,32.449],[74.052,32.449],[74.036,32.444],[74.029,32.434],[74.025,32.423],[74.015,32.419],[74.0,32.416],[73.983,32.396],[73.96,32.393],[73.932,32.376],[73.918,32.372],[73.872,32.372],[73.854,32.375],[73.841,32.351],[73.796,32.341],[73.79,32.323],[73.759,32.315],[73.753,32.303],[73.745,32.3],[73.712,32.298],[73.676,32.298],[73.672,32.256],[73.705,32.228],[73.705,32.212],[73.731,32.179],[73.733,32.136],[73.757,32.124],[73.775,32.108],[73.792,32.095],[73.791,32.051],[73.81,32.037],[73.817,32.019],[73.817,31.991],[73.811,31.964],[73.797,31.952],[73.8,31.933],[73.814,31.936],[73.838,31.938],[73.865,31.935],[73.873,31.925],[73.878,31.909],[73.873,31.892],[73.858,31.887],[73.847,31.873],[73.848,31.858],[73.864,31.84],[73.899,31.837],[73.946,31.838],[74.005,31.843],[74.081,31.845],[74.11,31.838],[74.112,31.818],[74.13,31.815],[74.152,31.82],[74.179,31.857],[74.192,31.864],[74.26,31.868],[74.278,31.873],[74.283,31.883],[74.294,31.89],[74.311,31.893],[74.36,31.894],[74.369,31.903],[74.376,31.916],[74.391,31.92],[74.403,31.928],[74.409,31.938],[74.43,31.946],[74.435,31.953],[74.436,31.964],[74.452,31.972],[74.459,31.981],[74.463,31.993],[74.478,32.006],[74.49,32.01],[74.507,32.013],[74.517,32.019],[74.524,32.046],[74.532,32.063],[74.558,32.071],[74.573,32.088]]]}}]}